CO_IBGE,UF,NOME_MUNICIPIO,POPULACAO_ESTIMADA,QTD_UBS,UBS_POR_10MIL,QTD_LEITOS_SUS,LEITOS_SUS_POR_10MIL,SCORE_UBS,SCORE_LEITOS,DEFICIT_UBS,DEFICIT_LEITOS,IPIS,FAIXA_IPIS
351510,SP,Embu-Guaçu,68913.0,1.0,0.1451105016470042,17.0,2.4668785279990715,2.048370445549642,4.9733814960388205,97.95162955445036,95.02661850396117,96.48912402920577,Alta prioridade
421190,SC,Palhoça,253469.0,24.0,0.9468613518812952,0.0,0.0,13.36583353522482,0.0,86.63416646477518,100.0,93.31708323238759,Alta prioridade
353030,SP,Mirassol,65811.0,7.0,1.06365197307441,0.0,0.0,15.014442381959512,0.0,84.98555761804049,100.0,92.49277880902025,Alta prioridade
410580,PR,Colombo,241672.0,25.0,1.0344599291601841,39.0,1.6137574894898872,14.602369380209797,3.2534360918990854,85.3976306197902,96.74656390810091,91.07209726394555,Alta prioridade
330510,RJ,São João de Meriti,466503.0,22.0,0.4715939661695637,264.0,5.659127594034765,6.656989891408147,11.409155392310337,93.34301010859186,88.59084460768966,90.96692735814077,Alta prioridade
351060,SP,Carapicuíba,398236.0,15.0,0.3766610753422594,258.0,6.478570495886861,5.316923351260151,13.061203565285112,94.68307664873984,86.93879643471489,90.81093654172736,Alta prioridade
430310,RS,Cachoeirinha,141503.0,4.0,0.2826795191621379,101.0,7.1376578588439825,3.990285789394217,14.389964936386237,96.00971421060578,85.61003506361376,90.80987463710977,Alta prioridade
231085,CE,Pindoretama,24919.0,1.0,0.4013002126891127,16.0,6.420803403025803,5.664727818699084,12.944741490864214,94.33527218130092,87.05525850913578,90.69526534521836,Alta prioridade
150070,PA,Anajás,30247.0,1.0,0.330611300294244,21.0,6.942837306179125,4.666887708340082,13.99719450984344,95.33311229165992,86.00280549015656,90.66795889090824,Alta prioridade
351500,SP,Embu das Artes,259788.0,21.0,0.8083514250080834,99.0,3.810799575038108,11.410636375804161,7.682810432899541,88.58936362419584,92.31718956710046,90.45327659564815,Alta prioridade
410600,PR,Congonhinhas,8445.0,1.0,1.1841326228537596,1.0,1.1841326228537596,16.715139433293366,2.3872854737333142,83.28486056670664,97.61271452626669,90.44878754648667,Alta prioridade
350390,SP,Arujá,90273.0,8.0,0.8862007466241291,31.0,3.4340278931684995,12.50955235910294,6.923215142911091,87.49044764089706,93.07678485708891,90.28361624899298,Alta prioridade
150506,PA,Novo Repartimento,63796.0,1.0,0.1567496394758292,56.0,8.777979810646436,2.212667761523645,17.696956646779718,97.78733223847635,82.30304335322029,90.04518779584832,Alta prioridade
352940,SP,Mauá,429014.0,25.0,0.5827315658696453,249.0,5.804006396061666,8.225801052772315,11.701240124084018,91.77419894722769,88.29875987591598,90.03647941157183,Alta prioridade
412550,PR,São José dos Pinhais,349880.0,31.0,0.886018063336001,133.0,3.8013033039899393,12.50697361363621,7.663665356165407,87.4930263863638,92.33633464383459,89.91468051509919,Alta prioridade
351907,SP,Hortolândia,248842.0,23.0,0.9242812708465613,94.0,3.7774973678076855,13.047094573366783,7.615671098985367,86.95290542663322,92.38432890101463,89.66861716382392,Alta prioridade
354730,SP,Santana de Parnaíba,163787.0,14.0,0.854768693486052,74.0,4.518063094140561,12.06585953218677,9.108697949777211,87.93414046781322,90.89130205022279,89.41272125901801,Alta prioridade
352310,SP,Itaquaquecetuba,382983.0,19.0,0.4961055712655653,276.0,7.2065861931208435,7.0029941218515885,14.52892877200054,92.99700587814841,85.47107122799946,89.23403855307393,Alta prioridade
351970,SP,Ibiúna,77801.0,3.0,0.385599156823177,63.0,8.097582293286719,5.443092730716667,16.32523267075878,94.55690726928333,83.67476732924122,89.11583729926227,Alta prioridade
410765,PR,Fazenda Rio Grande,165943.0,14.0,0.8436631855516654,84.0,5.061979113309992,11.90909490125088,10.205266684083922,88.09090509874912,89.79473331591608,88.9428192073326,Alta prioridade
330070,RJ,Cabo Frio,238438.0,3.0,0.125818871153088,241.0,10.107449315964736,1.7760510386032742,20.377250371116844,98.22394896139673,79.62274962888316,88.92334929513994,Alta prioridade
351760,SP,Guapiara,17225.0,1.0,0.5805515239477503,12.0,6.966618287373005,8.195027722157473,14.045138456205173,91.80497227784252,85.95486154379483,88.87991691081868,Alta prioridade
354330,SP,Ribeirão Pires,118954.0,13.0,1.092859424651546,43.0,3.61484271230896,15.426732877281236,7.287749134153934,84.57326712271876,92.71225086584607,88.64275899428242,Alta prioridade
293015,BA,Serra do Ramalho,36252.0,1.0,0.27584684982897495,35.0,9.654639744014125,3.8938362714929515,19.464357936078684,96.10616372850704,80.53564206392132,88.32090289621418,Alta prioridade
330452,RJ,Rio das Ostras,168455.0,14.0,0.8310824849366301,99.0,5.8769404291947405,11.73150654595159,11.848279699279368,88.26849345404841,88.15172030072063,88.21010687738452,Alta prioridade
210750,MA,Paço do Lumiar,153158.0,22.0,1.436425129604722,26.0,1.6975933349873986,20.276484123007446,3.4224544030845516,79.72351587699255,96.57754559691544,88.150530736954,Alta prioridade
292440,BA,Pilão Arcado,37388.0,2.0,0.5349309939017867,30.0,8.0239649085268,7.55105127389336,16.17681541591781,92.44894872610664,83.82318458408218,88.13606665509441,Alta prioridade
230290,CE,Capistrano,17795.0,1.0,0.561955605507165,14.0,7.867378477100309,7.932528941509552,15.861127370581046,92.06747105849045,84.13887262941896,88.1031718439547,Alta prioridade
230650,CE,Itapiúna,18197.0,1.0,0.5495411331538166,15.0,8.243116997307249,7.75728705358919,16.618639741999647,92.2427129464108,83.38136025800036,87.81203660220558,Alta prioridade
430930,RS,Guaíba,95946.0,6.0,0.6253517603652055,75.0,7.816897004565068,8.82742495867441,15.759353562689823,91.17257504132559,84.24064643731018,87.70661073931788,Alta prioridade
355250,SP,Suzano,320261.0,26.0,0.8118378447578695,209.0,6.525927290553643,11.4598504512514,13.156677827043156,88.5401495487486,86.84332217295685,87.69173586085273,Alta prioridade
150655,PA,Santa Luzia do Pará,21295.0,1.0,0.46959380136182205,19.0,8.922282225874618,6.628755694489903,17.987879346695415,93.3712443055101,82.01212065330458,87.69168247940735,Alta prioridade
350410,SP,Atibaia,167161.0,19.0,1.1366287591005078,72.0,4.30722477132824,16.044577968360365,8.683634696183944,83.95542203163964,91.31636530381606,87.63589366772786,Alta prioridade
355100,SP,São Vicente,338326.0,31.0,0.9162760178053121,200.0,5.91145817938911,12.934092939765307,11.917869643880659,87.0659070602347,88.08213035611934,87.57401870817702,Alta prioridade
420320,SC,Camboriú,117324.0,14.0,1.1932767379223348,47.0,4.006000477310695,16.844217169532875,8.076347668054774,83.15578283046713,91.92365233194522,87.53971758120618,Alta prioridade
350920,SP,Cajamar,98365.0,12.0,1.2199461190464087,41.0,4.16814924007523,17.220680426675646,8.403249721474012,82.77931957332436,91.59675027852599,87.18803492592517,Alta prioridade
354780,SP,Santo André,782048.0,37.0,0.47311673963746476,740.0,9.462334792749294,6.678485263083611,19.076659119391138,93.32151473691638,80.92334088060886,87.12242780876262,Alta prioridade
354580,SP,Santa Bárbara d'Oeste,189456.0,19.0,1.0028713791064943,110.0,5.806097457984968,14.15646745296579,11.705455835785418,85.84353254703421,88.29454416421459,87.0690383556244,Alta prioridade
354870,SP,São Bernardo do Campo,841154.0,38.0,0.45176031975119896,816.0,9.700958445183641,6.377019422767025,19.557739336379683,93.62298057723298,80.44226066362032,87.03262062042666,Alta prioridade
150553,PA,Parauapebas,305771.0,27.0,0.8830137586625284,205.0,6.7043637231784565,12.464565043389944,13.51641684222492,87.53543495661006,86.48358315777509,87.00950905719257,Alta prioridade
211120,MA,São José de Ribamar,259164.0,37.0,1.4276674229445447,77.0,2.971091663965674,20.15286090284149,5.98990673310025,79.8471390971585,94.01009326689974,86.92861618202912,Alta prioridade
354100,SP,Praia Grande,368539.0,32.0,0.8682934506253069,257.0,6.973481775334496,12.256774128255623,14.058975677470237,87.74322587174437,85.94102432252976,86.84212509713706,Alta prioridade
240360,RN,Extremoz,68584.0,10.0,1.4580660212294412,20.0,2.9161320424588824,20.581965547964902,5.87910469662832,79.4180344520351,94.12089530337168,86.7694648777034,Alta prioridade
352520,SP,Jarinu,40007.0,5.0,1.249781288274552,18.0,4.499212637788387,17.641831743715162,9.070694250061267,82.35816825628484,90.92930574993873,86.6437370031118,Alta prioridade
320130,ES,Cariacica,376200.0,39.0,1.036682615629984,227.0,6.034024455077087,14.633744678501692,12.164970926179876,85.3662553214983,87.83502907382012,86.60064219765921,Alta prioridade
410180,PR,Araucária,162247.0,19.0,1.1710540102436409,83.0,5.115656992116958,16.530522584510575,10.313484647058255,83.46947741548942,89.68651535294174,86.57799638421558,Alta prioridade
355645,SP,Vargem Grande Paulista,52352.0,10.0,1.9101466992665037,0.0,0.0,26.96350712755243,0.0,73.03649287244757,100.0,86.51824643622379,Alta prioridade
353440,SP,Osasco,759524.0,38.0,0.5003133541533908,751.0,9.887771814978855,7.062390912648151,19.934366781147215,92.93760908735185,80.06563321885278,86.50162115310232,Alta prioridade
355170,SP,Sertãozinho,132176.0,14.0,1.059193802203123,79.0,5.976879312431909,14.951511130600673,12.049762742317434,85.04848886939932,87.95023725768257,86.49936306354095,Alta prioridade
520025,GO,Águas Lindas de Goiás,245352.0,34.0,1.385764126642538,91.0,3.7089569271903224,19.56135668542145,7.477489281263994,80.43864331457854,92.522510718736,86.48057701665726,Alta prioridade
351300,SP,Cotia,289493.0,32.0,1.1053807864093432,165.0,5.699619679923176,15.60348360911386,11.490789971560082,84.39651639088613,88.50921002843992,86.45286320966304,Alta prioridade
430920,RS,Gravataí,275430.0,31.0,1.1255128344769996,155.0,5.627564172384998,15.887666296115299,11.345521558944432,84.1123337038847,88.65447844105557,86.38340607247014,Alta prioridade
522045,GO,Senador Canedo,175042.0,24.0,1.3710995075467602,70.0,3.999040230344717,19.35435187177877,8.062315374581235,80.64564812822123,91.93768462541877,86.29166637681999,Alta prioridade
522185,GO,Valparaíso de Goiás,218416.0,40.0,1.8313676653725002,19.0,0.8698996410519375,25.85146738593555,1.7537721169139573,74.14853261406445,98.24622788308605,86.19738024857526,Alta prioridade
430060,RS,Alvorada,194062.0,20.0,1.0305984685306757,126.0,6.492770351743258,14.547861251987765,13.089831363355051,85.45213874801223,86.91016863664495,86.18115369232859,Alta prioridade
355240,SP,Sumaré,291116.0,27.0,0.9274653402767281,211.0,7.247969881421838,13.092040691279031,14.612360877512826,86.90795930872096,85.38763912248717,86.14779921560407,Alta prioridade
355620,SP,Valinhos,132258.0,16.0,1.2097566876861892,70.0,5.292685508627077,17.076847073346034,10.670385215241788,82.92315292665397,89.3296147847582,86.12638385570608,Alta prioridade
352140,SP,Iracemápolis,22500.0,4.0,1.777777777777778,3.0,1.3333333333333335,25.094996002517778,2.688083443423712,74.90500399748223,97.31191655657629,86.10846027702925,Alta prioridade
411820,PR,Paranaguá,150104.0,13.0,0.8660661941054203,116.0,7.727975270479134,12.225334319432609,15.58008178182213,87.7746656805674,84.41991821817787,86.09729194937263,Alta prioridade
280560,SE,Porto da Folha,27348.0,2.0,0.7313149041977475,24.0,8.775778850372971,10.323193836051079,17.692519373126668,89.67680616394892,82.30748062687333,85.99214339541112,Alta prioridade
330227,RJ,Japeri,102171.0,16.0,1.5660020945278015,30.0,2.9362539272396275,22.10558416993667,5.919671675625521,77.89441583006334,94.08032832437448,85.98737207721891,Alta prioridade
291910,BA,Lamarão,9303.0,1.0,1.074922068150059,6.0,6.449532408900354,15.173530314324676,13.002660964642269,84.82646968567532,86.99733903535773,85.91190436051653,Alta prioridade
411570,PR,Matinhos,42063.0,7.0,1.6641704110500917,10.0,2.3773863015001306,23.491321769705856,4.792959566763625,76.50867823029415,95.20704043323637,85.85785933176527,Alta prioridade
352050,SP,Indaiatuba,269657.0,17.0,0.6304305098699459,260.0,9.641878386246232,8.899116257841486,19.438630240180075,91.10088374215852,80.56136975981993,85.83112675098923,Alta prioridade
431340,RS,Novo Hamburgo,235802.0,9.0,0.3816761520258522,270.0,11.450284560775566,5.387715849006634,23.08449026273321,94.61228415099336,76.91550973726679,85.76389694413007,Alta prioridade
420455,SC,Correia Pinto,16253.0,1.0,0.6152710268873438,16.0,9.844336430197501,8.685125977614131,19.84679832713009,91.31487402238587,80.15320167286991,85.73403784762789,Alta prioridade
130230,AM,Jutaí,28202.0,2.0,0.7091695624423799,26.0,9.21920431175094,10.010591625711827,18.586492853968647,89.98940837428817,81.41350714603135,85.70145776015977,Alta prioridade
280140,SE,Carira,20314.0,4.0,1.9690853598503495,1.0,0.4922713399625874,27.795481444159197,0.9924498289690773,72.2045185558408,99.00755017103093,85.60603436343587,Alta prioridade
355650,SP,Várzea Paulista,119655.0,14.0,1.170030504366721,73.0,6.100873344197902,16.51607484182253,12.299742470222574,83.48392515817747,87.70025752977743,85.59209134397744,Alta prioridade
350160,SP,Americana,247571.0,26.0,1.0502037799257586,172.0,6.947501928739634,14.82460855822461,14.006598680849486,85.17539144177539,85.99340131915051,85.58439638046295,Alta prioridade
220150,PI,Batalha,27129.0,2.0,0.7372184746949758,25.0,9.215230933687199,10.406528254942126,18.578482275127943,89.59347174505787,81.42151772487206,85.50749473496496,Alta prioridade
355480,SP,Tremembé,53426.0,11.0,2.0589226219443715,0.0,0.0,29.063618419042918,0.0,70.93638158095709,100.0,85.46819079047854,Alta prioridade
350650,SP,Birigui,123340.0,13.0,1.053997081238852,87.0,7.053672774444624,14.878154553949344,14.220645750234892,85.12184544605066,85.7793542497651,85.45059984790788,Alta prioridade
330350,RJ,Nova Iguaçu,843220.0,64.0,0.7589952799981026,774.0,9.179099167477053,10.713928228583763,18.505638373229583,89.28607177141623,81.49436162677041,85.39021669909332,Alta prioridade
317120,MG,Vespasiano,138583.0,22.0,1.587496301855206,48.0,3.463628294956813,22.40899500885083,6.982891405385483,77.59100499114916,93.01710859461451,85.30405679288184,Alta prioridade
211245,MA,Turilândia,33219.0,2.0,0.6020650832354978,35.0,10.53613895662121,8.49871173209082,21.24151551517879,91.50128826790917,78.75848448482121,85.12988637636519,Alta prioridade
330045,RJ,Belford Roxo,518384.0,58.0,1.1188616932621376,359.0,6.925368066915645,15.793779217378281,13.961975430218414,84.20622078262171,86.03802456978158,85.12212267620166,Alta prioridade
352100,SP,Iperó,38277.0,6.0,1.5675209655929148,15.0,3.918802413982287,22.127024455547062,7.900550915305995,77.87297554445294,92.099449084694,84.98621231457346,Alta prioridade
350710,SP,Bom Jesus dos Perdões,22579.0,3.0,1.328668231542584,13.0,5.757562336684529,18.755394727068847,11.607605993791216,81.24460527293115,88.39239400620879,84.81849963956998,Alta prioridade
412440,PR,Santo Antônio do Sudoeste,24980.0,2.0,0.800640512409928,24.0,9.607686148919136,11.30178963283927,19.369696549890637,88.69821036716073,80.63030345010937,84.66425690863505,Alta prioridade
352250,SP,Itapevi,242995.0,16.0,0.6584497623407889,260.0,10.699808638037819,9.294634211512992,21.571483835783607,90.705365788487,78.42851616421639,84.5669409763517,Alta prioridade
421800,SC,Tijucas,58695.0,9.0,1.533350370559673,27.0,4.600051111679019,21.644674548555454,9.273990924155406,78.35532545144454,90.72600907584459,84.54066726364456,Alta prioridade
354520,SP,Salto,141111.0,13.0,0.9212605679217071,126.0,8.929140889087314,13.004454526465778,18.001706840964967,86.99554547353422,81.99829315903503,84.49691931628462,Alta prioridade
411750,PR,Paiçandu,48695.0,7.0,1.4375192524899887,26.0,5.339357223534244,20.291928690812966,10.7644783133304,79.70807130918703,89.2355216866696,84.47179649792832,Alta prioridade
350840,SP,Cabreúva,48654.0,8.0,1.644263575451145,19.0,3.905125991696469,23.210318167330538,7.872978392072161,76.78968183266946,92.12702160792784,84.45835172029865,Alta prioridade
352440,SP,Jacareí,250952.0,19.0,0.7571168988491823,254.0,10.121457489878543,10.687413121908122,20.405491726394573,89.31258687809188,79.59450827360543,84.45354757584866,Alta prioridade
355700,SP,Votorantim,133510.0,19.0,1.4231143734551719,74.0,5.542655980825406,20.088590351053007,11.174341330987641,79.911409648947,88.82565866901236,84.36853415897968,Alta prioridade
230370,CE,Caucaia,378406.0,54.0,1.4270386833189748,213.0,5.628874806424846,20.143985654996943,11.348163879191608,79.85601434500306,88.6518361208084,84.25392523290573,Alta prioridade
351880,SP,Guarulhos,1349100.0,74.0,0.5485138240308354,1597.0,11.837521310503298,7.7427856245259985,23.865183784454455,92.257214375474,76.13481621554554,84.19601529550977,Alta prioridade
351130,SP,Cedral,13314.0,3.0,2.253267237494367,0.0,0.0,31.806974428608044,0.0,68.19302557139196,100.0,84.09651278569598,Alta prioridade
432300,RS,Viamão,231996.0,24.0,1.034500594837842,198.0,8.534629907412198,14.60294341428257,17.206348012397683,85.39705658571742,82.79365198760232,84.09535428665987,Alta prioridade
430470,RS,Carazinho,63670.0,1.0,0.15705983979896343,94.0,14.76362494110256,2.2170465291999766,29.764391826821374,97.78295347080002,70.23560817317863,84.00928082198934,Alta prioridade
355670,SP,Vinhedo,79089.0,9.0,1.1379585024466108,63.0,7.9657095171262755,16.063348539334957,16.059368901082376,83.93665146066505,83.94063109891762,83.93864127979134,Alta prioridade
130406,AM,Tabatinga,73348.0,8.0,1.090690952718547,61.0,8.316518514478922,15.39612286788051,16.766621794273163,84.6038771321195,83.23337820572684,83.91862766892316,Alta prioridade
260310,PE,Cachoeirinha,20673.0,1.0,0.4837227301310889,26.0,12.57679098340831,6.828198738168746,25.355597710425375,93.17180126183125,74.64440228957463,83.90810177570293,Alta prioridade
350700,SP,Boituva,63850.0,10.0,1.5661707126076743,32.0,5.011746280344558,22.107964371834374,10.103994149125933,77.89203562816563,89.89600585087406,83.89402073951985,Alta prioridade
352730,SP,Louveira,54865.0,7.0,1.2758589264558462,39.0,7.108356875968286,18.00994199579217,14.330892321178087,81.99005800420784,85.66910767882192,83.82958284151488,Alta prioridade
352690,SP,Limeira,301292.0,34.0,1.1284733746664366,246.0,8.164836769645394,15.929457089738609,16.460821904055695,84.0705429102614,83.53917809594431,83.80486050310284,Alta prioridade
150795,PA,Tailândia,75290.0,10.0,1.3281976358082084,51.0,6.773807942621862,18.748751828152805,13.656420734620397,81.2512481718472,86.3435792653796,83.7974137186134,Alta prioridade
420200,SC,Balneário Camboriú,151674.0,18.0,1.1867558052138139,118.0,7.779843611957224,16.75216810564055,15.684651604295958,83.24783189435945,84.31534839570404,83.78159014503174,Alta prioridade
240380,RN,Florânia,10556.0,1.0,0.9473285335354301,10.0,9.473285335354301,13.372428241205236,19.098736098595907,86.62757175879476,80.90126390140409,83.76441783009943,Alta prioridade
315080,MG,Piranga,17358.0,1.0,0.5761032377001959,21.0,12.098167991704113,8.132236001507229,24.39066380569389,91.86776399849278,75.60933619430611,83.73855009639945,Alta prioridade
411510,PR,Mariluz,9910.0,2.0,2.0181634712411705,2.0,2.0181634712411705,28.48826488681382,4.068743859874437,71.51173511318618,95.93125614012557,83.72149562665587,Alta prioridade
353180,SP,Monte Mor,67832.0,12.0,1.7690765420450525,26.0,3.832999174430947,24.972169922307312,7.7275662145834385,75.02783007769268,92.27243378541657,83.65013193155463,Alta prioridade
130068,AM,Boa Vista do Ramos,26479.0,3.0,1.1329732995959063,22.0,8.308470863703313,15.992977738679235,16.750397226666884,84.00702226132077,83.24960277333312,83.62831251732695,Alta prioridade
354500,SP,Salesópolis,15381.0,2.0,1.300305571809375,11.0,7.151680644951564,18.355029258716918,14.418235750761083,81.64497074128309,85.58176424923892,83.613367495261,Alta prioridade
320470,ES,São Gabriel da Palha,34272.0,5.0,1.4589169000933706,21.0,6.127450980392156,20.593976498914927,12.35332464808691,79.40602350108507,87.64667535191309,83.52634942649908,Alta prioridade
351380,SP,Diadema,403579.0,21.0,0.5203442200907381,514.0,12.736044244125685,7.345145319249545,25.676662250509587,92.65485468075046,74.3233377494904,83.48909621512044,Alta prioridade
150110,PA,Bagre,35147.0,6.0,1.7071158278089167,16.0,4.552308874157112,24.097536492018516,9.177739585479427,75.90246350798148,90.82226041452057,83.36236196125103,Alta prioridade
315780,MG,Santa Luzia,230382.0,36.0,1.5626220798499884,129.0,5.599395786129124,22.057872101595823,11.288732329402649,77.94212789840418,88.71126767059735,83.32669778450077,Alta prioridade
240325,RN,Parnamirim,271713.0,32.0,1.1777132489060147,229.0,8.428010437483668,16.624523966292372,16.991396488501557,83.37547603370763,83.00860351149845,83.19203977260304,Alta prioridade
410700,PR,Curiúva,13784.0,1.0,0.7254788160185722,16.0,11.607661056297156,10.240811993192287,23.401771126729933,89.75918800680772,76.59822887327007,83.17870844003889,Alta prioridade
410370,PR,Cambé,110923.0,13.0,1.171984169198453,95.0,8.564499697988694,16.543652648090227,17.26656737952809,83.45634735190977,82.73343262047192,83.09488998619085,Alta prioridade
330490,RJ,São Gonçalo,960196.0,131.0,1.3643047877724963,699.0,7.279763714908206,19.258438047393746,14.676459235561081,80.74156195260625,85.32354076443892,83.03255135852258,Alta prioridade
521250,GO,Luziânia,221262.0,39.0,1.7626162648805488,100.0,4.5195288843091,24.88097706814698,9.1116530744899,75.11902293185302,90.8883469255101,83.00368492868157,Alta prioridade
355560,SP,Uchoa,10670.0,2.0,1.8744142455482662,4.0,3.7488284910965324,26.459110124491563,7.557872849363763,73.54088987550844,92.44212715063624,82.99150851307235,Alta prioridade
312980,MG,Ibirité,179582.0,29.0,1.6148611776235926,100.0,5.5684868193916985,22.795275823360424,11.226417918097493,77.20472417663957,88.7735820819025,82.98915312927105,Alta prioridade
352430,SP,Jaboticabal,73473.0,12.0,1.6332530317259402,41.0,5.580281191730295,23.05489404502266,11.250196110854208,76.94510595497734,88.7498038891458,82.84745492206156,Alta prioridade
350960,SP,Campo Limpo Paulista,79781.0,10.0,1.253431268096414,66.0,8.272646369436332,17.69335462254954,16.678172804235814,82.30664537745047,83.32182719576419,82.81423628660733,Alta prioridade
352850,SP,Mairiporã,97835.0,18.0,1.8398323708284356,41.0,4.190729289109214,25.970954620073844,8.448772513443975,74.02904537992616,91.55122748655603,82.79013643324109,Alta prioridade
354990,SP,São José dos Campos,727078.0,40.0,0.5501473019400944,962.0,13.231042611659271,7.765843692927716,26.674609937726185,92.23415630707228,73.32539006227381,82.77977318467305,Alta prioridade
150470,PA,Moju,91760.0,15.0,1.6346992153443767,52.0,5.6669572798605055,23.075308279342167,11.424940528936874,76.92469172065783,88.57505947106313,82.74987559586049,Alta prioridade
412085,PR,Quatro Pontes,4672.0,1.0,2.1404109589041096,1.0,2.1404109589041096,30.213902507312174,4.315202445564606,69.78609749268783,95.68479755443539,82.73544752356162,Alta prioridade
351630,SP,Francisco Morato,171476.0,14.0,0.8164407847162286,196.0,11.430170986027198,11.524825253669755,23.043940037281345,88.47517474633024,76.95605996271865,82.71561735452445,Alta prioridade
260960,PE,Olinda,364717.0,54.0,1.4806000268701485,249.0,6.827211235012352,20.900054112544172,13.76408511419479,79.09994588745583,86.23591488580522,82.66793038663053,Alta prioridade
315390,MG,Raposos,16796.0,4.0,2.3815194093831864,1.0,0.5953798523457966,33.617373782844126,1.2003230427290925,66.38262621715587,98.7996769572709,82.59115158721339,Alta prioridade
351570,SP,Ferraz de Vasconcelos,186479.0,14.0,0.7507547766772665,225.0,12.065701768027498,10.597605817267759,24.325209866942192,89.40239418273224,75.67479013305781,82.53859215789502,Alta prioridade
352590,SP,Jundiaí,463039.0,40.0,0.8638581199423806,525.0,11.338137824243747,12.194165287516816,22.858395423454322,87.80583471248319,77.14160457654567,82.47371964451443,Alta prioridade
320520,ES,Vila Velha,506779.0,36.0,0.7103688195446141,630.0,12.431454342030747,10.027520261316765,25.062589945867998,89.97247973868323,74.937410054132,82.45494489640762,Alta prioridade
353110,SP,Mongaguá,64845.0,11.0,1.6963528413910094,36.0,5.551700208188758,23.945606872631465,11.19257505936313,76.05439312736854,88.80742494063688,82.43090903400271,Alta prioridade
150020,PA,Acará,63110.0,11.0,1.7429884328949452,33.0,5.2289652986848365,24.60391186271252,10.541921284223875,75.39608813728748,89.45807871577613,82.4270834265318,Alta prioridade
420950,SC,Laurentino,8605.0,2.0,2.3242300987797795,1.0,1.1621150493898897,32.808681583768156,2.3428966677138687,67.19131841623184,97.65710333228613,82.42421087425899,Alta prioridade
431140,RS,Lajeado,96879.0,3.0,0.30966463320224197,148.0,15.276788571310604,4.371205911936409,30.79896182041846,95.62879408806359,69.20103817958154,82.41491613382257,Alta prioridade
355280,SP,Taboão da Serra,285307.0,15.0,0.5257494558493132,393.0,13.774635743252007,7.42144527723623,27.770527710471143,92.57855472276377,72.22947228952886,82.40401350614631,Alta prioridade
351830,SP,Guararema,32620.0,4.0,1.226241569589209,29.0,8.890251379521766,17.309546598916306,17.923303155875455,82.69045340108369,82.07669684412454,82.38357512260411,Alta prioridade
420130,SC,Araquari,52079.0,13.0,2.496207684479349,0.0,0.0,35.236306048198166,0.0,64.76369395180183,100.0,82.38184697590091,Alta prioridade
315460,MG,Ribeirão das Neves,346971.0,72.0,2.075101377348539,104.0,2.9973686561701123,29.291996682776656,6.042882793866044,70.70800331722334,93.95711720613396,82.33256026167865,Alta prioridade
280480,SE,Nossa Senhora do Socorro,204081.0,43.0,2.107006531720248,57.0,2.793008658326841,29.742367776074136,5.630880248840592,70.25763222392587,94.3691197511594,82.31337598754263,Alta prioridade
351030,SP,Capela do Alto,23777.0,6.0,2.523447028641124,0.0,0.0,35.62081486667683,0.0,64.37918513332318,100.0,82.18959256666159,Alta prioridade
293200,BA,Uauá,25449.0,3.0,1.1788282447247436,24.0,9.430625957797949,16.640263175075148,19.01273212370891,83.35973682492485,80.98726787629109,82.17350235060798,Alta prioridade
110080,RO,Candeias do Jamari,24313.0,4.0,1.645210381277506,15.0,6.169538929790646,23.223683217071116,12.438176588046211,76.77631678292889,87.56182341195378,82.16907009744133,Alta prioridade
293070,BA,Simões Filho,120419.0,19.0,1.577824097526138,80.0,6.643469884320581,22.27246279880324,13.393651052194647,77.72753720119675,86.60634894780536,82.16694307450106,Alta prioridade
330285,RJ,Mesquita,178830.0,27.0,1.509813789632612,129.0,7.213554772689146,21.312433696149345,14.542977864521841,78.68756630385066,85.45702213547816,82.0722942196644,Alta prioridade
150030,PA,Afuá,40473.0,6.0,1.4824697946779335,30.0,7.412348973389667,20.926447633854046,14.943759414185633,79.07355236614595,85.05624058581436,82.06489647598016,Alta prioridade
350950,SP,Campinas,1187974.0,69.0,0.5808207923742439,1636.0,13.771345164119754,8.198828697831107,27.76389369700763,91.8011713021689,72.23610630299237,82.01863880258063,Alta prioridade
353940,SP,Piratininga,15657.0,1.0,0.6386919588682378,21.0,13.412531136232994,9.015734336984254,27.040502161284703,90.98426566301575,72.9594978387153,81.97188175086552,Alta prioridade
520800,GO,Formosa,121559.0,21.0,1.7275561661415446,71.0,5.840785133145222,24.386070984438934,11.775388359752274,75.61392901556107,88.22461164024773,81.9192703279044,Alta prioridade
352350,SP,Itatinga,19462.0,4.0,2.055287226389888,7.0,3.5967526461823036,29.01230141078255,7.2512784287198055,70.98769858921744,92.7487215712802,81.86821008024882,Alta prioridade
310670,MG,Betim,431433.0,43.0,0.9966785109159475,475.0,11.009820760118025,14.069049326567477,22.196487675251948,85.93095067343252,77.80351232474806,81.86723149909028,Alta prioridade
350660,SP,Biritiba Mirim,30564.0,6.0,1.9630938358853554,13.0,4.253369977751603,27.71090547981203,8.575060061962175,72.28909452018797,91.42493993803782,81.8570172291129,Alta prioridade
330320,RJ,Nilópolis,155500.0,17.0,1.0932475884244373,161.0,10.353697749196142,15.432212171966315,20.873702623370622,84.56778782803369,79.12629737662938,81.84704260233153,Alta prioridade
355220,SP,Sorocaba,762172.0,33.0,0.43297313467301346,1142.0,14.983494539290342,6.111820734646986,30.207662696771976,93.88817926535302,69.79233730322802,81.84025828429051,Alta prioridade
330414,RJ,Queimados,149135.0,23.0,1.5422268414523754,111.0,7.442920843531029,21.769974236937923,15.005394217656754,78.23002576306207,84.99460578234324,81.61231577270266,Alta prioridade
350635,SP,Bertioga,67436.0,7.0,1.0380212349486921,74.0,10.973367340886174,14.652640542130872,22.122995300731954,85.34735945786913,77.87700469926804,81.6121820785686,Alta prioridade
410960,PR,Guaratuba,44913.0,7.0,1.5585687885467459,33.0,7.347538574577516,22.000656104004126,14.813097594179162,77.99934389599588,85.18690240582083,81.59312315090835,Alta prioridade
353860,SP,Piracaia,26795.0,3.0,1.1196118678857996,28.0,10.449710766934128,15.804368633793148,21.067270875871596,84.19563136620685,78.9327291241284,81.56418024516762,Alta prioridade
350310,SP,Arandu,7076.0,1.0,1.4132278123233464,6.0,8.479366873940078,19.94903229425699,17.094934278415348,80.050967705743,82.90506572158465,81.47801671366383,Alta prioridade
351870,SP,Guarujá,294871.0,24.0,0.8139152375106402,375.0,12.717425586103754,11.489174792841274,25.63912587073395,88.51082520715873,74.36087412926605,81.4358496682124,Alta prioridade
411400,PR,Mamborê,13551.0,3.0,2.2138587558113794,4.0,2.9518116744151723,31.250686852814365,5.951037067575187,68.74931314718563,94.04896293242481,81.39913803980522,Alta prioridade
312410,MG,Esmeraldas,93103.0,17.0,1.8259347174634546,53.0,5.692620001503711,25.774776245027148,11.476678181808591,74.22522375497286,88.5233218181914,81.37427278658214,Alta prioridade
130420,AM,Tefé,80137.0,9.0,1.1230767310979948,86.0,10.731622097158615,15.853278418551511,21.635621760339095,84.14672158144849,78.36437823966091,81.25554991055469,Alta prioridade
330170,RJ,Duque de Caxias,866225.0,83.0,0.9581806112730527,1032.0,11.913763744985426,13.525615467892852,24.018893303817748,86.47438453210715,75.98110669618225,81.22774561414471,Alta prioridade
290270,BA,Barra,53642.0,2.0,0.3728421759069386,86.0,16.03221356399836,5.263016014099492,32.32194588211279,94.73698398590051,67.6780541178872,81.20751905189385,Alta prioridade
351490,SP,Elias Fausto,18168.0,4.0,2.2016732716864817,6.0,3.3025099075297226,31.078677347900154,6.658066653130065,68.92132265209985,93.34193334686994,81.13162799948489,Alta prioridade
353340,SP,Nova Odessa,64596.0,7.0,1.083658430862592,72.0,11.14620100315809,15.29685224470768,22.471438780246523,84.70314775529232,77.52856121975347,81.1158544875229,Alta prioridade
500520,MS,Ladário,22425.0,6.0,2.6755852842809364,0.0,0.0,37.76838863255183,0.0,62.23161136744817,100.0,81.11580568372409,Alta prioridade
320500,ES,Serra,579720.0,43.0,0.7417373904643622,785.0,13.541019802663355,10.470316977349388,27.29954335395898,89.52968302265062,72.70045664604102,81.11506983434582,Alta prioridade
220040,PI,Altos,50094.0,8.0,1.5969976444284744,38.0,7.585738811035253,22.543115345416613,15.293324178060402,77.45688465458339,84.7066758219396,81.0817802382615,Alta prioridade
355030,SP,São Paulo,11904961.0,649.0,0.5451508828966345,17800.0,14.951749946933887,7.6953145652212935,30.143663611923255,92.3046854347787,69.85633638807674,81.08051091142772,Alta prioridade
330455,RJ,Rio de Janeiro,6730729.0,396.0,0.5883463737731827,9870.0,14.664087649346751,8.305059317587789,29.563718417342354,91.69494068241221,70.43628158265764,81.06561113253493,Alta prioridade
315670,MG,Sabará,134576.0,22.0,1.6347639995244323,99.0,7.3564379978599455,23.076222768633148,14.831039388465298,76.92377723136686,85.1689606115347,81.04636892145078,Alta prioridade
150040,PA,Alenquer,75882.0,6.0,0.7907013520993121,101.0,13.310139427005087,11.16148908944117,26.834074067545156,88.83851091055882,73.16592593245484,81.00221842150683,Alta prioridade
150230,PA,Capitão Poço,60318.0,15.0,2.4868198547697205,9.0,1.4920919128618324,35.10378805186573,3.0081506752727307,64.89621194813427,96.99184932472727,80.94403063643077,Alta prioridade
314430,MG,Nanuque,35263.0,3.0,0.8507500779854238,46.0,13.044834529109831,12.009133015979566,26.299202789926568,87.99086698402043,73.70079721007343,80.84583209704692,Alta prioridade
290600,BA,Campo Formoso,75112.0,8.0,1.0650761529449355,87.0,11.582703163276173,15.03454601279822,23.351454452470602,84.96545398720178,76.6485455475294,80.8069997673656,Alta prioridade
355400,SP,Tatuí,129130.0,21.0,1.6262681019128011,99.0,7.666692480446062,22.956295228044702,15.456531841881096,77.0437047719553,84.5434681581189,80.7935864650371,Alta prioridade
240280,RN,Coronel Ezequiel,5233.0,1.0,1.9109497420217847,3.0,5.732849226065354,26.974842827090097,11.557782816173038,73.0251571729099,88.44221718382695,80.73368717836843,Alta prioridade
150490,PA,Muaná,49648.0,7.0,1.4099258781824042,46.0,9.26522719948437,19.902422405719012,18.679277875869733,80.09757759428099,81.32072212413027,80.70914985920564,Alta prioridade
353390,SP,Olímpia,56874.0,8.0,1.4066181383408938,53.0,9.318845166508423,19.855730564287718,18.78737505294028,80.14426943571229,81.21262494705972,80.678447191386,Alta prioridade
220170,PI,Bertolínia,5715.0,1.0,1.7497812773403323,4.0,6.999125109361329,24.699799215076546,14.110674243694024,75.30020078492345,85.88932575630598,80.59476327061472,Alta prioridade
314480,MG,Nova Lima,120959.0,22.0,1.8187981051430648,79.0,6.531138650286461,25.674036287598064,13.16718425440479,74.32596371240194,86.83281574559521,80.57938972899858,Alta prioridade
280670,SE,São Cristóvão,101213.0,22.0,2.1736338217422664,41.0,4.050863031428769,30.682874288002278,8.166793384770644,69.31712571199772,91.83320661522936,80.57516616361355,Alta prioridade
210945,MA,Raposa,32156.0,6.0,1.8659037193680805,20.0,6.219679064560268,26.33897608797658,12.539262237640154,73.66102391202342,87.46073776235984,80.56088083719163,Alta prioridade
150450,PA,Melgaço,30080.0,6.0,1.9946808510638296,16.0,5.319148936170213,28.156785740856876,10.723737141317999,71.84321425914312,89.276262858682,80.55973855891256,Alta prioridade
330140,RJ,Conceição de Macabu,21770.0,3.0,1.3780431786862655,21.0,9.646302250803858,19.452368283991152,19.44754902798505,80.54763171600885,80.55245097201495,80.5500413440119,Alta prioridade
150310,PA,Gurupá,34137.0,6.0,1.7576236927673783,24.0,7.030494771069513,24.810502243459435,14.173917444891703,75.18949775654056,85.8260825551083,80.50779015582444,Alta prioridade
130380,AM,São Gabriel da Cachoeira,57396.0,6.0,1.0453690152623876,69.0,12.021743675517458,14.756361333280626,24.236587601431648,85.24363866671938,75.76341239856835,80.50352553264386,Alta prioridade
150420,PA,Marabá,290975.0,21.0,0.721711487241172,417.0,14.331128103788986,10.187632624099708,28.89245113603457,89.8123673759003,71.10754886396543,80.45995811993286,Alta prioridade
351150,SP,Cerquilho,46391.0,9.0,1.9400314716216507,27.0,5.820094414864952,27.385358639120998,11.73367457682097,72.614641360879,88.26632542317903,80.44048339202902,Alta prioridade
280580,SE,Riachão do Dantas,18541.0,5.0,2.6967261744242492,1.0,0.5393452348848498,38.06681206897214,1.087353747137578,61.93318793102786,98.91264625286242,80.42291709194514,Alta prioridade
351280,SP,Cosmópolis,61167.0,10.0,1.6348684748312,49.0,8.010855526672879,23.077697535298853,16.15038608168153,76.92230246470115,83.84961391831847,80.38595819150981,Alta prioridade
240150,RN,Barcelona,4108.0,1.0,2.4342745861733204,1.0,2.4342745861733204,34.36206244259068,4.907649908879708,65.63793755740932,95.0923500911203,80.3651438242648,Alta prioridade
412625,PR,Sarandi,128106.0,13.0,1.014784631477058,159.0,12.411596646527096,14.324634152062451,25.02255558898706,85.67536584793754,74.97744441101294,80.32640512947523,Alta prioridade
354690,SP,Santa Lúcia,7144.0,2.0,2.799552071668533,0.0,0.0,39.51829577664123,0.0,60.48170422335877,100.0,80.24085211167939,Alta prioridade
150520,PA,Oeiras do Pará,36734.0,8.0,2.177818914357271,16.0,4.355637828714542,30.741950784376865,8.781238449688173,69.25804921562313,91.21876155031183,80.23840538296747,Alta prioridade
355450,SP,Tietê,38723.0,6.0,1.5494667252020762,34.0,8.780311442811765,21.872171967176477,17.70165736314455,78.12782803282352,82.29834263685545,80.21308533483949,Alta prioridade
352400,SP,Itupeva,74994.0,14.0,1.8668160119476225,50.0,6.667200042670081,26.351853950959743,13.441492536521482,73.64814604904026,86.55850746347852,80.10332675625939,Alta prioridade
316553,MG,Sarzedo,39974.0,11.0,2.7517886626307098,2.0,0.5003252113874018,38.844070587276406,1.0086869377934575,61.155929412723594,98.99131306220654,80.07362123746506,Alta prioridade
311940,MG,Coronel Fabriciano,108708.0,19.0,1.7478014497553076,82.0,7.54314309894396,24.67185209707737,15.207448556735317,75.32814790292264,84.79255144326468,80.06034967309367,Alta prioridade
355060,SP,São Roque,81366.0,13.0,1.5977189489467345,70.0,8.603102032790108,22.553297233292927,17.344392102320978,77.44670276670708,82.65560789767902,80.05115533219305,Alta prioridade
230710,CE,Jardim,28801.0,1.0,0.3472101663136697,50.0,17.360508315683482,4.901196226317229,34.99987122960633,95.09880377368277,65.00012877039367,80.04946627203822,Alta prioridade
150350,PA,Irituia,32740.0,5.0,1.5271838729383018,30.0,9.16310323762981,21.557628667404167,18.473389577591178,78.44237133259583,81.52661042240882,79.98449087750232,Alta prioridade
150375,PA,Jacareacanga,26579.0,3.0,1.128710636216562,32.0,12.039580119643327,15.932806258417829,24.272546989039874,84.06719374158217,75.72745301096012,79.89732337627115,Alta prioridade
130190,AM,Itacoatiara,113917.0,17.0,1.4923145799134458,109.0,9.568369953562682,21.06541598480264,19.290432639543567,78.93458401519736,80.70956736045643,79.8220756878269,Alta prioridade
220810,PI,Pimenteiras,11487.0,1.0,0.8705493166187865,16.0,13.928789065900585,12.288617786555452,28.081310456241443,87.71138221344455,71.91868954375856,79.81503587860155,Alta prioridade
230765,CE,Maracanaú,251613.0,35.0,1.3910251060159848,260.0,10.333329358975886,19.635620329616064,20.832638673980426,80.36437967038394,79.16736132601957,79.76587049820176,Alta prioridade
220610,PI,Matias Olímpio,10886.0,1.0,0.9186110600771634,15.0,13.77916590115745,12.967054245284078,27.779660792317433,87.03294575471593,72.22033920768257,79.62664248119924,Alta prioridade
420420,SC,Chapecó,282648.0,36.0,1.273669015878407,320.0,11.321502363363619,17.979029359874644,22.824857293230124,82.02097064012536,77.17514270676988,79.59805667344762,Alta prioridade
354890,SP,São Carlos,266427.0,36.0,1.351214403945546,288.0,10.809715231564368,19.07365503687633,21.79306240656997,80.92634496312367,78.20693759343003,79.56664127827685,Alta prioridade
351620,SP,Franca,365494.0,24.0,0.6566455263287495,576.0,15.759492631889989,9.269165732788771,31.77212341540609,90.73083426721124,68.22787658459391,79.47935542590258,Alta prioridade
410450,PR,Capanema,21088.0,2.0,0.9484066767830046,29.0,13.751896813353566,13.38764724147975,27.724684604735266,86.61235275852025,72.27531539526473,79.44383407689249,Alta prioridade
352680,SP,Lençóis Paulista,68568.0,13.0,1.8959281297398203,49.0,7.146190642865476,26.762798720746005,14.407167562977103,73.237201279254,85.59283243702289,79.41501685813844,Alta prioridade
411620,PR,Morretes,19089.0,3.0,1.5715857300015716,18.0,9.42951438000943,22.18440240675192,19.010491113321866,77.81559759324807,80.98950888667814,79.40255323996311,Alta prioridade
520549,GO,Cidade Ocidental,101570.0,27.0,2.658265235797972,20.0,1.9690853598503495,37.523899949614915,3.969799315876309,62.476100050385085,96.03020068412368,79.25315036725439,Alta prioridade
430480,RS,Carlos Barbosa,31585.0,4.0,1.2664239354123792,37.0,11.71442140256451,17.876758273124896,23.617006666141524,82.12324172687511,76.38299333385848,79.2531175303668,Alta prioridade
432270,RS,Vera Cruz,27670.0,2.0,0.7228044813877846,43.0,15.54029634983737,10.203061258703467,31.33020999292183,89.79693874129653,68.66979000707818,79.23336437418735,Alta prioridade
354390,SP,Rio Claro,210323.0,24.0,1.141102019275115,266.0,12.647214046965859,16.107722219347856,25.497575013813538,83.89227778065214,74.50242498618647,79.1973513834193,Alta prioridade
431870,RS,São Leopoldo,225737.0,30.0,1.328980184905443,257.0,11.384930250689964,18.759798240540427,22.952731883560094,81.24020175945958,77.04726811643991,79.14373493794974,Alta prioridade
230320,CE,Caririaçu,27532.0,1.0,0.36321371494987653,50.0,18.160685747493826,5.127101282658815,36.613079009294346,94.87289871734119,63.386920990705654,79.12990985402342,Alta prioridade
290570,BA,Camaçari,321636.0,45.0,1.399097115994478,357.0,11.099503786889528,19.74956429982126,22.377294269817398,80.25043570017874,77.6227057301826,78.93657071518066,Alta prioridade
312180,MG,Dionísio,6689.0,2.0,2.989983555090447,0.0,0.0,42.206414266456115,0.0,57.793585733543885,100.0,78.89679286677195,Alta prioridade
351270,SP,Corumbataí,4296.0,1.0,2.3277467411545625,2.0,4.655493482309125,32.85832227983298,9.38576621307162,67.14167772016702,90.61423378692838,78.8779557535477,Alta prioridade
500240,MS,Caarapó,32748.0,7.0,2.137535116648345,20.0,6.107243190423843,30.173307304236513,12.312584478855406,69.82669269576348,87.6874155211446,78.75705410845404,Alta prioridade
150090,PA,Augusto Corrêa,47912.0,4.0,0.8348639171814994,73.0,15.236266488562364,11.784884998677784,30.71726676562202,88.21511500132222,69.28273323437799,78.7489241178501,Alta prioridade
354910,SP,São João da Boa Vista,96080.0,14.0,1.457119067443797,105.0,10.928393005828477,20.568598409640664,22.032324226646267,79.43140159035934,77.96767577335373,78.69953868185654,Alta prioridade
352210,SP,Itanhaém,118495.0,11.0,0.9283092113591291,174.0,14.684163888771678,13.103952720838747,29.60419337244562,86.89604727916125,70.39580662755438,78.64592695335782,Alta prioridade
130250,AM,Manacapuru,111751.0,21.0,1.8791778149636245,90.0,8.053619206986962,26.52635236192439,16.23660033745564,73.47364763807562,83.76339966254436,78.61852365030998,Alta prioridade
353060,SP,Mogi das Cruzes,470302.0,37.0,0.786728527626929,739.0,15.713307619359476,11.10540895642377,31.6790115397679,88.89459104357623,68.3209884602321,78.60778975190416,Alta prioridade
420680,SC,Ibicaré,3295.0,1.0,3.0349013657056148,0.0,0.0,42.8404711727352,0.0,57.1595288272648,100.0,78.5797644136324,Alta prioridade
350210,SP,Andradina,61625.0,9.0,1.460446247464503,68.0,11.03448275862069,20.615564667382756,22.246207807644513,79.38443533261724,77.75379219235549,78.56911376248637,Alta prioridade
261070,PE,Paulista,365144.0,62.0,1.697960256775409,348.0,9.530486602545844,23.96829704411978,19.21405743305624,76.03170295588022,80.78594256694376,78.40882276141198,Alta prioridade
230590,CE,Ipueiras,38287.0,6.0,1.5671115522239925,40.0,10.44741034815995,22.12124520294029,21.06263308765674,77.87875479705971,78.93736691234326,78.40806085470149,Alta prioridade
430440,RS,Canela,50715.0,8.0,1.577442571231391,53.0,10.450557034407966,22.26707719832988,21.068977004060443,77.73292280167013,78.93102299593956,78.33197289880485,Alta prioridade
314520,MG,Nova Serrana,114791.0,28.0,2.4392156179491424,51.0,4.442857018407366,34.43180972721336,8.95707779450976,65.56819027278664,91.04292220549024,78.30555623913844,Alta prioridade
412350,PR,Santa Helena,26461.0,1.0,0.3779146668682211,50.0,18.89573334341106,5.33461896807235,38.094980963829485,94.66538103192765,61.905019036170515,78.28520003404908,Alta prioridade
260790,PE,Jaboatão dos Guararapes,684293.0,134.0,1.9582254969727881,536.0,7.8329019878911526,27.642184322940285,15.791620610708165,72.35781567705972,84.20837938929184,78.28309753317578,Alta prioridade
350070,SP,Agudos,38988.0,8.0,2.0519134092541296,28.0,7.181696932389453,28.96467682654406,14.478750464732212,71.03532317345594,85.52124953526778,78.27828635436185,Alta prioridade
521523,GO,Novo Gama,107663.0,24.0,2.229178083464143,64.0,5.944474889237714,31.466933490056004,11.984433397205926,68.53306650994399,88.01556660279408,78.27431655636903,Alta prioridade
311750,MG,Conceição do Mato Dentro,24559.0,2.0,0.8143654057575634,39.0,15.880125412272488,11.495529338667087,32.015326650166365,88.50447066133292,67.98467334983363,78.24457200558328,Alta prioridade
330555,RJ,Seropédica,84794.0,22.0,2.5945231973960423,29.0,3.4200533056584193,36.62412146273999,6.895041499925199,63.37587853726001,93.1049585000748,78.24041851866741,Alta prioridade
420910,SC,Joinville,664541.0,66.0,0.9931667120614078,973.0,14.641685012662876,14.019477001320796,29.51855329977313,85.9805229986792,70.48144670022687,78.23098484945304,Alta prioridade
313190,MG,Itabirito,56369.0,11.0,1.9514272028952082,45.0,7.983111284571307,27.54622004392108,16.094451953298847,72.45377995607892,83.90554804670116,78.17966400139004,Alta prioridade
355260,SP,Tabapuã,11498.0,2.0,1.7394329448599757,11.0,9.566881196729867,24.553722823823705,19.287431212598385,75.4462771761763,80.71256878740161,78.07942298178895,Alta prioridade
520110,GO,Anápolis,420300.0,53.0,1.2610040447299549,543.0,12.919343326195575,17.800251447182042,26.046204671289715,82.19974855281797,73.95379532871029,78.07677194076413,Alta prioridade
220220,PI,Campo Maior,47119.0,4.0,0.848914450646236,75.0,15.917145949616927,11.983221419313862,32.08996237029304,88.01677858068614,67.91003762970696,77.96340810519655,Alta prioridade
210030,MA,Aldeias Altas,23776.0,4.0,1.6823687752355316,24.0,10.09421265141319,23.74820870022922,20.350564426996474,76.25179129977079,79.64943557300353,77.95061343638716,Alta prioridade
293020,BA,Sento Sé,40232.0,8.0,1.9884668920262476,32.0,7.95386756810499,28.06906989742741,16.035494790755887,71.93093010257259,83.96450520924411,77.94771765590835,Alta prioridade
352220,SP,Itapecerica da Serra,163003.0,16.0,0.9815770261897021,245.0,15.03039821352981,13.855877745971545,30.302223439391113,86.14412225402846,69.69777656060889,77.92094940731867,Alta prioridade
240870,RN,Paraú,3650.0,1.0,2.73972602739726,1.0,2.73972602739726,38.67379520935958,5.523459130322695,61.32620479064042,94.47654086967731,77.90137283015886,Alta prioridade
355640,SP,Vargem Grande do Sul,41256.0,8.0,1.9391118867558659,35.0,8.483614504556913,27.3723778386974,17.10349776756652,72.6276221613026,82.89650223243348,77.76206219686804,Alta prioridade
230970,CE,Pacatuba,86564.0,20.0,2.3104292777598077,51.0,5.89159465828751,32.61387008783385,11.877823542229677,67.38612991216615,88.12217645777032,77.75415318496823,Alta prioridade
431480,RS,Portão,35273.0,1.0,0.28350296260595925,71.0,20.128710345023105,4.001909463730403,40.58073976194615,95.9980905362696,59.41926023805385,77.70867538716172,Alta prioridade
410830,PR,Foz do Iguaçu,297352.0,42.0,1.4124673787295865,364.0,12.24138394898975,19.938298062884474,24.67939613840409,80.06170193711553,75.32060386159591,77.69115289935573,Alta prioridade
411722,PR,Nova Santa Rosa,8581.0,1.0,1.1653653420347279,12.0,13.984384104416733,16.45022171240677,28.193393533170262,83.54977828759323,71.80660646682973,77.67819237721147,Alta prioridade
230930,CE,Nova Russas,32053.0,1.0,0.31198327769631545,64.0,19.96692977256419,4.403935747485804,40.254580003225335,95.5960642525142,59.745419996774665,77.67074212464443,Alta prioridade
430210,RS,Bento Gonçalves,127977.0,21.0,1.6409198527860474,137.0,10.705048563413738,23.163118394691327,21.582047853269444,76.83688160530868,78.41795214673056,77.62741687601962,Alta prioridade
312710,MG,Frutal,61275.0,13.0,2.1215830273357814,45.0,7.343941248470012,29.94812864437556,14.805845159616526,70.05187135562444,85.19415484038348,77.62301309800395,Alta prioridade
350030,SP,Aguaí,32886.0,7.0,2.1285653469561514,24.0,7.297938332421091,30.046690616041396,14.71310040188129,69.95330938395861,85.28689959811871,77.62010449103866,Alta prioridade
520880,GO,Goianira,81495.0,17.0,2.0860175470887783,62.0,7.607828701147309,29.446088628023336,15.337858778968352,70.55391137197667,84.66214122103165,77.60802629650416,Alta prioridade
351000,SP,Cândido Mota,30157.0,6.0,1.9895878237225189,25.0,8.289949265510495,28.084892896673242,16.713056525580992,71.91510710332676,83.286943474419,77.60102528887288,Alta prioridade
311860,MG,Contagem,651718.0,136.0,2.0867921401587806,496.0,7.610653687637905,29.457022733645687,15.343554128528304,70.54297726635431,84.6564458714717,77.59971156891301,Alta prioridade
130060,AM,Benjamin Constant,40908.0,6.0,1.4667057788207685,49.0,11.978097193702942,20.70392380671201,24.148593562584676,79.29607619328799,75.85140643741532,77.57374131535165,Alta prioridade
420300,SC,Caçador,76298.0,9.0,1.1795853102309366,107.0,14.023958688301134,16.650949862741648,28.273178370960295,83.34905013725836,71.7268216290397,77.53793588314903,Alta prioridade
353800,SP,Pindamonhangaba,172681.0,32.0,1.853128022191208,161.0,9.323550361649515,26.158635173836142,18.796861020807913,73.84136482616385,81.20313897919209,77.52225190267797,Alta prioridade
410690,PR,Curitiba,1830795.0,134.0,0.7319224708391711,3147.0,17.189253848737845,10.331770207422334,34.65461150669964,89.66822979257766,65.34538849330036,77.506809142939,Alta prioridade
313770,MG,Lajinha,21502.0,1.0,0.4650730164635848,41.0,19.067993675006978,6.564940587580806,38.44226857282074,93.43505941241919,61.55773142717926,77.49639541979923,Alta prioridade
316870,MG,Timóteo,84172.0,18.0,2.138478353846885,62.0,7.365869885472604,30.18662197945783,14.850054664164164,69.81337802054217,85.14994533583584,77.481661678189,Alta prioridade
352340,SP,Itatiba,127112.0,25.0,1.9667694631506072,109.0,8.575114859336647,27.762790396296666,17.28796820912962,72.23720960370333,82.71203179087038,77.47462069728687,Alta prioridade
330270,RJ,Maricá,212470.0,32.0,1.5060949781145574,251.0,11.813432484586059,21.259939193548263,23.816619203864718,78.74006080645174,76.18338079613528,77.46172080129351,Alta prioridade
352670,SP,Leme,101537.0,19.0,1.8712390557136807,94.0,9.257709012478209,26.414289350375597,18.664120740357866,73.5857106496244,81.33587925964213,77.46079495463326,Alta prioridade
220191,PI,Bom Princípio do Piauí,5805.0,1.0,1.722652885443583,6.0,10.335917312661499,24.316856591586987,20.83785615057141,75.68314340841302,79.16214384942859,77.42264362892081,Alta prioridade
354070,SP,Porto Ferreira,53966.0,12.0,2.2236222806952526,37.0,6.856168698810363,31.38850813790071,13.822465173444021,68.61149186209929,86.17753482655598,77.39451334432763,Alta prioridade
150600,PA,Prainha,38733.0,9.0,2.323600030981334,24.0,6.196266749283557,32.799787587521294,12.492061544839492,67.2002124124787,87.50793845516051,77.35407543381962,Alta prioridade
430460,RS,Canoas,359840.0,46.0,1.2783459315251222,489.0,13.589373054690974,18.045048398320013,27.397026536117338,81.95495160168,72.60297346388266,77.27896253278132,Alta prioridade
261540,PE,Toritama,43921.0,12.0,2.7321782290931442,15.0,3.4152227863664306,38.56725097720793,6.885302870726248,61.43274902279207,93.11469712927375,77.27372307603291,Alta prioridade
421130,SC,Navegantes,96046.0,25.0,2.6029194344376654,42.0,4.372904649855278,36.74264220117509,8.816049441709902,63.25735779882491,91.18395055829009,77.22065417855751,Alta prioridade
410900,PR,Guapirama,4857.0,1.0,2.0588840848260244,4.0,8.235536339304097,29.063074431575558,16.603356661048252,70.93692556842444,83.39664333895175,77.1667844536881,Alta prioridade
350810,SP,Buritama,17658.0,2.0,1.1326311020500623,26.0,14.72420432665081,15.98814730027891,29.68491740104337,84.01185269972109,70.31508259895662,77.16346764933886,Alta prioridade
353780,SP,Piedade,54266.0,9.0,1.6584970331330853,60.0,11.056646887553901,23.41123673437258,22.290892078661965,76.58876326562742,77.70910792133803,77.14893559348272,Alta prioridade
353650,SP,Paulínia,116674.0,12.0,1.0285067795738554,181.0,15.513310591905652,14.518335106107186,31.275805016093468,85.48166489389281,68.72419498390653,77.10292993889968,Alta prioridade
354630,SP,Santa Cruz das Palmeiras,29489.0,6.0,2.034656990742311,25.0,8.477737461426294,28.72108634015989,17.091649280814742,71.27891365984011,82.90835071918525,77.09363218951268,Alta prioridade
150530,PA,Oriximiná,72889.0,10.0,1.371949128126329,96.0,13.17071163001276,19.366345060868234,26.552978903059067,80.63365493913176,73.44702109694093,77.04033801803635,Alta prioridade
354760,SP,Santa Rosa de Viterbo,23710.0,5.0,2.108814846056516,19.0,8.013496415014762,29.767893824159103,16.15571027785234,70.2321061758409,83.84428972214766,77.03819794899428,Alta prioridade
353300,SP,Nova Granada,19733.0,2.0,1.0135306339634116,31.0,15.709724826432879,14.30693280435438,31.6717884050075,85.69306719564563,68.3282115949925,77.01063939531906,Alta prioridade
412650,PR,Sertanópolis,16210.0,3.0,1.850709438618137,16.0,9.870450339296731,26.124494604718535,19.899445602149626,73.87550539528146,80.10055439785037,76.98802989656592,Alta prioridade
290720,BA,Casa Nova,76131.0,19.0,2.495698204410818,41.0,5.3854540200443966,35.22911426053889,10.85741233995076,64.77088573946111,89.14258766004924,76.95673669975517,Alta prioridade
230350,CE,Cascavel,76866.0,17.0,2.2116410376499362,57.0,7.415502302708609,31.219381686841547,14.950116723436066,68.78061831315846,85.04988327656393,76.9152507948612,Alta prioridade
351350,SP,Cubatão,114870.0,18.0,1.5669887699138156,138.0,12.013580569339252,22.119512015799813,24.22013026850824,77.88048798420019,75.77986973149176,76.83017885784597,Alta prioridade
130180,AM,Ipixuna,25629.0,4.0,1.5607319833001678,31.0,12.0956728705763,22.031191621079632,24.385633485349135,77.96880837892037,75.61436651465087,76.79158744678563,Alta prioridade
350900,SP,Caieiras,98549.0,18.0,1.8265025520299547,101.0,10.248708764168079,25.782791761001377,20.662038259073775,74.21720823899862,79.33796174092623,76.77758498996243,Alta prioridade
261290,PE,São Benedito do Sul,13456.0,3.0,2.2294887039239,10.0,7.431629013079667,31.471318188353703,14.982629180795065,68.5286818116463,85.01737081920493,76.77302631542561,Alta prioridade
354680,SP,Santa Isabel,54691.0,12.0,2.1941452889872193,42.0,7.679508511455267,30.97241283154358,15.482369762455782,69.02758716845642,84.51763023754421,76.77260870300032,Alta prioridade
150120,PA,Baião,56850.0,14.0,2.4626209322779244,33.0,5.804749340369393,34.762197628817496,11.702737946303758,65.23780237118251,88.29726205369624,76.76753221243938,Alta prioridade
420830,SC,Itapema,86116.0,20.0,2.3224487900041804,59.0,6.851223930512332,32.78353674442902,13.812496211098896,67.21646325557097,86.1875037889011,76.70198352223603,Alta prioridade
291005,BA,Dias d'Ávila,75296.0,16.0,2.124946876328092,62.0,8.234169145771356,29.99561251894655,16.60060031332376,70.00438748105344,83.39939968667625,76.70189358386484,Alta prioridade
150215,PA,Canaã dos Carajás,89524.0,14.0,1.5638264599437022,109.0,12.175506009561683,22.074873053016784,24.546582089706497,77.92512694698321,75.4534179102935,76.68927242863836,Alta prioridade
350560,SP,Barrinha,33304.0,10.0,3.002642325246217,7.0,2.1018496276723515,42.385104646337524,4.237460388534256,57.614895353662476,95.76253961146574,76.6887174825641,Alta prioridade
510263,MT,Campo Novo do Parecis,51722.0,12.0,2.3200958972970884,36.0,6.960287691891264,32.750323463322175,14.032375579529061,67.24967653667782,85.96762442047094,76.60865047857439,Alta prioridade
130185,AM,Iranduba,68862.0,20.0,2.9043594435247306,20.0,2.9043594435247306,40.997749851634424,5.8553704004176,59.002250148365576,94.1446295995824,76.573439873974,Alta prioridade
351430,SP,Dourado,8169.0,1.0,1.2241400416207615,12.0,14.689680499449135,17.27988156618466,29.615315204815033,82.72011843381534,70.38468479518497,76.55240161450016,Alta prioridade
352230,SP,Itapetininga,164256.0,28.0,1.7046561465030197,187.0,11.384667835573739,24.062815789965356,22.952202838263172,75.93718421003464,77.04779716173682,76.49249068588574,Alta prioridade
312420,MG,Espera Feliz,24844.0,2.0,0.8050233456770246,44.0,17.71051360489454,11.36365742345536,35.70550379688556,88.63634257654464,64.29449620311445,76.46541938982955,Alta prioridade
317020,MG,Uberlândia,761835.0,82.0,1.076348553164399,1205.0,15.817073250769525,15.193666484424215,31.88820954661022,84.80633351557579,68.11179045338977,76.45906198448279,Alta prioridade
130260,AM,Manaus,2303732.0,261.0,1.1329442834496373,3554.0,15.42714169877399,15.992568148637258,31.10208313486944,84.00743185136274,68.89791686513055,76.45267435824664,Alta prioridade
420915,SC,José Boiteux,6415.0,2.0,3.117692907248636,1.0,1.558846453624318,44.00915121252143,3.1427320071204736,55.99084878747857,96.85726799287953,76.42405839017906,Alta prioridade
530010,DF,Brasília,2996899.0,210.0,0.700724315367318,5560.0,18.552510444963275,9.891379064818041,37.40302212078844,90.10862093518196,62.59697787921156,76.35279940719676,Alta prioridade
500830,MS,Três Lagoas,143523.0,20.0,1.3935048737832962,197.0,13.726023006765468,19.67062457085798,27.672521391404402,80.32937542914202,72.3274786085956,76.32842701886881,Alta prioridade
130170,AM,Humaitá,63454.0,15.0,2.363917168342421,44.0,6.934157027137769,33.36890168803286,13.979694524061918,66.63109831196715,86.02030547593809,76.32570189395261,Alta prioridade
351540,SP,Fartura,17029.0,4.0,2.348934171119854,12.0,7.046802513359563,33.15740266936695,14.20679487392883,66.84259733063305,85.79320512607117,76.31790122835211,Alta prioridade
420650,SC,Guaramirim,51009.0,10.0,1.960438354015958,50.0,9.80219177007979,27.673420869682307,19.76183205481174,72.3265791303177,80.23816794518825,76.28237353775297,Alta prioridade
320250,ES,Ibiraçu,12304.0,4.0,3.2509752925877766,1.0,0.8127438231469442,45.890556734123045,1.6385424110596423,54.109443265876955,98.36145758894035,76.23545042740865,Alta prioridade
313620,MG,João Monlevade,83791.0,14.0,1.670823835495459,100.0,11.934455967824707,23.58524107837685,24.06061012003418,76.41475892162315,75.93938987996582,76.17707440079448,Alta prioridade
150618,PA,Rondon do Pará,57031.0,14.0,2.4548052813382197,37.0,6.4876996721081515,34.65187240620495,13.079608555874525,65.34812759379506,86.92039144412547,76.13425951896026,Alta prioridade
260345,PE,Camaragibe,156112.0,47.0,3.010659014041201,41.0,2.6263195654401965,42.49826770629828,5.294824605749662,57.50173229370172,94.70517539425033,76.10345384397603,Alta prioridade
510710,MT,São José dos Quatro Marcos,17721.0,6.0,3.3858134416793635,0.0,0.0,47.7939233161207,0.0,52.2060766838793,100.0,76.10303834193965,Alta prioridade
411125,PR,Itaperuçu,33310.0,6.0,1.8012608826178327,37.0,11.107775442809967,25.426481989942207,22.39397044581447,74.5735180100578,77.60602955418553,76.08977378212165,Alta prioridade
150250,PA,Chaves,21501.0,5.0,2.3254732338030792,16.0,7.441514348169853,32.82622959726582,15.002558634986531,67.17377040273418,84.99744136501347,76.08560588387382,Alta prioridade
430510,RS,Caxias do Sul,479599.0,52.0,1.0842391247688175,779.0,16.24273611913286,15.305049282288849,32.74637252830602,84.69495071771115,67.25362747169399,75.97428909470257,Alta prioridade
353070,SP,Mogi Guaçu,160318.0,27.0,1.6841527464164971,194.0,12.100949363140758,23.77339112191012,24.396271224575536,76.22660887808988,75.60372877542446,75.91516882675717,Alta prioridade
270410,AL,Lagoa da Canoa,18836.0,6.0,3.185389679337439,3.0,1.5926948396687195,44.96475446405685,3.210972471704901,55.03524553594315,96.7890275282951,75.91213653211912,Alta prioridade
171886,TO,Santa Fé do Araguaia,7533.0,2.0,2.6549847338377806,4.0,5.309969467675561,37.47759259635271,10.705230758358072,62.52240740364729,89.29476924164193,75.90858832264462,Alta prioridade
120060,AC,Tarauacá,46816.0,10.0,2.136021872863978,42.0,8.971291866028709,30.15194645295678,18.08668584839519,69.84805354704322,81.91331415160481,75.88068384932402,Alta prioridade
350280,SP,Araçatuba,208415.0,21.0,1.0076050188326175,352.0,16.88937936328959,14.22328720484328,34.050045777120644,85.77671279515673,65.94995422287936,75.86333350901805,Alta prioridade
261110,PE,Petrolina,418444.0,62.0,1.481679746871744,570.0,13.621894447046678,20.915295370176352,27.46259169837868,79.08470462982365,72.53740830162133,75.81105646572249,Alta prioridade
500270,MS,Campo Grande,962883.0,82.0,0.8516091778544226,1740.0,18.0707313349597,12.021260014104852,36.43172528404743,87.97873998589515,63.56827471595257,75.77350735092386,Alta prioridade
260720,PE,Ipojuca,106539.0,32.0,3.003594927679066,32.0,3.003594927679066,42.398551520599966,6.055435346884154,57.601448479400034,93.94456465311585,75.77300656625795,Alta prioridade
110009,RO,Espigão D'Oeste,32842.0,6.0,1.8269289324645273,37.0,11.266061750197917,25.788810519608273,22.71308554747214,74.21118948039172,77.28691445252787,75.7490519664598,Alta prioridade
350320,SP,Araraquara,253474.0,45.0,1.7753300141237365,295.0,11.638274537033384,25.060443529266557,23.4634898197644,74.93955647073344,76.5365101802356,75.73803332548451,Alta prioridade
353240,SP,Nazaré Paulista,18675.0,4.0,2.14190093708166,17.0,9.103078982597054,30.234934942792496,18.352376922973132,69.76506505720751,81.64762307702686,75.70634406711719,Alta prioridade
316290,MG,São João Nepomuceno,26529.0,4.0,1.5077839345621773,36.0,13.570055411059597,21.283780393405326,27.35808095760874,78.71621960659468,72.64191904239127,75.67906932449297,Alta prioridade
353080,SP,Mogi Mirim,95742.0,14.0,1.462263165590859,133.0,13.891500073113159,20.64121216601152,28.006133513141073,79.35878783398849,71.99386648685893,75.67632716042371,Alta prioridade
410660,PR,Cruzeiro do Oeste,24859.0,4.0,1.609075184037974,32.0,12.872601472303792,22.713601112540722,25.951970168618637,77.28639888745928,74.04802983138137,75.66721435942033,Alta prioridade
521975,GO,Santo Antônio do Descoberto,75221.0,23.0,3.0576567713803326,21.0,2.7917735738689995,43.161685005859226,5.628390241278827,56.838314994140774,94.37160975872118,75.60496237643098,Alta prioridade
432130,RS,Taquari,25963.0,3.0,1.155490505719678,42.0,16.176867080075493,16.310829162365188,32.613576423312765,83.6891708376348,67.38642357668724,75.53779720716102,Alta prioridade
230523,CE,Horizonte,81161.0,21.0,2.5874496371409914,50.0,6.160594374145218,36.5242715441827,12.420143804091767,63.4757284558173,87.57985619590823,75.52779232586276,Alta prioridade
412220,PR,Rio Branco do Sul,40308.0,10.0,2.480897092388608,28.0,6.946511858688101,35.020182721584426,14.00460263766447,64.97981727841557,85.99539736233552,75.48760732037555,Alta prioridade
150442,PA,Marituba,119437.0,20.0,1.6745229702688447,152.0,12.72637457404322,23.637457825324226,25.657167590470554,76.36254217467578,74.34283240952945,75.35268729210262,Alta prioridade
150280,PA,Curralinho,36814.0,9.0,2.4447221165860813,27.0,7.334166349758244,34.509539105434406,14.786138352075342,65.49046089456559,85.21386164792466,75.35216127124512,Alta prioridade
411240,PR,Japurá,9393.0,1.0,1.0646225912913871,16.0,17.033961460662194,15.028143565864205,34.34153233374273,84.97185643413579,65.65846766625728,75.31516205019653,Alta prioridade
291400,BA,Ipirá,59222.0,14.0,2.3639863564216,47.0,7.936239910843943,33.369878342478714,15.999956330533557,66.63012165752129,84.00004366946644,75.31508266349385,Alta prioridade
354880,SP,São Caetano do Sul,172693.0,16.0,0.9264996265048381,311.0,18.00883649018779,13.078408738203631,36.30694140344894,86.92159126179637,63.69305859655106,75.30732492917372,Alta prioridade
353760,SP,Peruíbe,70629.0,14.0,1.9821886194056266,75.0,10.618867603958714,27.980446207623988,21.408301645582377,72.01955379237602,78.59169835441762,75.30562607339681,Alta prioridade
210330,MA,Codó,118283.0,25.0,2.1135750699593348,115.0,9.72244532181294,29.835088836553535,19.601058224368263,70.16491116344646,80.39894177563174,75.2819264695391,Alta prioridade
130390,AM,São Paulo de Olivença,35442.0,6.0,1.6929067208396817,45.0,12.696800406297614,23.89696165806035,25.597544217468055,76.10303834193965,74.40245578253194,75.2527470622358,Alta prioridade
260005,PE,Abreu e Lima,104248.0,36.0,3.4533036605018803,4.0,0.38370040672243116,48.74661087512326,0.7735640329091336,51.25338912487674,99.22643596709086,75.2399125459838,Alta prioridade
410980,PR,Ibiporã,53276.0,9.0,1.6893160147158195,68.0,12.763721000075082,23.846275482909046,25.732460322586025,76.15372451709095,74.26753967741398,75.21063209725247,Alta prioridade
270644,AL,Paripueira,14199.0,5.0,3.5213747447003314,0.0,0.0,49.7074978921623,0.0,50.2925021078377,100.0,75.14625105391885,Alta prioridade
430820,RS,Flores da Cunha,32015.0,6.0,1.8741215055442761,37.0,11.557082617523035,26.454977825549737,23.29980182883273,73.54502217445027,76.70019817116727,75.12261017280878,Alta prioridade
310940,MG,Buritizeiro,23908.0,7.0,2.9278902459427805,10.0,4.1827003513468295,41.32990913498148,8.432585672443466,58.67009086501852,91.56741432755653,75.11875259628752,Alta prioridade
410050,PR,Altônia,18634.0,1.0,0.5366534292154127,39.0,20.929483739401096,7.575365059255258,42.19514903946741,92.42463494074474,57.80485096053259,75.11474295063866,Alta prioridade
261250,PE,Santa Cruz do Capibaribe,104854.0,27.0,2.5750090602170634,70.0,6.6759494153775725,36.348661165834265,13.459131819457996,63.651338834165735,86.540868180542,75.09610350735387,Alta prioridade
130370,AM,Santo Antônio do Içá,30679.0,7.0,2.2816910590306074,27.0,8.800808370546628,32.20820325301142,17.742980452208403,67.79179674698858,82.2570195477916,75.02440814739009,Alta prioridade
293320,BA,Vera Cruz,45191.0,14.0,3.0979619835808014,14.0,3.0979619835808014,43.73063077157564,6.245685237314725,56.26936922842436,93.75431476268527,75.01184199555482,Alta prioridade
520010,GO,Abadiânia,17738.0,5.0,2.818807080843387,9.0,5.073852745518097,39.790098239418896,10.229204669697854,60.209901760581104,89.77079533030215,74.99034854544163,Alta prioridade
220070,PI,Anísio de Abreu,9649.0,2.0,2.0727536532283137,10.0,10.36376826614157,29.25885636110736,20.894005415771417,70.74114363889264,79.10599458422858,74.92356911156061,Alta prioridade
150370,PA,Itupiranga,52201.0,11.0,2.1072393249171473,53.0,10.153062201873528,29.745653869768535,20.469208803680495,70.25434613023147,79.53079119631951,74.89256866327548,Alta prioridade
320240,ES,Guarapari,136311.0,30.0,2.2008495279177764,130.0,9.53701462097703,31.067049434197347,19.22721832675367,68.93295056580266,80.77278167324633,74.85286611952449,Alta prioridade
521020,GO,Iporá,37283.0,9.0,2.4139688329801787,30.0,8.046562776600595,34.07542774528505,16.22237413218719,65.92457225471495,83.77762586781282,74.85109906126388,Alta prioridade
420230,SC,Biguaçu,83756.0,18.0,2.1490997659869144,83.0,9.90973780982855,30.336553145505096,19.97865160145256,69.66344685449491,80.02134839854745,74.84239762652118,Alta prioridade
351640,SP,Franco da Rocha,150241.0,25.0,1.663993184283917,200.0,13.311945474271337,23.488820048149716,26.837715171860992,76.51117995185028,73.16228482813901,74.83673238999464,Alta prioridade
140023,RR,Caroebe,12004.0,3.0,2.4991669443518827,9.0,7.497500833055648,35.27807876895097,15.11543089229428,64.72192123104904,84.88456910770572,74.80324516937738,Alta prioridade
412770,PR,Toledo,160701.0,29.0,1.8045936241840437,199.0,12.38324590388361,25.473526754100543,24.96539871755552,74.52647324589945,75.03460128244448,74.78053726417197,Alta prioridade
150080,PA,Ananindeua,509227.0,73.0,1.4335453540366085,763.0,14.983494590820989,20.235833397549346,30.207662800660984,79.76416660245066,69.79233719933902,74.77825190089484,Alta prioridade
130290,AM,Maués,66336.0,13.0,1.9597202122527737,75.0,11.306078147612157,27.66328362705186,22.79376110898815,72.33671637294813,77.20623889101185,74.77147763197999,Alta prioridade
420250,SC,Bom Jardim da Serra,3995.0,1.0,2.5031289111389237,3.0,7.50938673341677,35.3340056355851,15.139393611272467,64.6659943644149,84.86060638872753,74.76330037657121,Alta prioridade
430760,RS,Estância Velha,49499.0,10.0,2.0202428331885494,54.0,10.909311299218166,28.517617025427278,21.99385431193768,71.48238297457272,78.00614568806232,74.74426433131751,Alta prioridade
150210,PA,Cametá,144859.0,30.0,2.070979366142249,153.0,10.561994767325467,29.23381063948305,21.293642447681602,70.76618936051695,78.7063575523184,74.73627345641768,Alta prioridade
353870,SP,Piracicaba,440835.0,85.0,1.9281590617804847,510.0,11.568954370682908,27.217768470524824,23.323736026167833,72.78223152947518,76.67626397383216,74.72924775165367,Alta prioridade
353470,SP,Ourinhos,106911.0,18.0,1.6836434043269637,142.0,13.282075745246047,23.766201281953446,26.777495928821665,76.23379871804656,73.22250407117834,74.72815139461244,Alta prioridade
330190,RJ,Itaboraí,240127.0,42.0,1.7490744481045448,308.0,12.826545952766661,24.689821659350365,25.85911935895911,75.31017834064963,74.1408806410409,74.72552949084526,Alta prioridade
411720,PR,Nova Olímpia,5982.0,1.0,1.6716817118020728,8.0,13.373453694416582,23.597350804774734,26.961719593016163,76.40264919522527,73.03828040698383,74.72046480110455,Alta prioridade
313380,MG,Itaúna,103272.0,23.0,2.227128360058874,98.0,9.489503447207374,31.437999727183914,19.131432827062785,68.56200027281608,80.86856717293722,74.71528372287665,Alta prioridade
110033,RO,Nova Mamoré,28701.0,5.0,1.742099578411902,37.0,12.891536880248074,24.59136485038195,25.99014513606076,75.40863514961805,74.00985486393924,74.70924500677864,Alta prioridade
351940,SP,Ibirá,11952.0,3.0,2.51004016064257,9.0,7.530120481927711,35.43156438608496,15.181194145841745,64.56843561391504,84.81880585415826,74.69362073403664,Alta prioridade
352550,SP,Joanópolis,13131.0,3.0,2.284669865204478,12.0,9.138679460817912,32.25025188808829,18.42414971503572,67.74974811191171,81.57585028496428,74.662799198438,Alta prioridade
150580,PA,Portel,67580.0,16.0,2.3675643681562595,58.0,8.58242083456644,33.420385324453974,17.30269751241957,66.57961467554603,82.69730248758043,74.63845858156323,Alta prioridade
500315,MS,Coronel Sapucaia,14685.0,4.0,2.723867892407218,9.0,6.1287027579162405,38.44994280263193,12.355848309914915,61.55005719736807,87.64415169008508,74.59710444372658,Alta prioridade
330520,RJ,São Pedro da Aldeia,110677.0,31.0,2.800943285416121,62.0,5.601886570832242,39.537934059823066,11.293753907243836,60.462065940176934,88.70624609275616,74.58415601646655,Alta prioridade
315480,MG,Rio Acima,10698.0,3.0,2.8042624789680315,6.0,5.608524957936063,39.58478758108875,11.307137311092449,60.41521241891125,88.69286268890755,74.55403755390941,Alta prioridade
351960,SP,Ibitinga,62143.0,13.0,2.091949213909853,66.0,10.620665239850023,29.5298196528026,21.41192579203993,70.4701803471974,78.58807420796006,74.52912727757874,Alta prioridade
313695,MG,Juvenília,5937.0,2.0,3.36870473303015,1.0,1.684352366515075,47.552417892593056,3.3957597819905407,52.447582107406944,96.60424021800947,74.52591116270821,Alta prioridade
411470,PR,Maria Helena,5926.0,2.0,3.374957813027337,1.0,1.6874789065136686,47.640685964955274,3.4020630822946067,52.359314035044726,96.5979369177054,74.47862547637506,Alta prioridade
150820,PA,Vigia,54062.0,13.0,2.4046465169620066,46.0,8.508749213865562,33.94383453597929,17.154170914527402,66.05616546402071,82.8458290854726,74.45099727474665,Alta prioridade
354850,SP,Santos,429547.0,38.0,0.8846529017779196,824.0,19.182999764868573,12.48770308147461,38.674128047358124,87.5122969185254,61.325871952641876,74.41908443558364,Alta prioridade
313420,MG,Ituiutaba,106775.0,15.0,1.4048232264106766,166.0,15.546710372278156,19.83039370369878,31.343141063568453,80.16960629630123,68.65685893643155,74.41323261636639,Alta prioridade
312870,MG,Guaxupé,52744.0,10.0,1.895950250265433,64.0,12.134081601698771,26.76311097265328,24.463067891009054,73.23688902734672,75.53693210899095,74.38691056816884,Alta prioridade
350570,SP,Barueri,333737.0,23.0,0.689165420675562,687.0,20.58507147843961,9.728214455771273,41.50079236716538,90.27178554422872,58.49920763283462,74.38549658853167,Alta prioridade
510790,MT,Sinop,223780.0,38.0,1.6980963446241844,303.0,13.540084011082314,23.970218051381597,27.297656739567365,76.0297819486184,72.70234326043263,74.36606260452552,Alta prioridade
430700,RS,Erechim,109609.0,13.0,1.186033993558923,188.0,17.151876214544426,16.74197905905639,34.57925585697738,83.25802094094361,65.42074414302262,74.33938254198311,Alta prioridade
410620,PR,Contenda,20006.0,5.0,2.49925022493252,16.0,7.997600719784065,35.27925435223494,16.123663561473826,64.72074564776506,83.87633643852618,74.29854104314562,Alta prioridade
220500,PI,Itainópolis,10969.0,1.0,0.9116601331023795,21.0,19.14486279514997,12.868935410170707,38.59724152969592,87.1310645898293,61.40275847030408,74.2669115300667,Alta prioridade
431330,RS,Nova Prata,26637.0,3.0,1.1262529564140107,47.0,17.644629650486166,15.8981138094563,35.572677621611234,84.1018861905437,64.42732237838877,74.26460428446623,Alta prioridade
314700,MG,Paracatu,99005.0,18.0,1.818089995454775,127.0,12.827634967930912,25.664040657087263,25.861314881683604,74.33595934291273,74.1386851183164,74.23732223061457,Alta prioridade
355410,SP,Taubaté,322397.0,58.0,1.7990241844682178,419.0,12.996398849865228,25.39490890368528,26.20155342934027,74.60509109631472,73.79844657065973,74.20176883348722,Alta prioridade
521190,GO,Jataí,111634.0,19.0,1.7019904330221975,153.0,13.705501908020853,24.025186751071242,27.63114957207221,75.97481324892875,72.36885042792778,74.17183183842826,Alta prioridade
150010,PA,Abaetetuba,172344.0,31.0,1.7987281251450586,225.0,13.055284779278653,25.390729749448987,26.3202711482704,74.60927025055102,73.6797288517296,74.14449955114031,Alta prioridade
351740,SP,Guaíra,40489.0,8.0,1.9758452913136901,48.0,11.855071747882139,27.89090419899972,23.900566564561636,72.10909580100028,76.09943343543836,74.10426461821932,Alta prioridade
130070,AM,Boca do Acre,38792.0,5.0,1.2889255516601361,65.0,16.75603217158177,18.194389631130452,33.78120949342801,81.80561036886955,66.21879050657199,74.01220043772076,Alta prioridade
210620,MA,Luís Domingues,7366.0,1.0,1.3575889220743957,12.0,16.29106706489275,19.16363732204215,32.843810739632644,80.83636267795785,67.15618926036736,73.99627596916261,Alta prioridade
130440,AM,Urucurituba,25965.0,5.0,1.9256691700365878,32.0,12.32428268823416,27.182621319884937,24.84652518473679,72.81737868011507,75.15347481526321,73.98542674768913,Alta prioridade
350380,SP,Artur Nogueira,53467.0,18.0,3.36656255260254,12.0,2.24437503506836,47.52217901238006,4.524800529450578,52.47782098761994,95.47519947054943,73.97651022908468,Alta prioridade
510840,MT,Várzea Grande,318922.0,31.0,0.9720245075598423,607.0,19.032866970607234,13.721035011504496,38.37145093843149,86.2789649884955,61.62854906156851,73.953757025032,Alta prioridade
317040,MG,Unaí,91320.0,20.0,2.190100744634253,96.0,10.512483574244415,30.915320305335626,21.1938247838926,69.08467969466437,78.80617521610739,73.94542745538588,Alta prioridade
350760,SP,Bragança Paulista,185688.0,35.0,1.8848821679376158,235.0,12.65563741329542,26.60687463915647,25.514557047489834,73.39312536084353,74.48544295251017,73.93928415667685,Alta prioridade
241200,RN,São Gonçalo do Amarante,124495.0,35.0,2.81135788585887,77.0,6.184987348889513,39.68494588534227,12.469321567751262,60.31505411465773,87.53067843224873,73.92286627345322,Alta prioridade
351160,SP,Cesário Lange,19707.0,4.0,2.029735626934592,23.0,11.670979854873902,28.651616687301463,23.529425787313656,71.34838331269853,76.47057421268634,73.90947876269243,Alta prioridade
500795,MS,Tacuru,11205.0,3.0,2.677376171352075,8.0,7.1396697902722,37.79366867849062,14.39402111605736,62.20633132150938,85.60597888394264,73.90615510272602,Alta prioridade
353710,SP,Pedreira,44385.0,11.0,2.478314745972739,38.0,8.561450940633097,34.98373048678129,17.260420893900143,65.0162695132187,82.73957910609985,73.87792430965928,Alta prioridade
120030,AC,Feijó,37764.0,8.0,2.118419658934435,42.0,11.121703209405783,29.903474740845777,22.422049694907034,70.09652525915422,77.57795030509297,73.8372377821236,Alta prioridade
230428,CE,Eusébio,82016.0,19.0,2.31662114709325,80.0,9.754194303550527,32.70127411442995,19.66506615848404,67.29872588557005,80.33493384151596,73.816829863543,Alta prioridade
411140,PR,Ivaí,13476.0,2.0,1.4841199168892847,21.0,15.58325912733749,20.949740652146406,31.41682564108301,79.0502593478536,68.58317435891699,73.81671685338529,Alta prioridade
430160,RS,Bagé,121928.0,19.0,1.5582966996916214,184.0,15.090873302276753,21.99681531534256,30.424145002991292,78.00318468465744,69.5758549970087,73.78951984083307,Alta prioridade
355540,SP,Ubatuba,97096.0,24.0,2.471780505891077,86.0,8.857213479443026,34.89149357687134,17.85669668172009,65.10850642312866,82.1433033182799,73.62590487070429,Alta prioridade
150130,PA,Barcarena,139076.0,31.0,2.228997095113463,147.0,10.569760418763842,31.464378670216547,21.30929848697577,68.53562132978345,78.69070151302424,73.61316142140384,Alta prioridade
260640,PE,Gravatá,92429.0,24.0,2.5965876510618964,74.0,8.006145257440846,36.65326315701674,16.140889884129006,63.34673684298326,83.85911011587099,73.60292347942712,Alta prioridade
291920,BA,Lauro de Freitas,219564.0,20.0,0.9108961396221602,436.0,19.85753584376309,12.858150927671428,40.03403499660935,87.14184907232857,59.96596500339065,73.5539070378596,Alta prioridade
230960,CE,Pacajus,75454.0,20.0,2.6506215707583425,58.0,7.686802555199194,37.41600246883199,15.497075011123526,62.58399753116801,84.50292498887647,73.54346126002224,Alta prioridade
520140,GO,Aparecida de Goiânia,556021.0,55.0,0.9891712723080602,1080.0,19.42372680168555,13.963077632461607,39.15944881889725,86.0369223675384,60.84055118110275,73.43873677432057,Alta prioridade
291750,BA,Jacobina,86896.0,21.0,2.4166820106794327,82.0,9.436567851224453,34.1137267860133,19.02471135271569,65.8862732139867,80.97528864728432,73.4307809306355,Alta prioridade
260290,PE,Cabo de Santo Agostinho,218049.0,53.0,2.430646322615559,204.0,9.355695279501397,34.31084610913424,18.86166718690881,65.68915389086575,81.13833281309118,73.41374335197847,Alta prioridade
150180,PA,Breves,116058.0,21.0,1.8094401075324407,160.0,13.78621034310431,25.541939399243585,27.79386282814157,74.45806060075641,72.20613717185843,73.33209888630742,Alta prioridade
353130,SP,Monte Alto,48758.0,10.0,2.0509454858689855,59.0,12.100578366627014,28.951013682711036,24.395523272385912,71.04898631728896,75.60447672761408,73.32673152245152,Alta prioridade
261370,PE,São Lourenço da Mata,118258.0,40.0,3.382435014967275,33.0,2.790508887348002,47.7462336634012,5.6258405541051655,52.2537663365988,94.37415944589483,73.31396289124682,Alta prioridade
520551,GO,Cocalzinho de Goiás,27196.0,7.0,2.573907927636417,23.0,8.457126047948229,36.33311764962264,17.050095381327782,63.66688235037736,82.94990461867222,73.30839348452479,Alta prioridade
315790,MG,Santa Margarida,16989.0,2.0,1.177232326799694,31.0,18.247101065395256,16.617735300978573,36.78729769827612,83.38226469902142,63.21270230172388,73.29748350037265,Alta prioridade
432120,RS,Taquara,54353.0,9.0,1.6558423638069657,81.0,14.902581274262689,23.37376359405115,30.04453649071633,76.62623640594884,69.95546350928367,73.29084995761626,Alta prioridade
210043,MA,Alto Alegre do Maranhão,24528.0,1.0,0.40769732550554466,58.0,23.64644487932159,5.755029049011842,47.672712731951826,94.24497095098816,52.327287268048174,73.28612910951817,Alta prioridade
330580,RJ,Teresópolis,176735.0,33.0,1.867202308541036,238.0,13.466489376750502,26.357306888660208,27.14928535101324,73.6426931113398,72.85071464898675,73.24670388016327,Alta prioridade
431710,RS,Sant'Ana do Livramento,87329.0,15.0,1.717642478443587,127.0,14.542706317489035,24.246130010791802,29.319006055961765,75.7538699892082,70.68099394403824,73.21743196662322,Alta prioridade
316245,MG,São João das Missões,13547.0,5.0,3.6908540636303244,1.0,0.7381708127260649,52.0998569846322,1.4881985550806702,47.9001430153678,98.51180144491933,73.20597223014357,Alta prioridade
353350,SP,Novo Horizonte,39494.0,8.0,2.0256241454398136,49.0,12.40694789081886,28.593579280733778,25.01318340654819,71.40642071926622,74.9868165934518,73.19661865635902,Alta prioridade
160060,AP,Santana,118803.0,16.0,1.3467673375251465,204.0,17.17128355344562,19.01088053522722,34.618382266763284,80.98911946477278,65.38161773323671,73.18536859900475,Alta prioridade
230770,CE,Maranguape,108622.0,35.0,3.222183351438935,44.0,4.050744784666089,45.48413155710341,8.166554991896897,54.51586844289659,91.8334450081031,73.17465672549984,Alta prioridade
521040,GO,Itaberaí,47603.0,14.0,2.9409911140054197,29.0,6.09205302186837,41.51484014029104,12.281960148407817,58.48515985970896,87.71803985159218,73.10159985565056,Alta prioridade
411280,PR,Joaquim Távora,12341.0,1.0,0.810307106393323,26.0,21.0679847662264,11.438242647610606,42.47437577729712,88.56175735238939,57.52562422270288,73.04369078754614,Alta prioridade
352070,SP,Indiaporã,4113.0,1.0,2.4313153415998054,4.0,9.725261366399222,34.32028993779783,19.60673554648951,65.67971006220216,80.39326445351048,73.03648725785632,Alta prioridade
280120,SE,Canindé de São Francisco,33641.0,10.0,2.9725632412829586,20.0,5.945126482565917,41.960510244690255,11.985747050133968,58.039489755309745,88.01425294986603,73.02687135258789,Alta prioridade
220440,PI,Gilbués,11193.0,3.0,2.6802465826856072,9.0,8.04073974805682,37.8341872190197,16.210634542222866,62.1658127809803,83.78936545777714,72.97758911937872,Alta prioridade
150570,PA,Ponta de Pedras,25736.0,7.0,2.7199253963319863,20.0,7.77121541809139,38.394290783304996,15.667256625487907,61.605709216695004,84.33274337451209,72.96922629560355,Alta prioridade
313130,MG,Ipatinga,235311.0,22.0,0.9349329185630931,477.0,20.27104555248161,13.197452542854244,40.86769644788526,86.80254745714575,59.13230355211474,72.96742550463024,Alta prioridade
313760,MG,Lagoa Santa,81299.0,22.0,2.706060345145697,64.0,7.872175549514754,38.19857261850176,15.870798568781677,61.80142738149824,84.12920143121832,72.96531440635829,Alta prioridade
310260,MG,Andradas,42501.0,11.0,2.588174395896567,37.0,8.705677513470272,36.5345021918493,17.55119069080916,63.4654978081507,82.44880930919084,72.95715355867077,Alta prioridade
352800,SP,Macatuba,17140.0,4.0,2.3337222870478413,18.0,10.501750291715286,32.94267269875437,21.172185814597498,67.05732730124564,78.8278141854025,72.94257074332407,Alta prioridade
410170,PR,Araruna,14894.0,2.0,1.342822613132805,26.0,17.456693970726466,18.955197061120245,35.19378752971826,81.04480293887976,64.80621247028174,72.92550770458075,Alta prioridade
411420,PR,Mandaguari,38313.0,8.0,2.0880641035679797,47.0,12.26737660846188,29.474977686772114,24.731798966587277,70.52502231322788,75.26820103341272,72.89661167332031,Alta prioridade
110040,RO,Alto Paraíso,17467.0,5.0,2.862540791206275,12.0,6.870097898895059,40.40744046320561,13.850547312539879,59.59255953679439,86.14945268746013,72.87100611212726,Alta prioridade
521740,GO,Pires do Rio,33736.0,8.0,2.3713540431586435,35.0,10.374673938819065,33.47388013141154,20.915991934394246,66.52611986858847,79.08400806560576,72.80506396709711,Alta prioridade
250320,PB,Cabedelo,70734.0,23.0,3.2516187406339245,30.0,4.2412418356094665,45.899639605080125,8.550608968393348,54.100360394919875,91.44939103160665,72.77487571326327,Alta prioridade
350600,SP,Bauru,392947.0,29.0,0.7380130144777794,859.0,21.86045446332457,10.417743927070857,44.072044281435566,89.58225607292914,55.927955718564434,72.7551058957468,Alta prioridade
211220,MA,Timon,182711.0,48.0,2.6270996272802405,158.0,8.647536273130791,37.08396823770763,17.43397431165665,62.91603176229237,82.56602568834334,72.74102872531786,Alta prioridade
355710,SP,Votuporanga,100568.0,18.0,1.789833744332193,146.0,14.517540370694455,25.26517724579314,29.268269932274325,74.73482275420686,70.73173006772568,72.73327641096627,Alta prioridade
130090,AM,Canutama,18109.0,3.0,1.6566348224639682,28.0,15.461925009663702,23.384949889142824,31.172208466452005,76.61505011085717,68.827791533548,72.72142082220259,Alta prioridade
354340,SP,Ribeirão Preto,731639.0,53.0,0.7244009682370677,1609.0,21.991719960253622,10.225597163697685,44.3366837381764,89.77440283630231,55.6633162618236,72.71885954906296,Alta prioridade
353950,SP,Pitangueiras,34361.0,9.0,2.619248566688979,30.0,8.730828555629929,36.97314317474644,17.601896765819827,63.02685682525356,82.39810323418017,72.71248002971686,Alta prioridade
352390,SP,Itu,175047.0,18.0,1.028295257845036,348.0,19.880374985004025,14.515349279078904,40.080080134683186,85.4846507209211,59.919919865316814,72.70228529311896,Alta prioridade
411520,PR,Maringá,429660.0,42.0,0.9775171065493646,870.0,20.24856863566541,13.798568183202589,40.822381576920634,86.20143181679741,59.177618423079366,72.6895251199384,Alta prioridade
120035,AC,Marechal Thaumaturgo,18057.0,5.0,2.7690092484908897,14.0,7.753225895774492,39.087155262270166,15.630988622666543,60.912844737729834,84.36901137733346,72.64092805753165,Alta prioridade
432240,RS,Uruguaiana,120819.0,25.0,2.069210968473502,153.0,12.66357112705783,29.208848052492257,25.53055191094703,70.79115194750774,74.46944808905297,72.63030001828037,Alta prioridade
420400,SC,Catanduvas,11033.0,1.0,0.9063717937097797,23.0,20.846551255324936,12.794285553717256,42.02795196144207,87.20571444628274,57.97204803855793,72.58888124242034,Alta prioridade
150590,PA,Porto de Moz,44121.0,9.0,2.0398449717821445,57.0,12.91901815462025,28.794319544603752,26.045549105043786,71.20568045539625,73.95445089495621,72.58006567517623,Alta prioridade
510260,MT,Campinápolis,15808.0,3.0,1.8977732793522268,22.0,13.917004048582996,26.788844733203916,28.057551123792535,73.21115526679608,71.94244887620746,72.57680207150177,Alta prioridade
352320,SP,Itararé,45213.0,10.0,2.2117532568066705,53.0,11.722292261075353,31.22096576519197,23.632874809477922,68.77903423480802,76.36712519052207,72.57307971266505,Alta prioridade
312245,MG,Divisópolis,10659.0,4.0,3.7526972511492636,1.0,0.9381743127873159,52.97283141539074,1.8914181279367517,47.02716858460926,98.10858187206325,72.56787522833625,Alta prioridade
150800,PA,Tomé-Açu,73058.0,18.0,2.4637958881984177,73.0,9.992061102138027,34.77878323051445,20.144620510751487,65.22121676948555,79.85537948924852,72.53829812936704,Alta prioridade
411450,PR,Manoel Ribas,14675.0,1.0,0.6814310051107325,33.0,22.487223168654175,9.619035946450595,45.33564921617504,90.3809640535494,54.66435078382496,72.52265741868717,Alta prioridade
412700,PR,Teixeira Soares,9540.0,3.0,3.144654088050314,5.0,5.241090146750524,44.38973349501965,10.566365736728427,55.61026650498035,89.43363426327157,72.52195038412596,Alta prioridade
412600,PR,São Sebastião da Amoreira,8063.0,2.0,2.4804663276696015,8.0,9.921865310678406,35.014102074702336,20.003101402136014,64.98589792529766,79.99689859786399,72.49139826158083,Alta prioridade
150360,PA,Itaituba,135369.0,25.0,1.8468039211340852,195.0,14.405070584845864,26.069364572790388,29.041523805355567,73.93063542720961,70.95847619464443,72.44455581092703,Alta prioridade
520180,GO,Aragoiânia,12806.0,4.0,3.123535842573794,7.0,5.466187724504139,44.09162970924957,11.020176540664133,55.90837029075043,88.97982345933586,72.44409687504314,Alta prioridade
211200,MA,Tasso Fragoso,9130.0,1.0,1.095290251916758,18.0,19.715224534501644,15.461046277564346,39.747126490931116,84.53895372243565,60.252873509068884,72.39591361575226,Alta prioridade
353930,SP,Pirassununga,75594.0,20.0,2.645712622694923,67.0,8.863137286027992,37.346708075816196,17.868639446522412,62.653291924183804,82.13136055347759,72.39232623883069,Alta prioridade
354530,SP,Salto de Pirapora,45262.0,11.0,2.4302947284697978,47.0,10.383986567098228,34.30588302893789,20.93476677581323,65.6941169710621,79.06523322418677,72.37967509762444,Alta prioridade
521760,GO,Planaltina,112304.0,33.0,2.9384527710500072,77.0,6.856389799116683,41.47900905548656,13.822910925498588,58.52099094451344,86.17708907450141,72.34904000950743,Alta prioridade
293345,BA,Wanderley,13460.0,1.0,0.7429420505200593,30.0,22.288261515601782,10.487321880695577,44.934530072090276,89.51267811930443,55.065469927909724,72.28907402360707,Alta prioridade
150480,PA,Monte Alegre,64002.0,16.0,2.49992187744133,64.0,9.99968750976532,35.28873535556076,20.15999582580828,64.71126464443924,79.84000417419172,72.27563440931547,Alta prioridade
230430,CE,Farias Brito,18498.0,1.0,0.5405989836739107,44.0,23.78635528165207,7.631060250522352,47.95478085900232,92.36893974947765,52.04521914099768,72.20707944523767,Alta prioridade
220280,PI,Conceição do Canindé,5078.0,1.0,1.9692792437967703,7.0,13.784954706577393,27.798218297393163,27.791331386322344,72.20178170260684,72.20866861367766,72.20522515814224,Alta prioridade
410310,PR,Bocaiúva do Sul,13405.0,4.0,2.9839612085042893,9.0,6.713912719134651,42.12140321198433,13.535668215673297,57.87859678801567,86.4643317843267,72.17146428617119,Alta prioridade
310400,MG,Araxá,118786.0,26.0,2.1888101291397977,146.0,12.291010725169635,30.89710206058142,24.779446824953823,69.10289793941858,75.22055317504618,72.16172555723239,Alta prioridade
150680,PA,Santarém,360871.0,75.0,2.078304989871727,472.0,13.079466069592735,29.337218669724596,26.36902214287083,70.66278133027541,73.63097785712917,72.1468795937023,Alta prioridade
351040,SP,Capivari,51369.0,10.0,1.9466993712161031,72.0,14.016235472755943,27.479482278059237,28.257607885082532,72.52051772194076,71.74239211491746,72.13145491842911,Alta prioridade
510787,MT,Sapezal,32514.0,8.0,2.4604785630805193,34.0,10.457033893092206,34.7319560839423,21.082034756506317,65.2680439160577,78.91796524349368,72.0930045797757,Alta prioridade
110045,RO,Buritis,30649.0,6.0,1.957649515481745,43.0,14.029821527619172,27.634053805506703,28.284998221936995,72.36594619449329,71.715001778063,72.04047398627814,Alta prioridade
260700,PE,Inajá,27758.0,9.0,3.2423085236688527,14.0,5.043591036818215,45.76821718522453,10.168195171103457,54.23178281477547,89.83180482889654,72.031793821836,Alta prioridade
150140,PA,Belém,1397315.0,98.0,0.7013450796706542,3198.0,22.886750661089305,9.900141733530324,46.14112164438064,90.09985826646968,53.85887835561936,71.97936831104452,Alta prioridade
411960,PR,Pitanga,34527.0,2.0,0.5792568135082689,82.0,23.749529353839023,8.17675167342442,47.880537483870086,91.82324832657558,52.119462516129914,71.97135542135274,Alta prioridade
354060,SP,Porto Feliz,58605.0,13.0,2.2182407644398943,72.0,12.285641156897876,31.31254300288563,24.768621439276586,68.68745699711437,75.23137856072341,71.95941777891889,Alta prioridade
350330,SP,Araras,135744.0,25.0,1.8417020273455917,203.0,14.954620462046206,25.99734657041241,30.149450750033896,74.00265342958758,69.85054924996611,71.92660133977685,Alta prioridade
150815,PA,Uruará,45962.0,7.0,1.5229972586049345,79.0,17.188111918541406,21.4985306905517,34.65230930395869,78.5014693094483,65.34769069604131,71.9245800027448,Alta prioridade
432000,RS,Sapucaia do Sul,136572.0,28.0,2.05020062677562,185.0,13.545968426910347,28.940499299977663,27.309520090138534,71.05950070002234,72.69047990986147,71.8749903049419,Alta prioridade
317010,MG,Uberaba,356781.0,40.0,1.1211359349292704,716.0,20.068333235233936,15.8258822654976,40.45901573005662,84.1741177345024,59.54098426994338,71.85755100222289,Alta prioridade
130270,AM,Manicoré,58018.0,13.0,2.240683925678238,71.0,12.237581440242684,31.62934921376318,24.671730042799243,68.37065078623682,75.32826995720076,71.84946037171879,Alta prioridade
420890,SC,Jaraguá do Sul,199519.0,38.0,1.9045805161413198,292.0,14.63519765034909,26.884935246959806,29.505474371352747,73.1150647530402,70.49452562864725,71.80479519084372,Alta prioridade
355370,SP,Taquaritinga,53264.0,10.0,1.877440672874737,79.0,14.831781315710424,26.50183097667514,29.90179934343176,73.49816902332486,70.09820065656824,71.79818483994654,Alta prioridade
510525,MT,Lucas do Rio Verde,95792.0,25.0,2.6098212794387843,93.0,9.708535159512277,36.840068198326186,19.57301446663645,63.159931801673814,80.42698553336355,71.79345866751868,Alta prioridade
411915,PR,Pinhais,131255.0,14.0,1.0666260332939697,270.0,20.57064492781227,15.056424023452628,41.471707538250094,84.94357597654738,58.528292461749906,71.73593421914865,Alta prioridade
313750,MG,Lagoa Formosa,19614.0,6.0,3.059039461609055,13.0,6.6279188334862855,43.181202971600634,13.362299160488014,56.818797028399366,86.63770083951198,71.72824893395567,Alta prioridade
130008,AM,Anamã,9981.0,1.0,1.0019036168720568,21.0,21.039975954313196,14.142806583925704,42.41790825961673,85.8571934160743,57.58209174038327,71.71964257822879,Alta prioridade
510630,MT,Paranatinga,28870.0,8.0,2.7710426047800487,25.0,8.659508139937651,39.11585798799099,17.458110344369448,60.88414201200901,82.54188965563056,71.71301583381978,Alta prioridade
150290,PA,Curuçá,44880.0,14.0,3.1194295900178255,28.0,6.238859180035651,44.033666114043555,12.577930550779401,55.966333885956445,87.4220694492206,71.69420166758852,Alta prioridade
420240,SC,Blumenau,385558.0,81.0,2.100851233796212,517.0,13.409136887316565,29.655479989125265,27.033659143048368,70.34452001087473,72.96634085695163,71.65543043391318,Alta prioridade
170305,TO,Bandeirantes do Tocantins,3555.0,1.0,2.8129395218002813,3.0,8.438818565400844,39.707272155882556,17.013186350782984,60.292727844117444,82.98681364921701,71.63977074666722,Alta prioridade
312230,MG,Divinópolis,243583.0,60.0,2.4632260872064142,266.0,10.920302319948435,34.770739956605134,22.016012897576203,65.22926004339487,77.9839871024238,71.60662357290934,Alta prioridade
110030,RO,Vilhena,109651.0,10.0,0.9119843868272975,239.0,21.79642684517241,12.87351255475668,43.94296059622806,87.12648744524333,56.05703940377194,71.59176342450763,Alta prioridade
160030,AP,Macapá,489676.0,40.0,0.8168666628546222,1100.0,22.46383322850211,11.530836921896311,45.288493633025965,88.46916307810369,54.711506366974035,71.59033472253887,Alta prioridade
351860,SP,Guariba,38678.0,8.0,2.068359274005895,53.0,13.702880190289052,29.19682558853353,27.625864025051072,70.80317441146647,72.37413597494893,71.5886551932077,Alta prioridade
350130,SP,Álvares Machado,28386.0,9.0,3.170577045022194,17.0,5.988867751708589,44.75566027715995,12.073932186166534,55.24433972284005,87.92606781383347,71.58520376833675,Alta prioridade
410950,PR,Guaraqueçaba,7446.0,1.0,1.3430029546065,14.0,18.802041364491004,18.95774274968607,37.90609207084203,81.04225725031392,62.09390792915797,71.56808258973595,Alta prioridade
430535,RS,Charqueadas,36110.0,6.0,1.6615895873719193,60.0,16.61589587371919,23.454891029769453,33.49868594684769,76.54510897023054,66.50131405315231,71.52321151169143,Alta prioridade
430450,RS,Canguçu,50968.0,9.0,1.7658138439805369,81.0,15.89232459582483,24.92611388768369,32.039920967664116,75.0738861123163,67.96007903233588,71.5169825723261,Alta prioridade
352980,SP,Mineiros do Tietê,11322.0,3.0,2.6497085320614735,11.0,9.715597950892068,37.40311407370495,19.58725349606573,62.59688592629505,80.41274650393427,71.50481621511466,Alta prioridade
292390,BA,Pau Brasil,9537.0,2.0,2.097095522701059,13.0,13.631120897556885,29.60246461448306,27.48119280002222,70.39753538551693,72.51880719997777,71.45817129274735,Alta prioridade
320245,ES,Ibatiba,27543.0,7.0,2.541480593980322,29.0,10.528991032204189,35.87537550735713,21.227104852218613,64.12462449264288,78.77289514778138,71.44875982021213,Alta prioridade
330460,RJ,Santa Maria Madalena,10580.0,1.0,0.945179584120983,23.0,21.73913043478261,13.342093810412333,43.827447447125735,86.65790618958766,56.172552552874265,71.41522937123096,Alta prioridade
220555,PI,Lagoa Alegre,8464.0,2.0,2.3629489603024574,10.0,11.814744801512287,33.35523452603083,23.819264916916158,66.64476547396917,76.18073508308385,71.41275027852652,Alta prioridade
150400,PA,Limoeiro do Ajuru,32088.0,10.0,3.1164298180004986,21.0,6.544502617801047,43.99132152647796,13.1941268492656,56.00867847352204,86.8058731507344,71.40727581212822,Alta prioridade
130120,AM,Coari,73576.0,15.0,2.0387082744373166,104.0,14.135044036098728,28.778273998483705,28.49713338412655,71.22172600151629,71.50286661587344,71.36229630869487,Alta prioridade
355470,SP,Torrinha,9484.0,2.0,2.108814846056516,13.0,13.707296499367356,29.767893824159103,27.634767580536895,70.2321061758409,72.3652324194631,71.298669297652,Alta prioridade
316930,MG,Três Corações,78291.0,18.0,2.2991148407862974,97.0,12.389674419792826,32.45415622810955,24.978359007941535,67.54584377189045,75.02164099205847,71.28374238197446,Alta prioridade
290290,BA,Barra do Choça,38581.0,11.0,2.8511443456623726,33.0,8.55343303698712,40.2465689758116,17.244256298368853,59.7534310241884,82.75574370163115,71.25458736290977,Alta prioridade
261480,PE,Tacaratu,24898.0,8.0,3.2131094867057595,15.0,6.024580287573299,45.35604547004979,12.145930893451986,54.64395452995021,87.85406910654801,71.2490118182491,Alta prioridade
315770,MG,Santa Juliana,16820.0,3.0,1.78359096313912,27.0,16.05231866825208,25.17705455068296,32.362479030517335,74.82294544931705,67.63752096948267,71.23023320939986,Alta prioridade
320060,ES,Aracruz,103363.0,22.0,2.1284211952052474,141.0,13.64124493290636,30.044655779259255,27.501603488874892,69.95534422074074,72.49839651112511,71.22687036593292,Alta prioridade
351840,SP,Guaratinguetá,121916.0,14.0,1.1483316381771056,250.0,20.505922110305455,16.20977505166077,41.341222287636235,83.79022494833923,58.658777712363765,71.2245013303515,Alta prioridade
431390,RS,Panambi,45102.0,13.0,2.8823555496430315,38.0,8.425346991264245,40.68714431032132,16.9860268142379,59.31285568967868,83.0139731857621,71.16341443772039,Alta prioridade
411460,PR,Marechal Cândido Rondon,58734.0,20.0,3.4051826880512137,28.0,4.7672557632717,48.067338343774466,9.611085965862694,51.932661656225534,90.3889140341373,71.16078784518142,Alta prioridade
420820,SC,Itajaí,294850.0,45.0,1.526199762591148,529.0,17.941326098015942,21.543737029463493,36.1708362278568,78.4562629705365,63.8291637721432,71.14271337133985,Alta prioridade
260520,PE,Escada,62174.0,9.0,1.4475504230064014,115.0,18.496477627304017,20.43352804431856,37.29005645370977,79.56647195568144,62.70994354629023,71.13820775098583,Alta prioridade
500410,MS,Guia Lopes da Laguna,10116.0,2.0,1.977066034005536,15.0,14.827995255041518,27.908136123796456,29.89416640818185,72.09186387620355,70.10583359181815,71.09884873401086,Alta prioridade
130350,AM,Pauini,20229.0,4.0,1.9773592367393347,30.0,14.830194275545011,27.9122749546023,29.898599771137242,72.0877250453977,70.10140022886276,71.09456263713022,Alta prioridade
292910,BA,São Felipe,20923.0,6.0,2.867657601682359,18.0,8.602972805047077,40.479669028579785,17.34413157110362,59.520330971420215,82.65586842889638,71.0880997001583,Alta prioridade
230625,CE,Itaitinga,72512.0,24.0,3.309796999117388,40.0,5.5163283318623115,46.72088013487285,11.121263143026166,53.27911986512715,88.87873685697383,71.07892836105049,Alta prioridade
230730,CE,Juazeiro do Norte,305531.0,54.0,1.7674147631500567,500.0,16.364951510648673,24.948712359023382,32.992766406154914,75.05128764097662,67.00723359384509,71.02926061741086,Alta prioridade
421620,SC,São Francisco do Sul,56726.0,18.0,3.1731481155025913,37.0,6.522582237421993,44.79195334158806,13.149933990587737,55.20804665841194,86.85006600941226,71.0290563339121,Alta prioridade
260400,PE,Carpina,83482.0,28.0,3.3540164346805303,44.0,5.270597254497975,47.34507882413634,10.625853912577858,52.65492117586366,89.37414608742215,71.0145336316429,Alta prioridade
311830,MG,Conselheiro Lafaiete,138946.0,34.0,2.446993796151023,162.0,11.659205734601931,34.54160598708509,23.505688423990684,65.45839401291491,76.49431157600932,70.97635279446212,Alta prioridade
220600,PI,Marcos Parente,4863.0,2.0,4.112687641373637,0.0,0.0,58.05443245493007,0.0,41.94556754506993,100.0,70.97278377253497,Alta prioridade
240130,RN,Campo Grande,10071.0,3.0,2.978850163836759,8.0,7.9436004368980235,42.04925603639037,16.014795611699206,57.95074396360963,83.98520438830079,70.9679741759552,Alta prioridade
110018,RO,Pimenta Bueno,39220.0,8.0,2.039775624681285,57.0,14.533401325854156,28.793340645418148,29.300246610495584,71.20665935458186,70.69975338950442,70.95320637204314,Alta prioridade
150780,PA,Senador José Porfírio,24989.0,6.0,2.401056464844532,30.0,12.005282324222659,33.893157592739804,24.2034004870277,66.10684240726019,75.7965995129723,70.95172096011625,Alta prioridade
240820,RN,Nísia Floresta,34325.0,14.0,4.0786598689002185,1.0,0.29133284777858703,57.57409862194537,0.5873452534793252,42.42590137805463,99.41265474652067,70.91927806228765,Alta prioridade
150640,PA,Santa Cruz do Arari,7626.0,1.0,1.3113034356150013,15.0,19.66955153422502,18.510274392101035,39.655046864039804,81.48972560789896,60.344953135960196,70.91733937192959,Alta prioridade
500660,MS,Ponta Porã,98598.0,24.0,2.4341264528692266,117.0,11.86636645773748,34.359971402461504,23.923337406481945,65.6400285975385,76.07666259351805,70.85834559552828,Alta prioridade
315800,MG,Santa Maria de Itabira,10718.0,3.0,2.799029669714499,10.0,9.33009889904833,39.51092158448287,18.810063282028214,60.48907841551713,81.18993671797179,70.83950756674446,Alta prioridade
293010,BA,Senhor do Bonfim,78090.0,19.0,2.4330900243309004,93.0,11.909335382251248,34.34534124432177,24.009965447407335,65.65465875567823,75.99003455259266,70.82234665413544,Alta prioridade
314280,MG,Monte Alegre de Minas,20708.0,6.0,2.8974309445624877,18.0,8.692292833687464,40.899947608893896,17.524206338719388,59.100052391106104,82.47579366128062,70.78792302619337,Alta prioridade
520510,GO,Catalão,122760.0,20.0,1.6291951775822744,216.0,17.59530791788856,22.99761363867098,35.473241922013784,77.00238636132902,64.52675807798622,70.76457221965762,Alta prioridade
260590,PE,Gameleira,17583.0,4.0,2.2749246431211967,23.0,13.080816697946881,32.112688964150024,26.371745094158577,67.88731103584998,73.62825490584143,70.75778297084571,Alta prioridade
280290,SE,Itabaiana,109250.0,24.0,2.196796338672769,149.0,13.638443935926773,31.009834877253084,27.49595650367046,68.99016512274692,72.50404349632954,70.74710430953823,Alta prioridade
230490,CE,Groaíras,11369.0,2.0,1.7591696719148562,19.0,16.712111883191135,24.832325185005274,33.692663443388064,75.16767481499473,66.30733655661194,70.73750568580334,Alta prioridade
350590,SP,Batatais,59939.0,10.0,1.6683628355494753,104.0,17.350973489714544,23.550501762485606,34.980648423739055,76.44949823751439,65.01935157626095,70.73442490688767,Alta prioridade
230470,CE,Granja,55809.0,16.0,2.866921105914817,50.0,8.959128455983802,40.46927270201222,18.062163652527225,59.53072729798778,81.93783634747277,70.73428182273028,Alta prioridade
310060,MG,Água Boa,12391.0,3.0,2.4211120974901137,15.0,12.105560487450568,34.176261604591026,24.405567539760114,65.82373839540898,75.59443246023989,70.70908542782443,Alta prioridade
130140,AM,Eirunepé,35793.0,4.0,1.117536948565362,76.0,21.233202022741875,15.775079207013937,42.80746410615247,84.22492079298607,57.19253589384753,70.7087283434168,Alta prioridade
510704,MT,Primavera do Leste,96006.0,21.0,2.187363289794388,132.0,13.749140678707581,30.876678570062417,27.719128064802977,69.12332142993759,72.28087193519703,70.70209668256732,Alta prioridade
313820,MG,Lavras,110682.0,22.0,1.9876764062810575,168.0,15.17861982978262,28.057911451831142,30.601047493846124,71.94208854816885,69.39895250615388,70.67052052716136,Alta prioridade
411200,PR,Jaguariaíva,36384.0,5.0,1.3742304309586633,71.0,19.514072119613015,19.398547783938337,39.341590633881005,80.60145221606166,60.658409366118995,70.62993079109033,Alta prioridade
330340,RJ,Nova Friburgo,203417.0,29.0,1.4256428912037833,390.0,19.17243888170605,20.124282743874463,38.65283664597529,79.87571725612554,61.34716335402471,70.61144030507512,Alta prioridade
500635,MS,Paranhos,13368.0,4.0,2.9922202274087373,11.0,8.228605625374028,42.23798698807973,16.589383908023354,57.76201301192027,83.41061609197665,70.58631455194846,Alta prioridade
350580,SP,Bastos,21936.0,6.0,2.735229759299781,22.0,10.029175784099198,38.61032618002256,20.219446032317308,61.38967381997744,79.78055396768269,70.58511389383007,Alta prioridade
292530,BA,Porto Seguro,182630.0,49.0,2.6830203142966655,190.0,10.403548157476864,37.873341034846206,20.974204166231118,62.126658965153794,79.02579583376888,70.57622739946135,Alta prioridade
420540,SC,Florianópolis,587486.0,57.0,0.9702358864721883,1316.0,22.40053379995438,13.695786952041855,45.16087802363296,86.30421304795814,54.83912197636704,70.57166751216259,Alta prioridade
421250,SC,Penha,36995.0,11.0,2.9733747803757264,31.0,8.379510744695228,41.971965877977766,16.893618072604756,58.028034122022234,83.10638192739525,70.56720802470875,Alta prioridade
411430,PR,Mandirituba,29104.0,5.0,1.7179769103903242,50.0,17.179769103903244,24.25085083049795,34.63548966753339,75.74914916950205,65.36451033246661,70.55682975098432,Alta prioridade
411990,PR,Ponta Grossa,375632.0,68.0,1.8102824040550325,622.0,16.558759637091622,25.55382920241898,33.383495718074116,74.44617079758102,66.61650428192588,70.53133753975345,Alta prioridade
150550,PA,Paragominas,113498.0,27.0,2.378896544432501,143.0,12.599340957549913,33.58034959102704,25.40105986953013,66.41965040897296,74.59894013046987,70.5092952697214,Alta prioridade
310210,MG,Alto Rio Doce,10931.0,2.0,1.8296587686396486,18.0,16.46692891775684,25.82734471030326,33.19835924089297,74.17265528969673,66.80164075910703,70.48714802440188,Alta prioridade
355385,SP,Taquarivaí,7170.0,3.0,4.184100418410042,0.0,0.0,59.06249059169978,0.0,40.93750940830022,100.0,70.46875470415011,Alta prioridade
521560,GO,Padre Bernardo,37207.0,11.0,2.9564329292874993,32.0,8.600532157927272,41.73281580497721,17.339211073768134,58.26718419502279,82.66078892623187,70.46398656062733,Alta prioridade
510270,MT,Canarana,28324.0,8.0,2.824459822059031,27.0,9.53255189944923,39.86989196841194,19.218221200865045,60.13010803158806,80.78177879913495,70.4559434153615,Alta prioridade
320140,ES,Castelo,39575.0,11.0,2.779532533164877,39.0,9.8547062539482,39.23570126736038,19.8677045407817,60.76429873263962,80.1322954592183,70.44829709592895,Alta prioridade
350530,SP,Barra Bonita,35129.0,8.0,2.2773207321586155,47.0,13.379259301431864,32.14651200185886,26.973424060088767,67.85348799814113,73.02657593991123,70.44003196902618,Alta prioridade
354080,SP,Potirendaba,19097.0,5.0,2.61821228465204,21.0,10.996491595538565,36.9585150846108,22.16961524528641,63.0414849153892,77.83038475471359,70.4359348350514,Alta prioridade
270910,AL,Taquarana,19428.0,8.0,4.117768169652049,1.0,0.5147210212065061,58.126148863151116,1.0377097913155158,41.873851136848884,98.96229020868448,70.41807067276667,Alta prioridade
230240,CE,Boa Viagem,52133.0,12.0,2.301804998753189,69.0,13.235378742830838,32.49213032378627,26.683351849534287,67.50786967621373,73.31664815046571,70.41225891333971,Alta prioridade
510140,MT,Aripuanã,26558.0,6.0,2.2592062655320433,36.0,13.555237593192258,31.890809363844223,27.32820730945109,68.10919063615577,72.67179269054891,70.39049166335235,Alta prioridade
317070,MG,Varginha,143676.0,25.0,1.7400261699935968,247.0,17.191458559536734,24.562096751399416,34.65905634164666,75.43790324860058,65.34094365835334,70.38942345347695,Alta prioridade
130030,AM,Autazes,45960.0,13.0,2.8285465622280244,44.0,9.573542210617928,39.92758012802681,19.30086023346007,60.07241987197319,80.69913976653993,70.38577981925656,Alta prioridade
521570,GO,Palmeiras de Goiás,34375.0,5.0,1.4545454545454546,66.0,19.2,20.53226945660545,38.70840158530145,79.46773054339455,61.29159841469855,70.37966447904655,Alta prioridade
411700,PR,Nova Fátima,7140.0,1.0,1.4005602240896358,14.0,19.607843137254903,19.77021743895833,39.53063887387812,80.22978256104167,60.46936112612188,70.34957184358177,Alta prioridade
520790,GO,Flores de Goiás,14273.0,5.0,3.5031177748195894,7.0,4.904364884747426,49.44978368743869,9.887506535398646,50.55021631256131,90.11249346460136,70.33135488858133,Alta prioridade
421580,SC,São Bento do Sul,87661.0,26.0,2.965971184449185,76.0,8.66976192377454,41.86745719725105,17.478782614292736,58.13254280274895,82.52121738570726,70.3268800942281,Alta prioridade
292575,BA,Presidente Tancredo Neves,29489.0,10.0,3.391094984570518,17.0,5.764861473769881,47.86847723359981,11.622321510954025,52.13152276640019,88.37767848904598,70.25460062772308,Alta prioridade
292580,BA,Queimadas,27429.0,8.0,2.916621094462066,25.0,9.114440920193955,41.170834522341316,18.375283300227714,58.829165477658684,81.62471669977228,70.22694108871548,Alta prioridade
130100,AM,Carauari,31130.0,6.0,1.9274012206874398,50.0,16.061676839062,27.20707083472454,32.38134568852849,72.79292916527547,67.61865431147152,70.20579173837349,Alta prioridade
510675,MT,Pontes e Lacerda,55762.0,13.0,2.3313367526272373,74.0,13.270686130339659,32.9089986493331,26.75453375237904,67.0910013506669,73.24546624762095,70.16823379914393,Alta prioridade
521730,GO,Pirenópolis,28028.0,7.0,2.4975024975024973,34.0,12.130726416440703,35.25458354499562,24.456303627552682,64.74541645500437,75.54369637244731,70.14455641372584,Alta prioridade
421650,SC,São Joaquim,26982.0,3.0,1.11185234600845,59.0,21.86642947149952,15.694835725390535,44.08409027184762,84.30516427460947,55.91590972815238,70.11053700138092,Alta prioridade
312620,MG,Formoso,8095.0,2.0,2.470660901791229,10.0,12.353304508956146,34.87568931789066,24.905034991572375,65.12431068210934,75.09496500842762,70.10963784526848,Alta prioridade
314710,MG,Pará de Minas,102844.0,28.0,2.722570106180234,109.0,10.598576484773055,38.431623336281646,21.36739347943375,61.568376663718354,78.63260652056624,70.1004915921423,Alta prioridade
352270,SP,Itápolis,40445.0,8.0,1.9779948077636298,64.0,15.823958462109038,27.921246634028922,31.902090563564883,72.07875336597108,68.09790943643512,70.0883314012031,Alta prioridade
351050,SP,Caraguatatuba,142248.0,14.0,0.9841966143636466,325.0,22.847421404870367,13.892855683020322,46.06183140251742,86.10714431697969,53.93816859748258,70.02265645723114,Alta prioridade
311360,MG,Careaçu,7062.0,1.0,1.416029453412631,14.0,19.824412347776835,19.98858007847104,39.967255955747625,80.01141992152895,60.032744044252375,70.02208198289067,Alta prioridade
292880,BA,Santo Estêvão,55146.0,14.0,2.538715410002539,66.0,11.96822979001197,35.836342349368486,24.128700259216217,64.1636576506315,75.87129974078378,70.01747869570764,Alta prioridade
352570,SP,José Bonifácio,37992.0,10.0,2.6321330806485577,43.0,11.318172246788796,37.15502013954582,22.818143569808036,62.84497986045418,77.18185643019197,70.01341814532307,Alta prioridade
311050,MG,Camanducaia,27860.0,9.0,3.230437903804738,20.0,7.178750897343862,45.60065228382851,14.472811073709863,54.39934771617149,85.52718892629014,69.96326832123081,Prioridade moderada
510385,MT,Gaúcha do Norte,9397.0,2.0,2.1283388315419813,14.0,14.898371820793871,30.04349313912152,30.03604996908479,69.95650686087848,69.96395003091521,69.96022844589685,Prioridade moderada
355010,SP,São Manuel,38131.0,9.0,2.360284283129212,51.0,13.374944271065537,33.317620115587374,26.96472468882457,66.68237988441263,73.03527531117543,69.85882759779403,Prioridade moderada
241025,RN,Porto do Mangue,5351.0,2.0,3.7376191366099794,2.0,3.7376191366099794,52.75998972684077,7.535274089208685,47.24001027315923,92.46472591079132,69.85236809197528,Prioridade moderada
500600,MS,Nova Alvorada do Sul,23409.0,7.0,2.9903028749626213,21.0,8.970908624887864,42.21092176509622,18.08591321027103,57.78907823490378,81.91408678972897,69.85158251231638,Prioridade moderada
150548,PA,Pacajá,43741.0,14.0,3.200658421160924,33.0,7.544409135593607,45.18028703500776,15.21000096585283,54.81971296499224,84.78999903414717,69.80485599956971,Prioridade moderada
240020,RN,Açu,59099.0,18.0,3.0457368144977073,51.0,8.629587641076837,42.993423666304416,17.397788746164398,57.006576333695584,82.6022112538356,69.8043937937656,Prioridade moderada
330225,RJ,Itatiaia,32713.0,8.0,2.445510958945985,42.0,12.838932534466421,34.52067435311038,25.884091482849914,65.47932564688962,74.11590851715009,69.79761708201985,Prioridade moderada
230440,CE,Fortaleza,2578483.0,138.0,0.5351984092972496,6761.0,26.220843806222497,7.554826092300947,52.862862081079406,92.44517390769906,47.137137918920594,69.79115591330982,Prioridade moderada
320320,ES,Linhares,183797.0,31.0,1.6866434163778516,334.0,18.172222615167822,23.808549257817248,36.636338056531926,76.19145074218275,63.363661943468074,69.77755634282542,Prioridade moderada
314810,MG,Patrocínio,94357.0,19.0,2.01362908952171,150.0,15.897071759381923,28.424257848056712,32.0494915464849,71.57574215194329,67.9505084535151,69.7631253027292,Prioridade moderada
431265,RS,Não-Me-Toque,18335.0,1.0,0.545404963185165,48.0,26.179438232887918,7.698901146122851,52.7793858539698,92.30109885387715,47.2206141460302,69.76085649995368,Prioridade moderada
500370,MS,Dourados,264017.0,38.0,1.4393012571160189,526.0,19.922959506395422,20.317083352731732,40.16593319485693,79.68291664726827,59.83406680514307,69.75849172620568,Prioridade moderada
410550,PR,Cianorte,82988.0,17.0,2.0484889381597338,130.0,15.664915409456787,28.916337214305223,31.581449816095326,71.08366278569477,68.41855018390467,69.75110648479972,Prioridade moderada
330130,RJ,Casimiro de Abreu,48636.0,13.0,2.6729171806892014,55.0,11.308495764454312,37.73072585500683,22.798635175842605,62.26927414499317,77.2013648241574,69.73531948457529,Prioridade moderada
110028,RO,Rolim de Moura,62959.0,15.0,2.38250289871186,84.0,13.342016232786417,33.631256654528144,26.898339702932677,66.36874334547186,73.10166029706733,69.73520182126958,Prioridade moderada
220270,PI,Cocal,29302.0,8.0,2.7301890655927923,32.0,10.92075626237117,38.539172074032486,22.016928073909316,61.460827925967514,77.98307192609069,69.7219499260291,Prioridade moderada
110032,RO,São Miguel do Guaporé,22305.0,4.0,1.7933198834342077,39.0,17.484868863483523,25.314387359634612,35.250589876773624,74.68561264036539,64.74941012322637,69.71751138179587,Prioridade moderada
521000,GO,Inhumas,53884.0,12.0,2.2270061613837133,78.0,14.475540048994135,31.43627477859754,29.183594655238497,68.56372522140246,70.8164053447615,69.69006528308199,Prioridade moderada
150293,PA,Dom Eliseu,62823.0,14.0,2.228483198828455,91.0,14.485140792384955,31.457124543531428,29.202950354753565,68.54287545646858,70.79704964524643,69.6699625508575,Prioridade moderada
510637,MT,Pedra Preta,18946.0,5.0,2.6390794890742106,22.0,11.611949751926527,37.25307519111223,23.41041740551633,62.74692480888777,76.58958259448367,69.66825370168573,Prioridade moderada
292930,BA,São Gonçalo dos Campos,42171.0,12.0,2.845557373550544,43.0,10.196580588556117,40.16770363922956,20.55694459472498,59.83229636077044,79.44305540527502,69.63767588302272,Prioridade moderada
130240,AM,Lábrea,49469.0,13.0,2.6279083870706907,58.0,11.72451434231539,37.09538463854358,23.637354664321386,62.90461536145642,76.36264533567862,69.63363034856752,Prioridade moderada
290820,BA,Conceição da Feira,21529.0,8.0,3.7159180640066882,9.0,4.180407822007525,52.45365879108642,8.427963789823055,47.54634120891358,91.57203621017695,69.55918870954527,Prioridade moderada
311615,MG,Chapada Gaúcha,12904.0,3.0,2.3248605083694978,18.0,13.949163050216987,32.81758040471849,28.122385683679564,67.18241959528152,71.87761431632043,69.53001695580097,Prioridade moderada
350520,SP,Bariri,32406.0,7.0,2.160093809788311,49.0,15.120656668518176,30.49174435595684,30.484190133253534,69.50825564404316,69.51580986674647,69.51203275539481,Prioridade moderada
240290,RN,Coronel João Pessoa,4297.0,1.0,2.327205026762858,6.0,13.963230160577147,32.85067547455492,28.150745858521535,67.14932452544508,71.84925414147847,69.49928933346177,Prioridade moderada
315280,MG,Prata,29745.0,9.0,3.02571860816944,27.0,9.07715582450832,42.710847961925104,18.300114213928445,57.289152038074896,81.69988578607155,69.49451891207322,Prioridade moderada
211240,MA,Turiaçu,38993.0,10.0,2.5645628702587646,48.0,12.309901777242068,36.20120342475893,24.817532368182395,63.79879657524107,75.1824676318176,69.49063210352934,Prioridade moderada
420780,SC,Irani,10560.0,4.0,3.787878787878788,4.0,3.787878787878788,53.46945170991003,7.636600691544635,46.53054829008997,92.36339930845537,69.44697379927267,Prioridade moderada
291970,BA,Macarani,22768.0,6.0,2.6352775825720305,27.0,11.85874912157414,37.19940772509552,23.9079803800642,62.80059227490448,76.0920196199358,69.44630594742014,Prioridade moderada
280300,SE,Itabaianinha,42230.0,14.0,3.3151787828557895,30.0,7.1039545346909785,46.79684904566125,14.322016925653214,53.20315095433875,85.67798307434678,69.44056701434278,Prioridade moderada
150190,PA,Bujaru,25065.0,10.0,3.9896269698783167,6.0,2.39377618192699,56.31731598410632,4.8260025914249765,43.68268401589368,95.17399740857502,69.42834071223434,Prioridade moderada
312610,MG,Formiga,70897.0,18.0,2.538894452515621,89.0,12.553422570771684,35.83886970189041,25.308485528094664,64.16113029810958,74.69151447190534,69.42632238500747,Prioridade moderada
250460,PB,Conde,30007.0,13.0,4.3323224580931115,0.0,0.0,61.154783306698846,0.0,38.845216693301154,100.0,69.42260834665058,Prioridade moderada
260775,PE,Itapissuma,29669.0,12.0,4.044625703596346,6.0,2.022312851798173,57.093674548179905,4.077109270756245,42.906325451820095,95.92289072924376,69.41460809053193,Prioridade moderada
220250,PI,Caracol,10546.0,3.0,2.844680447563057,11.0,10.430494974397876,40.15532500876991,21.028530635544872,59.84467499123009,78.97146936445513,69.40807217784261,Prioridade moderada
520060,GO,Alto Paraíso de Goiás,11182.0,4.0,3.577177606868181,6.0,5.365766410302271,50.495207481367366,10.817720886609465,49.504792518632634,89.18227911339054,69.34353581601158,Prioridade moderada
313720,MG,Lagoa da Prata,53927.0,16.0,2.9669738720863386,52.0,9.642665084280601,41.881611071014504,19.440216272650947,58.118388928985496,80.55978372734906,69.33908632816727,Prioridade moderada
500060,MS,Amambai,41751.0,10.0,2.395152211923068,57.0,13.652367607961487,33.80981354079243,27.524027497871593,66.19018645920757,72.4759725021284,69.33307948066798,Prioridade moderada
291160,BA,Governador Mangabeira,21353.0,9.0,4.214864421861097,2.0,0.9366365381913548,59.49675327248922,1.8883178781134116,40.50324672751078,98.11168212188659,69.30746442469868,Prioridade moderada
313780,MG,Lambari,21010.0,3.0,1.4278914802475011,43.0,20.466444550214185,20.156023681222628,41.261633055885156,79.84397631877738,58.738366944114844,69.2911716314461,Prioridade moderada
316190,MG,São Gonçalo do Rio Abaixo,12475.0,5.0,4.008016032064128,3.0,2.404809619238477,56.5768947952555,4.848246691545773,43.4231052047445,95.15175330845423,69.28742925659937,Prioridade moderada
292740,BA,Salvador,2564204.0,178.0,0.6941725385343755,6569.0,25.61808654849614,9.798894607262495,51.647665727406135,90.2011053927375,48.352334272593865,69.27671983266569,Prioridade moderada
330240,RJ,Macaé,264439.0,63.0,2.382401990629219,365.0,13.802805183804205,33.62983224256723,27.8273190655403,66.37016775743277,72.17268093445969,69.27142434594623,Prioridade moderada
411250,PR,Jardim Alegre,12138.0,2.0,1.6477179106936892,23.0,18.948755972977427,23.25907933995098,38.20187790332759,76.74092066004903,61.79812209667241,69.26952137836072,Prioridade moderada
220990,PI,São João da Serra,6232.0,1.0,1.6046213093709882,12.0,19.255455712451862,22.65073050612363,38.820203772165286,77.34926949387636,61.179796227834714,69.26453286085554,Prioridade moderada
352470,SP,Jaguariúna,62309.0,13.0,2.0863759649488838,99.0,15.888555425379963,29.451148031329538,32.0323220841629,70.54885196867046,67.9676779158371,69.25826494225379,Prioridade moderada
150503,PA,Novo Progresso,37054.0,9.0,2.428887569493172,50.0,13.493819830517623,34.2860196639354,27.204385256217734,65.7139803360646,72.79561474378227,69.25479753992343,Prioridade moderada
354970,SP,São José do Rio Pardo,53427.0,11.0,2.0588840848260244,86.0,16.096730117730736,29.063074431575558,32.452015292048856,70.93692556842444,67.54798470795114,69.2424551381878,Prioridade moderada
350740,SP,Borborema,14405.0,4.0,2.7768136063866713,16.0,11.107254425546685,39.197321073005895,22.392920042405095,60.802678926994105,77.6070799575949,69.2048794422945,Prioridade moderada
150760,PA,São Miguel do Guamá,55970.0,15.0,2.6800071466857243,66.0,11.792031445417189,37.83080735594849,23.773473369568297,62.16919264405151,76.2265266304317,69.1978596372416,Prioridade moderada
290190,BA,Aporá,16361.0,7.0,4.278467086363914,1.0,0.6112095837662735,60.39456436642854,1.2322367719380136,39.60543563357146,98.76776322806198,69.18659943081673,Prioridade moderada
315570,MG,Rio Piracicaba,15036.0,3.0,1.9952114924181965,25.0,16.626762436818304,28.16427623985684,33.520593618112926,71.83572376014317,66.47940638188707,69.15756507101511,Prioridade moderada
430680,RS,Encantado,23520.0,3.0,1.2755102040816328,51.0,21.683673469387756,18.005019453337052,43.715642734250416,81.99498054666294,56.284357265749584,69.13966890620627,Prioridade moderada
354400,SP,Rio das Pedras,32329.0,5.0,1.54659902873581,64.0,19.796467567818368,21.831691749537953,39.91091753049527,78.16830825046205,60.08908246950473,69.1286953599834,Prioridade moderada
291080,BA,Feira de Santana,660806.0,123.0,1.8613632442804695,1163.0,17.599719130879564,26.274883035629195,35.48213520346869,73.72511696437081,64.51786479653131,69.12149088045106,Prioridade moderada
431790,RS,Santo Cristo,15667.0,2.0,1.2765685836471565,34.0,21.70166592200166,18.01995947075541,43.75191664473393,81.98004052924459,56.24808335526607,69.11406194225533,Prioridade moderada
521880,GO,Rio Verde,241494.0,48.0,1.9876270217893612,404.0,16.729194100060457,28.057214343543933,33.72710226164562,71.94278565645607,66.27289773835437,69.10784169740522,Prioridade moderada
430860,RS,Garibaldi,35563.0,6.0,1.687146753648455,67.0,18.83980541574108,23.81565433413871,37.982226761533475,76.18434566586129,62.017773238466525,69.10105945216391,Prioridade moderada
130426,AM,Uarini,15640.0,3.0,1.9181585677749362,27.0,17.263427109974423,27.07660214466032,34.804149443305725,72.92339785533969,65.19585055669427,69.05962420601698,Prioridade moderada
500580,MS,Nioaque,13354.0,5.0,3.7441964954320803,6.0,4.493035794518496,52.852835298098874,9.058241347466454,47.147164701901126,90.94175865253355,69.04446167721734,Prioridade moderada
520870,GO,Goiânia,1503256.0,107.0,0.7117882782440249,3869.0,25.737465874076005,10.047557248409708,51.88834191883988,89.9524427515903,48.11165808116012,69.03205041637521,Prioridade moderada
316510,MG,São Tomás de Aquino,6837.0,3.0,4.3878894251864855,0.0,0.0,61.93916301630649,0.0,38.06083698369351,100.0,69.03041849184676,Prioridade moderada
270770,AL,Rio Largo,97658.0,26.0,2.6623522906469512,118.0,12.082983472936164,37.5815925512321,24.36005086557153,62.4184074487679,75.63994913442846,69.02917829159819,Prioridade moderada
320455,ES,Santa Maria de Jetibá,45575.0,16.0,3.5106966538672517,28.0,6.143719144267691,49.556766653353804,12.386122284563456,50.443233346646196,87.61387771543654,69.02855553104138,Prioridade moderada
500020,MS,Água Clara,17901.0,6.0,3.351768057650411,13.0,7.262164124909223,47.3133408795584,14.640977360695597,52.6866591204416,85.3590226393044,69.022840879873,Prioridade moderada
500220,MS,Bonito,25034.0,6.0,2.396740433011105,35.0,13.980985859231446,33.8322327668361,28.186542458205814,66.1677672331639,71.81345754179418,68.99061238747905,Prioridade moderada
150275,PA,Concórdia do Pará,28270.0,8.0,2.8298549699327906,31.0,10.965688008489565,39.94604952646974,22.10751328602805,60.05395047353026,77.89248671397195,68.9732185937511,Prioridade moderada
150460,PA,Mocajuba,28903.0,8.0,2.7678787669100093,33.0,11.417499913503788,39.071197457471534,23.018394362085896,60.928802542528466,76.9816056379141,68.95520409022129,Prioridade moderada
292230,BA,Muritiba,30180.0,10.0,3.313452617627568,23.0,7.620941020543406,46.77248260906643,15.364294035473502,53.22751739093357,84.6357059645265,68.93161167773003,Prioridade moderada
313400,MG,Itinga,13954.0,6.0,4.299842339114233,1.0,0.7166403898523721,60.696296050234686,1.4447918751381568,39.303703949765314,98.55520812486185,68.92945603731359,Prioridade moderada
315200,MG,Pompéu,32441.0,10.0,3.0825190345550384,30.0,9.247557103665114,43.512639103037046,18.643653856858144,56.487360896962954,81.35634614314185,68.9218535200524,Prioridade moderada
293360,BA,Xique-Xique,47019.0,12.0,2.5521597652013015,61.0,12.97347880643995,36.026121996851266,26.155345187399735,63.973878003148734,73.84465481260027,68.9092664078745,Prioridade moderada
220620,PI,Miguel Alves,33074.0,11.0,3.3258753099111087,25.0,7.558807522525246,46.947840528989154,15.23902901499504,53.052159471010846,84.76097098500496,68.9065652280079,Prioridade moderada
316960,MG,Tupaciguara,26583.0,6.0,2.257081593499605,40.0,15.0472106233307,31.86081763100383,30.336118309713484,68.13918236899617,69.66388169028652,68.90153202964134,Prioridade moderada
316720,MG,Sete Lagoas,238909.0,68.0,2.8462720115190305,261.0,10.924661691271572,40.17779142252091,22.0248016629843,59.82220857747909,77.9751983370157,68.8987034572474,Prioridade moderada
314110,MG,Matozinhos,39529.0,12.0,3.035745908067495,38.0,9.613195375547066,42.85239267803258,19.380803495554094,57.14760732196742,80.61919650444591,68.88340191320667,Prioridade moderada
411940,PR,Piraí do Sul,23977.0,8.0,3.336530842056971,18.0,7.507194394628185,47.09825333082953,15.13497371907249,52.90174666917047,84.86502628092751,68.883386475049,Prioridade moderada
240185,RN,Caiçara do Norte,6479.0,2.0,3.086896125945362,6.0,9.260688377836086,43.57442584169238,18.67012732737568,56.42557415830762,81.32987267262432,68.87772341546597,Prioridade moderada
330210,RJ,Itaocara,23645.0,4.0,1.6916895749629943,45.0,19.031507718333685,23.8797805056735,38.36871060078252,76.1202194943265,61.63128939921748,68.87575444677199,Prioridade moderada
291072,BA,Eunápolis,121067.0,34.0,2.808362311777776,136.0,11.233449247111103,39.64266055557273,22.647336700274938,60.35733944442727,77.35266329972507,68.85500137207617,Prioridade moderada
520350,GO,Bom Jesus de Goiás,24925.0,7.0,2.8084252758274824,28.0,11.23370110330993,39.64354935202156,22.64784445813358,60.35645064797844,77.35215554186642,68.85430309492243,Prioridade moderada
293330,BA,Vitória da Conquista,396613.0,51.0,1.2858882588316571,869.0,21.91052739068059,18.15151540222405,44.17299443667767,81.84848459777595,55.82700556332233,68.83774508054914,Prioridade moderada
292510,BA,Poções,50773.0,14.0,2.7573710436649397,59.0,11.620349398302247,38.92287111650433,23.427351618281218,61.07712888349567,76.57264838171878,68.82488863260723,Prioridade moderada
330095,RJ,Comendador Levy Gasparian,9048.0,4.0,4.420866489832007,0.0,0.0,62.40466512562443,0.0,37.59533487437557,100.0,68.79766743718778,Prioridade moderada
150405,PA,Mãe do Rio,37473.0,9.0,2.4017292450564405,53.0,14.143516665332374,33.90265451464954,28.514214734900477,66.09734548535046,71.48578526509952,68.79156537522499,Prioridade moderada
431560,RS,Rio Grande,198935.0,18.0,0.9048181566843441,490.0,24.6311609319627,12.772354514062002,49.65796192013542,87.227645485938,50.34203807986458,68.78484178290128,Prioridade moderada
290890,BA,Coração de Maria,28408.0,8.0,2.8161081385525204,32.0,11.264432554210082,39.75200014479371,22.709800986401394,60.24799985520629,77.29019901359861,68.76909943440245,Prioridade moderada
230535,CE,Icapuí,22562.0,8.0,3.545784948142895,14.0,6.205123659250067,50.05207074343142,12.509917629620148,49.94792925656858,87.49008237037985,68.71900581347421,Prioridade moderada
420330,SC,Campo Alegre,12886.0,2.0,1.552072016141549,26.0,20.17693620984014,21.90894808538918,40.67796612351574,78.09105191461082,59.32203387648426,68.70654289554754,Prioridade moderada
520970,GO,Hidrolândia,30587.0,10.0,3.269362801190048,25.0,8.17340700297512,46.15011361498757,16.47810003079563,53.84988638501243,83.52189996920437,68.6858931771084,Prioridade moderada
310620,MG,Belo Horizonte,2415872.0,173.0,0.7160975415916075,6295.0,26.05684407120907,10.108386530805486,52.532228351767806,89.89161346919451,47.467771648232194,68.67969255871336,Prioridade moderada
210203,MA,Bom Jesus das Selvas,29606.0,10.0,3.377693710734311,22.0,7.430926163615484,47.679305719841416,14.981212192289147,52.320694280158584,85.01878780771085,68.66974104393472,Prioridade moderada
354040,SP,Populina,4182.0,1.0,2.391200382592061,6.0,14.347202295552368,33.7540297738313,28.92485771259374,66.24597022616871,71.07514228740627,68.66055625678749,Prioridade moderada
421690,SC,São Lourenço do Oeste,26056.0,7.0,2.6865213386552043,32.0,12.281240405280935,37.92276126800497,24.759749248606497,62.07723873199503,75.2402507513935,68.65874474169426,Prioridade moderada
330040,RJ,Barra Mansa,181679.0,52.0,2.862191007216024,201.0,11.063469085585014,40.402502935047245,22.30464605684336,59.597497064952755,77.69535394315665,68.6464255040547,Prioridade moderada
355680,SP,Viradouro,17685.0,5.0,2.827254735651682,20.0,11.309018942606729,39.90934478771911,22.799689935739707,60.09065521228089,77.2003100642603,68.6454826382706,Prioridade moderada
290750,BA,Catu,50109.0,16.0,3.1930391745993734,44.0,8.780857730148277,45.07273424388033,17.70275871260302,54.92726575611967,82.29724128739699,68.61225352175833,Prioridade moderada
170950,TO,Gurupi,90209.0,15.0,1.6628052633329269,176.0,19.510248423106344,23.472051432921738,39.33388182242681,76.52794856707825,60.66611817757319,68.59703337232573,Prioridade moderada
430910,RS,Gramado,41705.0,9.0,2.15801462654358,67.0,16.065219997602206,30.462394739898386,32.38848891788551,69.53760526010161,67.61151108211449,68.57455817110805,Prioridade moderada
292550,BA,Prado,37533.0,11.0,2.9307542695761066,40.0,10.657288253004024,41.370337507148044,21.4857600785206,58.629662492851956,78.5142399214794,68.57195120716568,Prioridade moderada
521310,GO,Mineiros,74999.0,13.0,1.7333564447525966,143.0,19.066920892278564,24.46794734175272,38.440105775702754,75.53205265824728,61.559894224297246,68.54597344127227,Prioridade moderada
412470,PR,São Jerônimo da Serra,10884.0,2.0,1.8375597206909227,20.0,18.375597206909223,25.93887403788359,37.04635396118676,74.0611259621164,62.95364603881324,68.50738600046482,Prioridade moderada
510795,MT,Tangará da Serra,114603.0,27.0,2.3559592680819876,169.0,14.746559863179845,33.256568483219354,29.729987561752786,66.74343151678065,70.27001243824722,68.50672197751393,Prioridade moderada
150440,PA,Marapanim,28159.0,10.0,3.5512624738094396,18.0,6.392272452856991,50.12939114107834,12.887221309783767,49.87060885892166,87.11277869021623,68.49169377456894,Prioridade moderada
270430,AL,Maceió,994952.0,98.0,0.9849721393594867,2424.0,24.362984344973427,13.903802943647456,49.11730113758561,86.09619705635254,50.88269886241439,68.48944795938345,Prioridade moderada
261300,PE,São Bento do Una,51165.0,15.0,2.931691586045148,55.0,10.749535815498877,41.38356860573511,21.671736937599555,58.61643139426489,78.32826306240045,68.47234722833267,Prioridade moderada
521180,GO,Jaraguá,46633.0,12.0,2.573285012759205,62.0,13.295305899255892,36.32432462354877,26.804168747282525,63.67567537645123,73.19583125271748,68.43575331458436,Prioridade moderada
352930,SP,Matão,81075.0,19.0,2.343509096515572,121.0,14.92445266728338,33.0808226675188,30.08863058781398,66.9191773324812,69.91136941218602,68.41527337233362,Prioridade moderada
260680,PE,Igarassu,123017.0,39.0,3.170293536665664,113.0,9.185722298544103,44.751658291555934,18.518991019953305,55.248341708444066,81.4810089800467,68.36467534424538,Prioridade moderada
411080,PR,Iretama,10832.0,2.0,1.8463810930576072,20.0,18.46381093057607,26.063395959040342,37.224198348740465,73.93660404095965,62.775801651259535,68.3562028461096,Prioridade moderada
353430,SP,Orlândia,39144.0,9.0,2.299202942979767,60.0,15.328019619865113,32.45539987296807,30.90224682047492,67.54460012703193,69.09775317952509,68.32117665327851,Prioridade moderada
411580,PR,Medianeira,57910.0,12.0,2.072180970471421,98.0,16.92281125884994,29.250772408391462,34.11744657082418,70.74922759160853,65.88255342917583,68.31589051039218,Prioridade moderada
150085,PA,Anapu,35638.0,10.0,2.8059936023345866,42.0,11.785173129805266,39.609224006443256,23.759646576083654,60.390775993556744,76.24035342391635,68.31556470873655,Prioridade moderada
352720,SP,Lorena,87468.0,21.0,2.400878035395802,128.0,14.633923263364888,33.89063889419459,29.50290512743819,66.10936110580542,70.4970948725618,68.30322798918361,Prioridade moderada
410753,PR,Entre Rios do Oeste,4770.0,1.0,2.0964360587002093,8.0,16.771488469601675,29.593155663346426,33.81237035753096,70.40684433665358,66.18762964246903,68.2972369895613,Prioridade moderada
130255,AM,Manaquiri,16211.0,3.0,1.8505952748133982,30.0,18.505952748133986,26.122883075842786,37.30915889028038,73.8771169241572,62.69084110971962,68.28397901693842,Prioridade moderada
240710,RN,Macaíba,87056.0,31.0,3.5609263003124427,57.0,6.547509648961588,50.26580509027565,13.200189212272983,49.73419490972435,86.79981078772701,68.26700284872568,Prioridade moderada
270480,AL,Maribondo,13970.0,6.0,4.294917680744453,2.0,1.4316392269148175,60.62677989155153,2.8862742771192327,39.37322010844847,97.11372572288077,68.24347291566463,Prioridade moderada
510706,MT,Querência,31100.0,11.0,3.5369774919614145,21.0,6.752411575562702,49.92774526224396,13.613284319589539,50.07225473775604,86.38671568041046,68.22948520908325,Prioridade moderada
500100,MS,Aparecida do Taboado,29826.0,7.0,2.346945617917253,45.0,15.087507543753771,33.12933238111504,30.41735942317115,66.87066761888497,69.58264057682885,68.22665409785691,Prioridade moderada
330330,RJ,Niterói,516787.0,75.0,1.4512748966208515,1104.0,21.362766478258933,20.486102472705745,43.06867415695119,79.51389752729426,56.93132584304881,68.22261168517153,Prioridade moderada
293090,BA,Tabocas do Brejo Velho,12368.0,1.0,0.8085381630012938,32.0,25.8732212160414,11.4132723572253,52.16203318416001,88.5867276427747,47.83796681583999,68.21234722930734,Prioridade moderada
420430,SC,Concórdia,87206.0,21.0,2.4080911863862577,128.0,14.677889136068618,33.992459266534546,29.591543078306117,66.00754073346545,70.40845692169388,68.20799882757967,Prioridade moderada
313440,MG,Iturama,40259.0,11.0,2.7323083037333267,50.0,12.41958319878785,38.5690871024066,25.038656978163687,61.4309128975934,74.96134302183631,68.19612795971486,Prioridade moderada
260230,PE,Bonito,39212.0,14.0,3.5703356115474856,26.0,6.630623278588187,50.39862631842994,13.367751491064567,49.60137368157006,86.63224850893543,68.11681109525274,Prioridade moderada
520330,GO,Bela Vista de Goiás,37305.0,11.0,2.948666398606085,41.0,10.990483849349953,41.623183960750225,22.157503252989986,58.376816039249775,77.84249674701002,68.1096563931299,Prioridade moderada
260350,PE,Camocim de São Félix,18018.0,6.0,3.33000333000333,15.0,8.325008325008325,47.0061113933275,16.783737783614583,52.9938886066725,83.21626221638542,68.10507541152896,Prioridade moderada
352810,SP,Macaubal,7581.0,2.0,2.6381743833267377,10.0,13.19087191663369,37.24029877698522,26.59362330256937,62.75970122301478,73.40637669743063,68.08303896022271,Prioridade moderada
421830,SC,Três Barras,20525.0,3.0,1.4616321559074301,44.0,21.43727161997564,20.632304874177223,43.218881185375146,79.36769512582278,56.781118814624854,68.07440697022382,Prioridade moderada
354940,SP,São Joaquim da Barra,49885.0,11.0,2.205071664829107,81.0,16.237345895559788,31.12664884546031,32.73550550024867,68.87335115453969,67.26449449975132,68.06892282714551,Prioridade moderada
354300,SP,Ribeirão Branco,18942.0,6.0,3.1675641431738994,18.0,9.502692429521698,44.71313034975055,19.15802264080884,55.28686965024945,80.84197735919116,68.06442350472031,Prioridade moderada
431690,RS,Santa Maria,282395.0,43.0,1.5226898493245276,594.0,21.034366755785335,21.494191321053794,42.40659976434652,78.50580867894621,57.59340023565348,68.04960445729985,Prioridade moderada
150510,PA,Óbidos,55527.0,15.0,2.70138851369604,71.0,12.786572298161254,38.13262534825287,25.77852996962066,61.86737465174713,74.22147003037934,68.04442234106324,Prioridade moderada
351550,SP,Fernandópolis,73508.0,20.0,2.7207922947162215,93.0,12.65168417043043,38.40652786476642,25.506587062469922,61.59347213523358,74.49341293753008,68.04344253638183,Prioridade moderada
510610,MT,Nossa Senhora do Livramento,11658.0,3.0,2.5733401955738553,16.0,13.724481043060559,36.32510358058737,27.669412696075263,63.67489641941263,72.33058730392474,68.00274186166868,Prioridade moderada
315250,MG,Pouso Alegre,162133.0,27.0,1.6652994763558313,326.0,20.106949233037074,23.507259582456296,40.53686799831605,76.4927404175437,59.46313200168395,67.97793620961383,Prioridade moderada
260915,PE,Manari,27046.0,10.0,3.6974044220956888,16.0,5.915847075353102,52.19232142060285,11.926717932812444,47.80767857939715,88.07328206718756,67.94048032329235,Prioridade moderada
352640,SP,Laranjal Paulista,27044.0,8.0,2.9581422866439877,30.0,11.093033574914953,41.75694498274293,22.364249917554176,58.24305501725707,77.63575008244582,67.93940254985145,Prioridade moderada
410460,PR,Capitão Leônidas Marques,14776.0,2.0,1.353546291283162,33.0,22.33351380617217,19.10657180754771,45.025761521884725,80.89342819245229,54.974238478115275,67.93383333528378,Prioridade moderada
430620,RS,Cruzeiro do Sul,12574.0,3.0,2.385875616351201,19.0,15.110545570224273,33.67886571834639,30.463805526314538,66.32113428165361,69.53619447368547,67.92866437766955,Prioridade moderada
230075,CE,Amontada,44584.0,17.0,3.8130270949219454,23.0,5.1588013637179255,53.824443583813974,10.400466400291366,46.175556416186026,89.59953359970864,67.88754500794732,Prioridade moderada
251180,PB,Pirpirituba,9411.0,4.0,4.25034534055892,2.0,2.12517267027946,59.997599623488455,4.284481102046081,40.002400376511545,95.71551889795391,67.85895963723273,Prioridade moderada
500090,MS,Antônio João,9717.0,3.0,3.0873726458783577,10.0,10.291242152927857,43.581152366212564,20.747788232662177,56.418847633787436,79.25221176733783,67.83552970056263,Prioridade moderada
412750,PR,Tibagi,20374.0,7.0,3.4357514479238245,16.0,7.853146166683027,48.49884497885233,15.832434142085274,51.50115502114767,84.16756585791472,67.8343604395312,Prioridade moderada
310780,MG,Bom Jesus do Galho,14719.0,2.0,1.3587879611386642,33.0,22.42000135878796,19.18056287983728,45.200125840571275,80.81943712016272,54.799874159428725,67.80965563979572,Prioridade moderada
291270,BA,Ibirapitanga,26917.0,8.0,2.9720994167254897,30.0,11.145372812720584,41.953962927269004,22.469769096494225,58.046037072730996,77.53023090350578,67.78813398811839,Prioridade moderada
330575,RJ,Tanguá,32865.0,13.0,3.955575840559866,14.0,4.259850905218317,55.83665244740948,8.588126017328152,44.16334755259052,91.41187398267185,67.78761076763118,Prioridade moderada
351930,SP,Ibaté,33160.0,11.0,3.317249698431846,29.0,8.745476477683956,46.82608195584401,17.631427893385325,53.17391804415599,82.36857210661468,67.77124507538534,Prioridade moderada
250490,PB,Cruz do Espírito Santo,17821.0,8.0,4.4890859098816005,1.0,0.5611357387352001,63.36764604193367,1.1312847666055685,36.63235395806633,98.86871523339443,67.75053459573039,Prioridade moderada
261140,PE,Primavera,14380.0,6.0,4.172461752433936,4.0,2.781641168289291,58.898199936368215,5.6079626775181755,41.101800063631785,94.39203732248183,67.74691869305681,Prioridade moderada
500470,MS,Ivinhema,30001.0,9.0,2.9999000033332224,33.0,10.999633345555148,42.34639420777515,22.175949209938626,57.65360579222485,77.82405079006138,67.73882829114311,Prioridade moderada
510860,MT,Vila Rica,19686.0,6.0,3.0478512648582745,21.0,10.667479427003963,43.023271110686515,21.506306123094312,56.976728889313485,78.4936938769057,67.73521138310959,Prioridade moderada
520450,GO,Caldas Novas,106820.0,22.0,2.059539412095113,188.0,17.599700430630968,29.072324988874502,35.482097502597206,70.9276750111255,64.51790249740279,67.72278875426414,Prioridade moderada
350670,SP,Boa Esperança do Sul,13113.0,4.0,3.0504079920689393,14.0,10.676427972241287,43.059361706447795,21.524346950315696,56.940638293552205,78.4756530496843,67.70814567161825,Prioridade moderada
431990,RS,Sapiranga,77935.0,20.0,2.56624109835119,110.0,14.114326040931546,36.224893183848714,28.455364609284178,63.775106816151286,71.54463539071583,67.65987110343356,Prioridade moderada
210660,MA,Matões,33327.0,8.0,2.400456086656465,51.0,15.302907552434963,33.88468269311068,30.851619320958072,66.11531730688932,69.14838067904194,67.63184899296563,Prioridade moderada
520547,GO,Chapadão do Céu,14321.0,3.0,2.094825780322603,25.0,17.45688150268836,29.57042507803138,35.19416560588967,70.42957492196862,64.80583439411032,67.61770465803947,Prioridade moderada
292060,BA,Maragogipe,37041.0,15.0,4.049566696363489,14.0,3.77959558327259,57.16342128215861,7.6199012326743265,42.83657871784139,92.38009876732568,67.60833874258353,Prioridade moderada
510510,MT,Juara,36089.0,11.0,3.048020172351686,39.0,10.806616974701432,43.02565539792699,21.786816126837422,56.97434460207301,78.21318387316258,67.59376423761779,Prioridade moderada
290475,BA,Buritirama,20221.0,6.0,2.967212304040354,23.0,11.37431383215469,41.88497676103926,22.931328519390252,58.11502323896074,77.06867148060975,67.59184735978525,Prioridade moderada
430463,RS,Capão da Canoa,66234.0,17.0,2.5666576078751095,94.0,14.192106772956487,36.23077260531996,28.612175432764392,63.76922739468004,71.38782456723561,67.57852598095782,Prioridade moderada
210980,MA,Santa Helena,43200.0,11.0,2.5462962962962963,62.0,14.351851851851851,35.943353649439516,28.934231509074674,64.05664635056048,71.06576849092532,67.5612074207429,Prioridade moderada
411370,PR,Londrina,581382.0,57.0,0.9804225105008411,1472.0,25.318981323811194,13.839580677260837,51.04465087566828,86.16041932273916,48.95534912433172,67.55788422353544,Prioridade moderada
270300,AL,Ibateguara,13982.0,6.0,4.291231583464454,3.0,2.145615791732227,60.574747181016654,4.325695714277894,39.425252818983346,95.6743042857221,67.54977855235272,Prioridade moderada
352010,SP,Igarapava,26696.0,7.0,2.622115672759964,37.0,13.859754270302666,37.01361505840341,27.942131987941266,62.98638494159659,72.05786801205873,67.52212647682767,Prioridade moderada
260170,PE,Belo Jardim,84033.0,31.0,3.6890269298965883,54.0,6.426046910142444,52.07406528315111,12.955312729363502,47.92593471684889,87.0446872706365,67.4853109937427,Prioridade moderada
230725,CE,Jijoca de Jericoacoara,28198.0,9.0,3.1917157245194696,28.0,9.929782254060571,45.05405250824393,20.019062455457103,54.94594749175607,79.9809375445429,67.46344251814949,Prioridade moderada
351020,SP,Capão Bonito,47409.0,14.0,2.953025796789639,55.0,11.601172773102153,41.68472094324442,23.388690341755385,58.31527905675558,76.61130965824461,67.46329435750009,Prioridade moderada
312590,MG,Ferros,9603.0,1.0,1.0413412475268145,24.0,24.99218994064355,14.699505624717531,50.38581899575843,85.30049437528247,49.61418100424157,67.45733768976203,Prioridade moderada
420550,SC,Fraiburgo,34065.0,8.0,2.3484514897989137,54.0,15.852047556142669,33.15058917109349,31.958719935024316,66.84941082890651,68.04128006497568,67.4453454469411,Prioridade moderada
172120,TO,Tocantinópolis,23225.0,5.0,2.1528525296017222,40.0,17.222820236813778,30.389526913705595,34.72228344573147,69.6104730862944,65.27771655426852,67.44409482028146,Prioridade moderada
292400,BA,Paulo Afonso,119418.0,29.0,2.4284446230886463,183.0,15.324322966386978,34.27976706116927,30.89479413571693,65.72023293883073,69.10520586428308,67.4127194015569,Prioridade moderada
150650,PA,Santa Izabel do Pará,79195.0,28.0,3.5355767409558685,60.0,7.576235873476861,49.90797235174632,15.274165661224451,50.09202764825368,84.72583433877554,67.40893099351462,Prioridade moderada
130310,AM,Nova Olinda do Norte,28123.0,7.0,2.4890658891298933,42.0,14.934395334779362,35.13549292746639,30.108675627723542,64.86450707253361,69.89132437227646,67.37791572240504,Prioridade moderada
430350,RS,Camaquã,63961.0,15.0,2.345179093510108,102.0,15.947217835868733,33.10439623696374,32.15058917495254,66.89560376303626,67.84941082504746,67.37250729404187,Prioridade moderada
311000,MG,Caeté,39775.0,11.0,2.765556253928347,52.0,13.073538654934003,39.038413014601815,26.357072103965994,60.961586985398185,73.64292789603401,67.30225744071609,Prioridade moderada
411760,PR,Palmas,50238.0,9.0,1.7914725904693656,100.0,19.905251005215177,25.2883110917525,40.13023174823409,74.7116889082475,59.86976825176591,67.2907285800067,Prioridade moderada
160050,AP,Oiapoque,30786.0,7.0,2.2737608003638017,51.0,16.565971545507697,32.09626023514381,33.39803537678067,67.9037397648562,66.60196462321933,67.25285219403776,Prioridade moderada
430940,RS,Guaporé,26168.0,6.0,2.2928767960868233,43.0,16.432283705288903,32.366100393036334,33.12851232437126,67.63389960696367,66.87148767562874,67.2526936412962,Prioridade moderada
270235,AL,Craíbas,26144.0,11.0,4.207466340269278,8.0,3.059975520195838,59.39232243175441,6.169102149840219,40.60767756824559,93.83089785015979,67.21928770920269,Prioridade moderada
292840,BA,Santa Rita de Cássia,28890.0,10.0,3.4614053305642094,24.0,8.307372793354102,48.86097352515144,16.748183448122813,51.13902647484856,83.25181655187718,67.19542151336287,Prioridade moderada
500515,MS,Juti,7067.0,2.0,2.830055186076129,9.0,12.735248337342579,39.948875764585395,25.675057652624954,60.051124235414605,74.32494234737504,67.18803329139482,Prioridade moderada
110015,RO,Ouro Preto do Oeste,38684.0,7.0,1.8095336573260263,77.0,19.904870230586287,25.54325994207262,40.129464082752385,74.45674005792738,59.870535917247615,67.16363798758749,Prioridade moderada
521850,GO,Quirinópolis,50329.0,17.0,3.377774245464841,45.0,8.941167120348108,47.680442542883064,18.025952475819164,52.319557457116936,81.97404752418083,67.14680249064888,Prioridade moderada
292370,BA,Paratinga,30680.0,9.0,2.9335071707953064,37.0,12.059973924380705,41.40919728251181,24.313662175687096,58.59080271748819,75.6863378243129,67.13857027090054,Prioridade moderada
330250,RJ,Magé,244142.0,78.0,3.1948620065371793,250.0,10.239942328644807,45.09846522148862,20.644364576432814,54.90153477851138,79.35563542356718,67.12858510103928,Prioridade moderada
520620,GO,Cristalina,66827.0,22.0,3.2920825414877224,64.0,9.576967393418828,46.47082399795853,19.30776561634342,53.52917600204147,80.69223438365658,67.11070519284903,Prioridade moderada
292730,BA,Salinas da Margarida,15629.0,6.0,3.839017211593832,9.0,5.7585258173907485,54.19131838793108,11.60954843119205,45.80868161206892,88.39045156880795,67.09956659043843,Prioridade moderada
432250,RS,Vacaria,66146.0,18.0,2.7212529858192482,90.0,13.606264929096241,38.41303095054764,27.43108161205523,61.58696904945236,72.56891838794476,67.07794371869856,Prioridade moderada
355630,SP,Valparaíso,24779.0,7.0,2.8249727591912506,32.0,12.91416118487429,39.8771325557584,26.03575715007429,60.1228674442416,73.96424284992571,67.04355514708365,Prioridade moderada
410480,PR,Cascavel,368195.0,51.0,1.3851355939108352,847.0,23.00411466749956,19.552484358077336,46.3777348262446,80.44751564192266,53.6222651737554,67.03489040783903,Prioridade moderada
291070,BA,Euclides da Cunha,64768.0,20.0,3.0879446640316206,72.0,11.116600790513834,43.58922693742666,22.411762899098385,56.41077306257334,77.58823710090161,66.99950508173748,Prioridade moderada
412310,PR,Santa Amélia,3358.0,1.0,2.9779630732578917,4.0,11.911852293031567,42.03673392321694,24.015039697055197,57.96326607678306,75.9849603029448,66.97411318986393,Prioridade moderada
430600,RS,Crissiumal,13116.0,1.0,0.7624275693809088,36.0,27.447392497712716,10.762378203275578,55.33566100369032,89.23762179672443,44.66433899630968,66.95098039651705,Prioridade moderada
313505,MG,Jaíba,39639.0,15.0,3.784151971543177,25.0,6.3069199525719615,53.41684421182262,12.715145327630514,46.58315578817738,87.28485467236949,66.93400523027344,Prioridade moderada
130150,AM,Envira,17985.0,4.0,2.2240756185710313,31.0,17.23658604392549,31.394907426002217,34.75003617436825,68.60509257399778,65.24996382563175,66.92752819981476,Prioridade moderada
280540,SE,Poço Redondo,29238.0,11.0,3.762227238525207,19.0,6.498392502907175,53.10735610013637,13.101165971950165,46.89264389986363,86.89883402804983,66.89573896395673,Prioridade moderada
291050,BA,Entre Rios,39890.0,13.0,3.2589621459012283,40.0,10.02757583354224,46.003298638358295,20.216220431865466,53.996701361641705,79.78377956813453,66.89024046488812,Prioridade moderada
270380,AL,Joaquim Gomes,17342.0,1.0,0.5766347595433052,50.0,28.83173797716526,8.139738929429274,58.12658812616145,91.86026107057073,41.87341187383855,66.86683647220464,Prioridade moderada
421220,SC,Papanduva,19769.0,3.0,1.5175274419545755,44.0,22.257069148667107,21.421319112878116,44.871644308251554,78.57868088712189,55.128355691748446,66.85351828943517,Prioridade moderada
411060,PR,Iporã,16102.0,3.0,1.8631225934666502,32.0,19.873307663644265,26.299717894825953,40.06583197253079,73.70028210517404,59.93416802746921,66.81722506632163,Prioridade moderada
140028,RR,Iracema,10937.0,5.0,4.571637560574198,1.0,0.9143275121148395,64.53293979800789,1.8433414853870198,35.46706020199211,98.15665851461299,66.81185935830254,Prioridade moderada
290590,BA,Campo Alegre de Lourdes,32500.0,10.0,3.076923076923077,37.0,11.384615384615385,43.43364692743461,22.952097093848618,56.56635307256539,77.04790290615138,66.80712798935838,Prioridade moderada
351820,SP,Guararapes,31888.0,6.0,1.8815855494229805,63.0,19.756648268941294,26.560339785655255,39.83063933196512,73.43966021434474,60.16936066803488,66.8045104411898,Prioridade moderada
500295,MS,Chapadão do Sul,34606.0,9.0,2.600705080043923,51.0,14.737328786915564,36.71138451792933,29.71137713429954,63.28861548207067,70.28862286570046,66.78861917388556,Prioridade moderada
351360,SP,Cunha,22460.0,7.0,3.116651825467498,25.0,11.130899376669634,43.99445536950745,22.440589743630714,56.00554463049255,77.55941025636929,66.78247744343092,Prioridade moderada
521800,GO,Porangatu,45512.0,14.0,3.0761117946915095,52.0,11.425558094568466,43.42219491998318,23.034640159413946,56.57780508001682,76.96535984058605,66.77158246030143,Prioridade moderada
291950,BA,Livramento de Nossa Senhora,46376.0,14.0,3.0188028290495086,55.0,11.859582542694497,42.613225271655054,23.909660609200472,57.386774728344946,76.09033939079953,66.73855705957223,Prioridade moderada
351410,SP,Dois Córregos,24847.0,5.0,2.0123153700647967,47.0,18.915764478609088,28.40571346926439,38.13536498598859,71.59428653073562,61.86463501401141,66.72946077237351,Prioridade moderada
330420,RJ,Resende,137697.0,36.0,2.614436044358265,203.0,14.742514361242439,36.90520992113009,29.72183157666907,63.09479007886991,70.27816842333092,66.68647925110042,Prioridade moderada
412510,PR,São João do Triunfo,13899.0,3.0,2.158428663932657,25.0,17.98690553277214,30.46823926487427,36.26272722080336,69.53176073512573,63.73727277919664,66.63451675716118,Prioridade moderada
431080,RS,Ivoti,23566.0,5.0,2.121700755325469,43.0,18.24662649579903,29.949790485055267,36.78634093627034,70.05020951494473,63.21365906372966,66.6319342893372,Prioridade moderada
313490,MG,Jacutinga,26888.0,9.0,3.3472180898542097,26.0,9.669741148467718,47.24911382875119,19.494803312541794,52.75088617124881,80.50519668745821,66.62804142935352,Prioridade moderada
353730,SP,Penápolis,63426.0,11.0,1.734304543877905,133.0,20.969318575978306,24.481330647617497,42.27545856297343,75.5186693523825,57.72454143702657,66.62160539470455,Prioridade moderada
314830,MG,Paula Cândido,8757.0,4.0,4.567774351947014,1.0,1.1419435879867534,64.47840699516387,2.302229739143295,35.521593004836134,97.6977702608567,66.60968163284642,Prioridade moderada
150295,PA,Eldorado do Carajás,29287.0,8.0,2.731587393724178,41.0,13.999385392836412,38.558910783395355,28.223637069443484,61.441089216604645,71.77636293055652,66.60872607358058,Prioridade moderada
521120,GO,Itapuranga,26553.0,7.0,2.6362369600421798,39.0,14.687605920235002,37.21295023534581,29.611132723286847,62.78704976465419,70.38886727671316,66.58795852068367,Prioridade moderada
354980,SP,São José do Rio Preto,504166.0,33.0,0.6545463200612497,1441.0,28.5818559760079,9.239533473037376,57.62281037357093,90.76046652696263,42.37718962642907,66.56882807669585,Prioridade moderada
354020,SP,Pontal,38286.0,14.0,3.6566891291856027,29.0,7.5745703390273205,51.61758698214163,15.270807839540753,48.38241301785837,84.72919216045925,66.55580258915882,Prioridade moderada
150172,PA,Brasil Novo,27130.0,7.0,2.580169553999263,41.0,15.112421673424254,36.42150636192913,30.467587867777052,63.57849363807087,69.53241213222294,66.5554528851469,Prioridade moderada
316100,MG,São Domingos do Prata,17783.0,2.0,1.1246696282966877,45.0,25.305066636675477,15.875763652270422,51.01659799558582,84.12423634772958,48.98340200441418,66.55381917607188,Prioridade moderada
355160,SP,Serra Negra,31047.0,10.0,3.2209231165652072,33.0,10.629046284665186,45.4663421632243,21.428822502894604,54.5336578367757,78.5711774971054,66.55241766694056,Prioridade moderada
420810,SC,Itaiópolis,22906.0,9.0,3.9291015454466076,13.0,5.675368898978434,55.46294301176382,11.441898879499341,44.53705698823618,88.55810112050065,66.54757905436841,Prioridade moderada
130340,AM,Parintins,101855.0,21.0,2.0617544548623044,191.0,18.752147660890483,29.103592389155292,37.80550324190729,70.8964076108447,62.19449675809271,66.5454521844687,Prioridade moderada
130080,AM,Borba,34869.0,9.0,2.5810892196506923,53.0,15.199747626831856,36.43448830271766,30.643642454929175,63.56551169728234,69.35635754507082,66.46093462117658,Prioridade moderada
354640,SP,Santa Cruz do Rio Pardo,47759.0,11.0,2.3032308046650893,82.0,17.16953872568521,32.512256907719745,34.614864584802504,67.48774309228025,65.3851354151975,66.43643925373888,Prioridade moderada
130160,AM,Fonte Boa,28227.0,4.0,1.417082934778758,66.0,23.381868423849507,20.00345095322386,47.13931003984616,79.99654904677614,52.86068996015384,66.42861950346499,Prioridade moderada
432260,RS,Venâncio Aires,70842.0,18.0,2.5408655882103837,110.0,15.527511927952345,35.86669412572944,31.304435798319673,64.13330587427056,68.69556420168033,66.41443503797544,Prioridade moderada
420460,SC,Criciúma,227438.0,55.0,2.418241454814059,373.0,16.400073866284437,34.13573979844588,33.06357527316382,65.86426020155412,66.93642472683618,66.40034246419515,Prioridade moderada
355150,SP,Serrana,45580.0,8.0,1.7551557700745941,96.0,21.06186924089513,24.775665206522593,42.462046495504005,75.22433479347741,57.537953504495995,66.3811441489867,Prioridade moderada
354860,SP,São Bento do Sapucaí,11989.0,2.0,1.668195846192343,26.0,21.68654600050046,23.54814455153265,43.721433936744,76.45185544846734,56.278566063256,66.36521075586167,Prioridade moderada
315180,MG,Poços de Caldas,172339.0,41.0,2.379032024092051,288.0,16.711249339963675,33.58226201312913,33.69092450226134,66.41773798687086,66.30907549773866,66.36340674230476,Prioridade moderada
500790,MS,Sidrolândia,49735.0,15.0,3.015984719010757,61.0,12.265004523977078,42.57344501281668,24.72701669581478,57.42655498718332,75.27298330418522,66.34976914568426,Prioridade moderada
421660,SC,São José,295658.0,28.0,0.9470401612674103,791.0,26.75388455580434,13.368357596941566,53.93750559129524,86.63164240305844,46.06249440870476,66.3470684058816,Prioridade moderada
315960,MG,Santa Rita do Sapucaí,42517.0,13.0,3.057600489216078,51.0,11.995201919232308,43.1608905304728,24.183077759709523,56.8391094695272,75.81692224029048,66.32801585490884,Prioridade moderada
412860,PR,Verê,8077.0,1.0,1.238083446824316,20.0,24.761668936486316,17.476705771222296,49.92107422478107,82.5232942287777,50.07892577521893,66.30111000199831,Prioridade moderada
150060,PA,Altamira,138749.0,28.0,2.018032562396846,268.0,19.315454525798383,28.486416986043494,38.94116513475168,71.5135830139565,61.05883486524832,66.28620893960242,Prioridade moderada
431350,RS,Osório,48999.0,8.0,1.6326863813547214,108.0,22.04126614828874,23.046895245072342,44.43657195398287,76.95310475492766,55.56342804601713,66.2582664004724,Prioridade moderada
350450,SP,Avaré,96450.0,23.0,2.384655261793675,162.0,16.796267496111977,33.66163927242858,33.86232642571084,66.33836072757143,66.13767357428915,66.23801715093029,Prioridade moderada
150620,PA,Salinópolis,48663.0,17.0,3.493413887347677,44.0,9.041777120193986,49.31280424019814,18.228788531940587,50.68719575980186,81.77121146805942,66.22920361393064,Prioridade moderada
231410,CE,Viçosa do Ceará,62972.0,19.0,3.0172139998729595,78.0,12.386457473162675,42.59079746187332,24.971873442210367,57.40920253812668,75.02812655778963,66.21866454795816,Prioridade moderada
292750,BA,Santa Bárbara,21787.0,9.0,4.130903749942626,10.0,4.589893055491808,58.31156986402269,9.25351164716475,41.68843013597731,90.74648835283526,66.21745924440629,Prioridade moderada
431760,RS,Santo Antônio da Patrulha,44431.0,9.0,2.0256127478562265,86.0,19.35585514618172,28.593418393181842,39.022615313819045,71.40658160681815,60.977384686180955,66.19198314649955,Prioridade moderada
291955,BA,Luís Eduardo Magalhães,118382.0,34.0,2.8720582520991367,159.0,13.431095943640079,40.54178832492713,27.0779299748507,59.45821167507287,72.9220700251493,66.19014085011108,Prioridade moderada
293290,BA,Valença,90053.0,32.0,3.5534629607009203,78.0,8.661565966708494,50.16045307156007,17.46225905192355,49.83954692843993,82.53774094807645,66.1886439382582,Prioridade moderada
231350,CE,Trairi,62004.0,26.0,4.19327785304174,26.0,4.19327785304174,59.19203866473494,8.453910577827621,40.80796133526506,91.54608942217237,66.17702537871872,Prioridade moderada
130423,AM,Tonantins,20257.0,5.0,2.468282568988498,33.0,16.290664955324086,34.842116926040994,32.843000061577165,65.157883073959,67.15699993842284,66.15744150619092,Prioridade moderada
150178,PA,Breu Branco,47066.0,18.0,3.824416776441593,32.0,6.798963158118387,53.98521959067958,13.70713522333937,46.01478040932042,86.29286477666064,66.15382259299054,Prioridade moderada
351340,SP,Cruzeiro,76444.0,14.0,1.8314059965464917,159.0,20.79953953220658,25.852008466305726,41.93317338552111,74.14799153369427,58.06682661447889,66.10740907408658,Prioridade moderada
230800,CE,Massapê,39840.0,14.0,3.5140562248995986,36.0,9.036144578313253,49.604190140518945,18.217432975010095,50.395809859481055,81.7825670249899,66.08918844223548,Prioridade moderada
430010,RS,Agudo,16341.0,2.0,1.2239153050608897,41.0,25.090263753748243,17.276709199456885,50.583541940688534,82.72329080054311,49.416458059311466,66.0698744299273,Prioridade moderada
313240,MG,Itajubá,96855.0,23.0,2.3746838056889166,165.0,17.035775127768314,33.52088284369147,34.345188800132604,66.47911715630853,65.6548111998674,66.06696417808797,Prioridade moderada
314050,MG,Martinho Campos,14546.0,5.0,3.437371098583803,14.0,9.624639076034649,48.5217078626985,19.40387471191322,51.4782921373015,80.59612528808678,66.03720871269414,Prioridade moderada
355380,SP,Taquarituba,24932.0,7.0,2.8076367720198943,35.0,14.03818386009947,39.63241888332815,28.30185720755352,60.36758111667185,71.69814279244648,66.03286195455917,Prioridade moderada
230837,CE,Miraíma,14826.0,6.0,4.046944556859571,8.0,5.395926075812762,57.12640733070112,10.878524659747924,42.87359266929888,89.12147534025208,65.99753400477547,Prioridade moderada
310730,MG,Bocaiúva,49797.0,14.0,2.8114143422294515,70.0,14.057071711147259,39.68574281981393,28.339936297316076,60.31425718018607,71.66006370268393,65.987160441435,Prioridade moderada
430790,RS,Farroupilha,72552.0,19.0,2.618811335318117,112.0,15.437203660822583,36.96697124502546,31.122368680062824,63.03302875497454,68.87763131993718,65.95533003745587,Prioridade moderada
150200,PA,Cachoeira do Arari,25467.0,9.0,3.5339851572623395,23.0,9.031295401892645,49.88550565938125,18.207656731872238,50.11449434061875,81.79234326812777,65.95341880437326,Prioridade moderada
411275,PR,Jesuítas,10954.0,1.0,0.9129085265656381,30.0,27.387255796969143,12.886557651466358,55.21442165148211,87.11344234853364,44.78557834851789,65.94951034852576,Prioridade moderada
412230,PR,Rio Negro,31951.0,11.0,3.442771744233357,31.0,9.702356733748553,48.597943027003446,19.560558373635036,51.402056972996554,80.43944162636497,65.92074929968076,Prioridade moderada
130050,AM,Barreirinha,33722.0,12.0,3.5585077990629266,30.0,8.896269497657316,50.23166568323201,17.93543605866601,49.76833431676799,82.06456394133399,65.91644912905099,Prioridade moderada
315720,MG,Santa Bárbara,31916.0,11.0,3.446547186364206,31.0,9.712996616117309,48.65123692366798,19.582009042361605,51.34876307633202,80.4179909576384,65.88337701698521,Prioridade moderada
290140,BA,Angical,14178.0,5.0,3.5265904923120326,13.0,9.169135280011284,49.781123047736806,18.485550552532928,50.218876952263194,81.51444944746707,65.86666319986513,Prioridade moderada
220870,PI,Redenção do Gurguéia,8565.0,3.0,3.502626970227671,8.0,9.340338587273788,49.44285552159807,18.830707134316718,50.55714447840193,81.16929286568327,65.8632186720426,Prioridade moderada
290687,BA,Capim Grosso,35437.0,9.0,2.5397183734514774,57.0,16.084883031859356,35.85050011647324,32.4281308255111,64.14949988352676,67.57186917448891,65.86068452900784,Prioridade moderada
290460,BA,Brumado,74368.0,18.0,2.42039586919105,126.0,16.94277108433735,34.16615137229621,34.15768682814392,65.83384862770379,65.84231317185608,65.83808089977992,Prioridade moderada
316850,MG,Teixeiras,12691.0,6.0,4.727759829800647,1.0,0.787959971633441,66.73675164171263,1.5885766153713528,33.26324835828737,98.41142338462865,65.83733587145801,Prioridade moderada
411890,PR,Pérola,12389.0,3.0,2.4215029461619175,21.0,16.950520623133425,34.18177879913531,34.17331038334285,65.81822120086468,65.82668961665715,65.82245540876092,Prioridade moderada
316030,MG,Santo Antônio do Jacinto,10324.0,5.0,4.843084075939559,0.0,0.0,68.3646612331279,0.0,31.635338766872096,100.0,65.81766938343605,Prioridade moderada
130356,AM,Rio Preto da Eva,25364.0,9.0,3.548336224570257,23.0,9.067970351679547,50.08808439628854,18.281595725855162,49.91191560371146,81.71840427414483,65.81515993892815,Prioridade moderada
520890,GO,Goiás,24172.0,6.0,2.4822108224391854,40.0,16.54807214959457,35.038727249916214,33.361949074429646,64.9612727500838,66.63805092557035,65.79966183782707,Prioridade moderada
330200,RJ,Itaguaí,124021.0,39.0,3.144628732230832,148.0,11.933462881286236,44.38937557391359,24.058607995422715,55.61062442608641,75.94139200457728,65.77600821533184,Prioridade moderada
291835,BA,João Dourado,25892.0,8.0,3.089757454039858,32.0,12.359029816159431,43.61481616380735,24.916577569198626,56.38518383619265,75.08342243080138,65.73430313349701,Prioridade moderada
410890,PR,Guairaçá,6762.0,1.0,1.478852410529429,16.0,23.661638568470863,20.875384873434257,47.703344160136844,79.12461512656574,52.296655839863156,65.71063548321445,Prioridade moderada
431250,RS,Mostardas,12347.0,3.0,2.4297400178180935,21.0,17.008180124726653,34.29805276929517,34.28955554703447,65.70194723070483,65.71044445296553,65.70619584183518,Prioridade moderada
500320,MS,Corumbá,98751.0,28.0,2.8354143249182284,140.0,14.177071624591143,40.024525021483825,28.581863632721667,59.975474978516175,71.41813636727834,65.69680567289726,Prioridade moderada
500450,MS,Itaporã,25263.0,9.0,3.562522265764161,23.0,9.104223568063967,50.2883336352556,18.354684478905526,49.7116663647444,81.64531552109447,65.67849094291944,Prioridade moderada
353790,SP,Pilar do Sul,28459.0,10.0,3.513826908886468,27.0,9.487332653993464,49.60095313052548,19.12705637208973,50.39904686947452,80.87294362791027,65.6359952486924,Prioridade moderada
313460,MG,Jaboticatubas,21407.0,6.0,2.802821506983697,31.0,14.4812444527491,39.56444691385878,29.19509509020474,60.43555308614122,70.80490490979525,65.62022899796824,Prioridade moderada
313840,MG,Leopoldina,52739.0,17.0,3.2234209977436055,61.0,11.566392991903525,45.501602092204294,23.318572126250935,54.498397907795706,76.68142787374907,65.58991289077238,Prioridade moderada
314500,MG,Nova Ponte,15220.0,4.0,2.628120893561104,24.0,15.768725361366622,37.098384366402755,31.790737175838903,62.901615633597245,68.2092628241611,65.55543922887918,Prioridade moderada
230015,CE,Acarape,14340.0,6.0,4.184100418410042,7.0,4.881450488145049,59.06249059169978,9.841309677806475,40.93750940830022,90.15869032219352,65.54809986524687,Prioridade moderada
510480,MT,Jaciara,29803.0,8.0,2.684293527497232,46.0,15.434687783109082,37.891313629946644,31.117296513142318,62.108686370053356,68.88270348685768,65.49569492845552,Prioridade moderada
170220,TO,Araguatins,33286.0,12.0,3.6051192693624947,30.0,9.012798173406237,50.889630179954025,18.17036516163958,49.110369820045975,81.82963483836042,65.4700023292032,Prioridade moderada
130110,AM,Careiro,32336.0,13.0,4.020286986640277,20.0,6.1850569025235025,56.75011079552548,12.46946179223023,43.24988920447452,87.53053820776977,65.39021370612214,Prioridade moderada
330360,RJ,Paracambi,43627.0,13.0,2.979806083388727,59.0,13.523735301533453,42.06274973489151,27.264696717972637,57.93725026510849,72.73530328202736,65.33627677356793,Prioridade moderada
351310,SP,Cravinhos,34307.0,15.0,4.3722855393942925,13.0,3.7893141341417205,61.7188995747934,7.639494439438363,38.2811004252066,92.36050556056163,65.32080299288413,Prioridade moderada
291810,BA,Jeremoabo,39539.0,15.0,3.7937226535825386,31.0,7.840360150737247,53.55194333980214,15.806656733756874,46.44805666019786,84.19334326624312,65.32069996322049,Prioridade moderada
320390,ES,Nova Venécia,52324.0,18.0,3.4401039675865763,54.0,10.320311902759729,48.56028486459225,20.80639466758282,51.43971513540775,79.19360533241718,65.31666023391247,Prioridade moderada
290980,BA,Cruz das Almas,63326.0,18.0,2.8424343871395634,92.0,14.527997978713325,40.123619765261104,29.28935312450433,59.876380234738896,70.71064687549567,65.29351355511729,Prioridade moderada
150307,PA,Garrafão do Norte,25558.0,10.0,3.9126692229438924,18.0,7.0428046012990055,55.230985411285104,14.198734833015145,44.769014588714896,85.80126516698485,65.28513987784987,Prioridade moderada
292050,BA,Maracás,29330.0,8.0,2.727582679849983,45.0,15.342652574156155,38.50238050164677,30.931747772093516,61.49761949835323,69.06825222790648,65.28293586312986,Prioridade moderada
130083,AM,Caapiranga,14806.0,4.0,2.7016074564365797,23.0,15.534242874510333,38.1357159298021,31.318005807820498,61.8642840701979,68.6819941921795,65.2731391311887,Prioridade moderada
420590,SC,Gaspar,78344.0,24.0,3.0634126416828344,102.0,13.019503727152047,43.242934498364896,26.248134307913045,56.757065501635104,73.75186569208695,65.25446559686102,Prioridade moderada
160040,AP,Mazagão,23773.0,10.0,4.206452698439406,12.0,5.047743238127287,59.37801392931582,10.176566268797966,40.62198607068418,89.82343373120203,65.2227099009431,Prioridade moderada
260260,PE,Brejo da Madre de Deus,51308.0,16.0,3.118422078428315,65.0,12.66858969361503,44.01944414568098,25.540669655201125,55.98055585431902,74.45933034479887,65.21994309955895,Prioridade moderada
150157,PA,Bom Jesus do Tocantins,19129.0,5.0,2.613832401066444,31.0,16.20576088661195,36.89668893150779,32.67182814553887,63.10331106849221,67.32817185446113,65.21574146147667,Prioridade moderada
210590,MA,Lago Verde,15069.0,1.0,0.6636140420731304,45.0,29.86263189329086,9.367532849834925,60.20493477705904,90.63246715016507,39.79506522294096,65.21376618655302,Prioridade moderada
260105,PE,Araçoiaba,19996.0,9.0,4.500900180036007,6.0,3.000600120024005,63.53441551447601,6.049397627228798,36.46558448552399,93.9506023727712,65.2080934291476,Prioridade moderada
312380,MG,Engenheiro Navarro,6373.0,3.0,4.707359171504786,1.0,1.5691197238349288,66.44877727012198,3.1634435627926942,33.55122272987802,96.8365564372073,65.19388958354267,Prioridade moderada
314930,MG,Pedro Leopoldo,65174.0,22.0,3.3755792187068465,71.0,10.893914751281185,47.64945768729209,21.96281390774122,52.35054231270791,78.03718609225878,65.19386420248334,Prioridade moderada
420790,SC,Irineópolis,10427.0,2.0,1.9180972475304499,22.0,21.09906972283495,27.075736552059553,42.53704499519637,72.92426344794045,57.46295500480363,65.19360922637205,Prioridade moderada
110013,RO,Machadinho D'Oeste,34149.0,10.0,2.928343436118188,48.0,14.056048493367303,41.33630633815412,28.337873426236094,58.66369366184588,71.66212657376391,65.1629101178049,Prioridade moderada
231100,CE,Poranga,12441.0,3.0,2.411381721726549,22.0,17.68346595932803,34.0389082503406,35.65097405071236,65.9610917496594,64.34902594928764,65.15505884947352,Prioridade moderada
411695,PR,Nova Esperança do Sudoeste,5783.0,1.0,1.7292062943109114,13.0,22.479681826041848,24.409364086834255,45.320445397511996,75.59063591316574,54.679554602488004,65.13509525782688,Prioridade moderada
432190,RS,Três Passos,26304.0,3.0,1.1405109489051095,70.0,26.61192214111922,16.09937870827583,53.6513004789176,83.90062129172418,46.3486995210824,65.1246604064033,Prioridade moderada
353050,SP,Mococa,69372.0,20.0,2.88300755347979,100.0,14.415037767398951,40.69634795426468,29.061618269154472,59.30365204573532,70.93838173084552,65.12101688829043,Prioridade moderada
313320,MG,Itanhomi,11264.0,3.0,2.6633522727272725,18.0,15.980113636363637,37.59570823353048,32.216909167453935,62.40429176646952,67.78309083254607,65.0936912995078,Prioridade moderada
350790,SP,Brotas,24501.0,7.0,2.8570262438267826,36.0,14.693277825394881,40.32959746945583,29.622567639051557,59.67040253054417,70.37743236094845,65.0239174457463,Prioridade moderada
520030,GO,Alexânia,28244.0,10.0,3.5405749893782748,28.0,9.91360997025917,49.978527302847496,19.986458119210432,50.021472697152504,80.01354188078957,65.01750728897105,Prioridade moderada
410280,PR,Bela Vista do Paraíso,14982.0,5.0,3.337338139100254,17.0,11.346949672940863,47.10964908362117,22.876160661895824,52.89035091637883,77.12383933810418,65.0070951272415,Prioridade moderada
310540,MG,Barão de Cocais,32264.0,11.0,3.4093726754277216,35.0,10.848003967270023,48.1264839342855,21.870254893959967,51.8735160657145,78.12974510604003,65.00163058587727,Prioridade moderada
330630,RJ,Volta Redonda,279971.0,52.0,1.8573352240053433,609.0,21.752252911908734,26.21802376223412,43.85390318225031,73.78197623776587,56.14609681774969,64.96403652775778,Prioridade moderada
290860,BA,Conde,24460.0,10.0,4.088307440719542,15.0,6.132461161079314,57.71028312108033,12.36342548590219,42.28971687891967,87.63657451409782,64.96314569650875,Prioridade moderada
421470,SC,Rio dos Cedros,11218.0,1.0,0.8914244963451596,32.0,28.52558388304511,12.583290471934614,57.50936231250587,87.41670952806538,42.49063768749413,64.95367360777976,Prioridade moderada
140010,RR,Boa Vista,485477.0,56.0,1.1535046974418974,1296.0,26.69539442651248,16.28279762129431,53.81958583018037,83.7172023787057,46.18041416981963,64.94880827426266,Prioridade moderada
130280,AM,Maraã,15815.0,5.0,3.1615554852987673,20.0,12.64622194119507,44.62831252423727,25.495574866491104,55.37168747576273,74.5044251335089,64.93805630463581,Prioridade moderada
250150,PB,Bananeiras,24134.0,9.0,3.7291787519681776,21.0,8.701417087925748,52.64084580374004,17.54260140628303,47.35915419625996,82.45739859371697,64.90827639498846,Prioridade moderada
421630,SC,São João Batista,35336.0,13.0,3.6789676250848995,32.0,9.05592030790129,51.93206878775505,18.257302083475516,48.06793121224495,81.74269791652449,64.90531456438472,Prioridade moderada
320010,ES,Afonso Cláudio,32456.0,8.0,2.4648755237860485,57.0,17.5622381069756,34.79402329656457,35.40657111361957,65.20597670343543,64.59342888638042,64.89970279490792,Prioridade moderada
355600,SP,Urupês,14073.0,5.0,3.552902721523485,14.0,9.948127620265756,50.15254477160609,20.05604786182688,49.84745522839391,79.94395213817312,64.89570368328351,Prioridade moderada
130300,AM,Nhamundá,21251.0,7.0,3.293962637052374,25.0,11.76415227518705,46.49736330521563,23.717267217634273,53.50263669478437,76.28273278236573,64.89268473857504,Prioridade moderada
420765,SC,Iporã do Oeste,9759.0,2.0,2.0493903063838506,20.0,20.49390306383851,28.929060869794544,41.316991137776085,71.07093913020546,58.683008862223915,64.87697399621469,Prioridade moderada
510335,MT,Confresa,38460.0,9.0,2.3400936037441498,71.0,18.46073842953718,33.03260979270573,37.21800399436106,66.96739020729427,62.78199600563894,64.87469310646661,Prioridade moderada
260210,PE,Bom Conselho,46202.0,17.0,3.67949439418207,42.0,9.09051556209688,51.939504626223155,18.32704828099366,48.060495373776845,81.67295171900633,64.8667235463916,Prioridade moderada
353140,SP,Monte Aprazível,22668.0,7.0,3.0880536439032995,30.0,13.234515616728428,43.590765290238984,26.68161173329518,56.409234709761016,73.31838826670482,64.86381148823291,Prioridade moderada
520013,GO,Acreúna,22079.0,7.0,3.1704334435436383,28.0,12.681733774174553,44.753633207986645,25.567168944199437,55.246366792013355,74.43283105580056,64.83959892390696,Prioridade moderada
421570,SC,Santo Amaro da Imperatriz,30099.0,8.0,2.657895611149872,49.0,16.279610618292967,37.518682352015006,32.820713826313636,62.481317647984994,67.17928617368636,64.83030191083569,Prioridade moderada
510777,MT,Santa Terezinha,7737.0,2.0,2.584981258885873,13.0,16.802378182758176,36.489428076557445,33.87464595241204,63.510571923442555,66.12535404758796,64.81796298551527,Prioridade moderada
110012,RO,Ji-Paraná,140101.0,17.0,1.2134103254080983,370.0,26.40951884711744,17.128421586860636,53.243242771292145,82.87157841313936,46.756757228707855,64.81416782092361,Prioridade moderada
261310,PE,São Caitano,39243.0,15.0,3.8223377417628623,32.0,8.154320515760773,53.955872071769164,16.439620478090127,46.044127928230836,83.56037952190988,64.80225372507036,Prioridade moderada
411840,PR,Paranavaí,96209.0,23.0,2.390628735357399,175.0,18.18956646467586,33.74596043848015,36.67130434256276,66.25403956151985,63.32869565743724,64.79136760947854,Prioridade moderada
410442,PR,Candói,15174.0,2.0,1.3180440226703571,39.0,25.701858442071963,18.60542408253097,51.81655510751519,81.39457591746903,48.18344489248481,64.78901040497692,Prioridade moderada
231375,CE,Umirim,17751.0,7.0,3.943439806208101,13.0,7.323531068672188,55.66534097229099,14.764696959822654,44.33465902770901,85.23530304017734,64.78498103394318,Prioridade moderada
314800,MG,Patos de Minas,169173.0,37.0,2.1871102362670167,332.0,19.624881038936472,30.8731064828549,39.564988349943796,69.1268935171451,60.435011650056204,64.78095258360065,Prioridade moderada
240100,RN,Apodi,37486.0,9.0,2.4008963346315957,68.0,18.140105639438723,33.8908972050222,36.571588223499255,66.1091027949778,63.428411776500745,64.76875728573927,Prioridade moderada
352240,SP,Itapeva,92393.0,27.0,2.9222993083891637,134.0,14.5032632342277,41.25098782247992,29.23948633165749,58.74901217752008,70.76051366834251,64.75476292293129,Prioridade moderada
353670,SP,Pederneiras,46337.0,14.0,3.0213436346763927,64.0,13.811856615663508,42.64909111937059,27.845567318630504,57.35090888062941,72.1544326813695,64.75267078099945,Prioridade moderada
260620,PE,Goiana,85497.0,31.0,3.625858217247389,82.0,9.590979800460834,51.182379825479686,19.336015505872517,48.817620174520314,80.66398449412748,64.74080233432389,Prioridade moderada
315640,MG,Romaria,3430.0,1.0,2.9154518950437316,5.0,14.577259475218659,41.15433017905612,29.388667384370027,58.84566982094388,70.61133261562998,64.72850121828694,Prioridade moderada
231030,CE,Parambu,32867.0,9.0,2.7383089420999784,52.0,15.821340554355434,38.65379172505742,31.89681269769823,61.34620827494258,68.10318730230176,64.72469778862217,Prioridade moderada
312240,MG,Divisa Nova,6002.0,3.0,4.998333888703765,0.0,0.0,70.55615753790194,0.0,29.44384246209806,100.0,64.72192123104904,Prioridade moderada
500620,MS,Nova Andradina,50848.0,14.0,2.7533039647577096,80.0,15.733165512901197,38.86546049398747,31.71904629590598,61.13453950601253,68.28095370409402,64.70774660505327,Prioridade moderada
210540,MA,Itapecuru Mirim,62264.0,20.0,3.212128999100604,78.0,12.527303096492355,45.3422049705006,25.255827033323776,54.6577950294994,74.74417296667622,64.7009839980878,Prioridade moderada
430690,RS,Encruzilhada do Sul,24275.0,6.0,2.47167868177137,43.0,17.71369721936148,34.89005623419052,35.71192216288968,65.10994376580948,64.28807783711032,64.6990108014599,Prioridade moderada
520995,GO,Indiara,17985.0,6.0,3.336113427856547,21.0,11.676396997497916,47.09236113900333,23.540347085862365,52.90763886099667,76.45965291413764,64.68364588756715,Prioridade moderada
150630,PA,Salvaterra,25687.0,10.0,3.8930198154708604,20.0,7.786039630941721,54.9536156476671,15.697143166331479,45.0463843523329,84.30285683366853,64.67462059300071,Prioridade moderada
312430,MG,Espinosa,31375.0,10.0,3.1872509960159365,40.0,12.749003984063746,44.991028689772904,25.70278989727852,55.008971310227096,74.29721010272148,64.65309070647429,Prioridade moderada
240780,RN,Monte Alegre,23953.0,10.0,4.174842399699411,14.0,5.844779359579176,58.931804999024116,11.783440970212071,41.068195000975884,88.21655902978793,64.64237701538191,Prioridade moderada
411790,PR,Palotina,37039.0,10.0,2.6998569075838983,60.0,16.199141445503386,38.11100529554321,32.65848293800238,61.88899470445679,67.34151706199762,64.6152558832272,Prioridade moderada
510562,MT,Mirassol d'Oeste,27637.0,8.0,2.894670188515396,41.0,14.835184716141404,40.860976955288194,29.908660811694155,59.139023044711806,70.09133918830585,64.61518111650884,Prioridade moderada
310930,MG,Buritis,24779.0,9.0,3.6321078332458936,24.0,9.685620888655716,51.270599000260795,19.526817862555717,48.729400999739205,80.47318213744428,64.60129156859175,Prioridade moderada
510625,MT,Nova Xavantina,25915.0,6.0,2.3152614316033184,49.0,18.90796835809377,32.68208045861373,38.11964751912846,67.31791954138626,61.88035248087154,64.5991360111289,Prioridade moderada
316210,MG,São Gotardo,43851.0,15.0,3.420674557022645,49.0,11.17420355294064,48.28602056309861,22.52789367307961,51.71397943690139,77.4721063269204,64.59304288191089,Prioridade moderada
330100,RJ,Campos dos Goytacazes,519259.0,90.0,1.7332390964817173,1194.0,22.99430534665745,24.46629086115912,46.357958621534415,75.53370913884088,53.642041378465585,64.58787525865323,Prioridade moderada
130330,AM,Novo Aripuanã,25325.0,9.0,3.5538005923000986,26.0,10.266535044422508,50.16521905735291,20.697977155681098,49.83478094264709,79.3020228443189,64.568401893483,Prioridade moderada
351100,SP,Castilho,20485.0,6.0,2.9289724188430557,30.0,14.644862094215279,41.345185017572604,29.524958495012697,58.654814982427396,70.4750415049873,64.56492824370736,Prioridade moderada
290710,BA,Carinhanha,30439.0,11.0,3.6137849469430665,30.0,9.855777128026544,51.01195432359103,19.86986348994169,48.98804567640897,80.1301365100583,64.55909109323363,Prioridade moderada
352090,SP,Ipaussu,13935.0,3.0,2.1528525296017222,28.0,20.09329027628274,30.389526913705595,40.50933068668672,69.6104730862944,59.49066931331328,64.55057119980384,Prioridade moderada
411850,PR,Pato Branco,97821.0,19.0,1.9423232230298197,211.0,21.57001052943642,27.417708853611057,43.48649113398988,72.58229114638894,56.51350886601012,64.54790000619953,Prioridade moderada
260610,PE,Glória do Goitá,30420.0,12.0,3.944773175542406,23.0,7.560815253122946,55.68416272748027,15.243076725528937,44.31583727251973,84.75692327447106,64.5363802734954,Prioridade moderada
210260,MA,Cândido Mendes,20440.0,7.0,3.4246575342465753,23.0,11.252446183953033,48.34224401169948,22.685635713825356,51.65775598830052,77.31436428617465,64.48606013723759,Prioridade moderada
150260,PA,Colares,13625.0,5.0,3.669724770642202,13.0,9.541284403669724,51.80159725290366,19.235826475876102,48.19840274709634,80.76417352412389,64.48128813561011,Prioridade moderada
221100,PI,Teresina,905692.0,98.0,1.0820455519094792,2506.0,27.669450541685254,15.274084949837166,55.78334391730154,84.72591505016284,44.21665608269846,64.47128556643065,Prioridade moderada
261350,PE,São José do Belmonte,36890.0,14.0,3.795066413662239,32.0,8.67443751694226,53.570911770080635,17.48820890272949,46.429088229919365,82.5117910972705,64.47043966359493,Prioridade moderada
310290,MG,Antônio Carlos,11350.0,4.0,3.524229074889868,12.0,10.572687224669602,49.74778943230396,21.315199110848813,50.25221056769604,78.68480088915119,64.46850572842362,Prioridade moderada
330050,RJ,Bom Jardim,29758.0,9.0,3.024396800860273,42.0,14.11385173734794,42.69218941553405,28.454408383576492,57.30781058446595,71.54559161642351,64.42670110044473,Prioridade moderada
314920,MG,Pedrinópolis,3398.0,1.0,2.942907592701589,5.0,14.714537963507945,41.54189302947689,29.665429408001526,58.45810697052311,70.33457059199847,64.3963387812608,Prioridade moderada
355040,SP,São Pedro,39855.0,11.0,2.7600050181909426,64.0,16.058211014929118,38.960052130367266,32.37435837017643,61.039947869632734,67.62564162982358,64.33279474972815,Prioridade moderada
500720,MS,Rio Brilhante,40419.0,13.0,3.2163091615329424,52.0,12.86523664613177,45.4012118727359,25.937122218146108,54.5987881272641,74.0628777818539,64.330832954559,Prioridade moderada
350400,SP,Assis,104858.0,24.0,2.2888096282591697,203.0,19.35951477235881,32.308688515324526,39.02999334922087,67.69131148467548,60.97000665077913,64.33065906772731,Prioridade moderada
280130,SE,Capela,32783.0,4.0,1.2201445871335752,88.0,26.843180916938657,17.223481989343558,54.1175326437376,82.77651801065645,45.8824673562624,64.32949268345942,Prioridade moderada
350610,SP,Bebedouro,78257.0,19.0,2.427897823836845,144.0,18.40090982276346,34.272048478335314,37.0973857788774,65.72795152166469,62.9026142211226,64.31528287139365,Prioridade moderada
432380,RS,Xangri-lá,16949.0,5.0,2.950026550238952,25.0,14.75013275119476,41.64238377313188,29.737190727591354,58.35761622686812,70.26280927240865,64.31021274963838,Prioridade moderada
312770,MG,Governador Valadares,266561.0,69.0,2.5885257033099367,461.0,17.294352887331605,36.53946122454977,34.866497745872365,63.46053877545023,65.13350225412763,64.29702051478893,Prioridade moderada
521500,GO,Nova Veneza,9883.0,4.0,4.04735404229485,7.0,7.082869574015986,57.13218760059192,14.279508325381448,42.86781239940808,85.72049167461856,64.29415203701332,Prioridade moderada
317130,MG,Viçosa,79517.0,20.0,2.515185432045978,142.0,17.85781656752644,35.50419470406642,36.00247578814911,64.49580529593358,63.99752421185089,64.24666475389223,Prioridade moderada
270120,AL,Cacimbinhas,10705.0,5.0,4.670714619336758,3.0,2.802428771602055,65.93150514440096,5.649871786738301,34.06849485559904,94.3501282132617,64.20931153443037,Prioridade moderada
410720,PR,Dois Vizinhos,47589.0,17.0,3.5722540923322614,50.0,10.50662968333018,50.425707468968916,21.18202297345798,49.574292531031084,78.81797702654202,64.19613477878656,Prioridade moderada
351370,SP,Descalvado,32663.0,13.0,3.9800385757585035,25.0,7.653920337997122,56.18196683354597,15.430782403390564,43.81803316645403,84.56921759660943,64.19362538153173,Prioridade moderada
510560,MT,Matupá,21959.0,7.0,3.18775900541919,29.0,13.206430165308074,44.998199717616345,26.624989705572077,55.001800282383655,73.37501029442792,64.18840528840579,Prioridade moderada
430640,RS,Dois Irmãos,31804.0,8.0,2.5154068670607472,57.0,17.922273927807822,35.50732046639731,36.1324258603835,64.49267953360268,63.8675741396165,64.18012683660959,Prioridade moderada
315160,MG,Planura,11533.0,5.0,4.3353854157634615,6.0,5.202462498916153,61.198019818851336,10.488489981276947,38.801980181148664,89.51151001872306,64.15674509993586,Prioridade moderada
270850,AL,São Luís do Quitunde,31785.0,12.0,3.7753657385559225,29.0,9.12380053484348,53.29281831587068,18.394152869109874,46.70718168412932,81.60584713089013,64.15651440750972,Prioridade moderada
140005,RR,Alto Alegre,23589.0,8.0,3.3914112510068253,28.0,11.869939378523888,47.87294163013692,23.930540638389903,52.12705836986308,76.0694593616101,64.0982588657366,Prioridade moderada
330010,RJ,Angra dos Reis,179142.0,55.0,3.070190128501412,253.0,14.122874591106497,43.33860506346326,28.472599021427097,56.66139493653674,71.5274009785729,64.09439795755482,Prioridade moderada
120050,AC,Sena Madureira,44049.0,17.0,3.859338463983291,38.0,8.626756566550887,54.47817187088837,17.39208112274417,45.52182812911163,82.60791887725583,64.06487350318373,Prioridade moderada
317052,MG,Urucuia,18515.0,5.0,2.7005130974885225,31.0,16.74318120442884,38.12026802974952,33.75530113940118,61.87973197025048,66.24469886059882,64.06221541542465,Prioridade moderada
150840,PA,Xinguara,57768.0,15.0,2.596593269630245,101.0,17.483728015510316,36.65334246836375,35.24828985586244,63.34665753163625,64.75171014413756,64.0491838378869,Prioridade moderada
355340,SP,Tanabi,26071.0,9.0,3.4521115415595873,30.0,11.507038471865291,48.72978300132186,23.198909699295584,51.27021699867814,76.80109030070442,64.03565364969128,Prioridade moderada
270920,AL,Traipu,24106.0,10.0,4.1483448104206415,16.0,6.6373516966730275,58.55776674444638,13.381316403005286,41.44223325555362,86.61868359699471,64.03045842627417,Prioridade moderada
150330,PA,Igarapé-Miri,69446.0,17.0,2.447945166028281,129.0,18.575583906920485,34.55503546267261,37.44953966409067,65.4449645373274,62.55046033590933,63.99771243661836,Prioridade moderada
241255,RN,São Miguel do Gostoso,10636.0,5.0,4.7010154193305755,3.0,2.8206092515983454,66.35922927517981,5.6865247721919445,33.640770724820186,94.31347522780806,63.97712297631412,Prioridade moderada
353580,SP,Paranapanema,19853.0,7.0,3.525915478768952,22.0,11.081448647559561,49.77159460026884,22.340893978991204,50.22840539973116,77.6591060210088,63.94375571036998,Prioridade moderada
500540,MS,Maracaju,48073.0,18.0,3.7443055353316828,46.0,9.568780812514301,52.85437449826148,19.29126095690264,47.14562550173852,80.70873904309735,63.92718227241794,Prioridade moderada
430130,RS,Arroio Grande,17879.0,4.0,2.2372615918116225,36.0,20.135354326304604,31.581039770493312,40.594134444007054,68.4189602295067,59.405865555992946,63.91241289274982,Prioridade moderada
292290,BA,Nova Soure,24865.0,10.0,4.021717273275689,19.0,7.641262819223809,56.77030062906193,15.405264053403537,43.22969937093807,84.59473594659646,63.91221765876726,Prioridade moderada
510125,MT,Araputanga,14805.0,5.0,3.3772374197906116,18.0,12.158054711246201,47.672864746424345,24.511399180155426,52.327135253575655,75.48860081984458,63.90786803671011,Prioridade moderada
354660,SP,Santa Fé do Sul,36288.0,9.0,2.4801587301587302,67.0,18.463403880070544,35.00976004815538,37.22337770944706,64.99023995184461,62.77662229055294,63.88343112119878,Prioridade moderada
310430,MG,Areado,14229.0,5.0,3.5139503830205916,16.0,11.244641225665895,49.60269608340799,22.669900429464153,50.39730391659201,77.33009957053585,63.86370174356393,Prioridade moderada
510180,MT,Barra do Garças,73878.0,23.0,3.113240748260646,104.0,14.077262513874226,43.94630482451795,28.380642219205924,56.05369517548205,71.61935778079408,63.83652647813806,Prioridade moderada
312950,MG,Ibiá,22554.0,7.0,3.1036623215394163,32.0,14.188170612751618,43.81109637311064,28.604239887456362,56.18890362688936,71.39576011254364,63.792331869716506,Prioridade moderada
522000,GO,São João d'Aliança,15026.0,4.0,2.662052442433116,26.0,17.303340875815255,37.577359913260345,34.8846180931468,62.422640086739655,65.1153819068532,63.769010996796425,Prioridade moderada
314610,MG,Ouro Preto,77914.0,26.0,3.3370126036399106,98.0,12.577970582950432,47.105053846140926,25.357975856924657,52.894946153859074,74.64202414307535,63.76848514846721,Prioridade moderada
510340,MT,Cuiabá,691875.0,100.0,1.4453477868112015,1788.0,25.842818428184284,20.402435774404694,52.100739261155525,79.5975642255953,47.899260738844475,63.74841248221989,Prioridade moderada
210220,MA,Buriti,30866.0,12.0,3.8877729540594825,27.0,8.747489146633836,54.879551291710925,17.63548555994627,45.120448708289075,82.36451444005372,63.7424815741714,Prioridade moderada
316110,MG,São Francisco,54223.0,20.0,3.6884716817586636,55.0,10.143297124836325,52.06622743638769,20.449521797249897,47.93377256361231,79.5504782027501,63.742125383181204,Prioridade moderada
316940,MG,Três Pontas,57209.0,17.0,2.9715604188152214,87.0,15.207397437466133,41.946354467667014,30.65906495191267,58.053645532332986,69.34093504808733,63.69729029021016,Prioridade moderada
431750,RS,Santo Ângelo,79146.0,20.0,2.5269754630682537,145.0,18.32057210724484,35.67062201858906,36.935419916651334,64.32937798141094,63.064580083348666,63.6969790323798,Prioridade moderada
353530,SP,Palmital,19714.0,6.0,3.0435223698894185,29.0,14.71035812113219,42.96216470959596,29.65700258418674,57.03783529040404,70.34299741581326,63.690416353108645,Prioridade moderada
320405,ES,Pedro Canário,21923.0,7.0,3.192993659626876,30.0,13.684258541258039,45.07209175747559,27.588321615213935,54.92790824252441,72.41167838478606,63.669793313655234,Prioridade moderada
150730,PA,São Félix do Xingu,64651.0,19.0,2.9388563208612397,100.0,15.467664846638103,41.48470553849263,31.18378033700614,58.51529446150737,68.81621966299386,63.66575706225061,Prioridade moderada
230427,CE,Ereré,6381.0,2.0,3.134304967873374,9.0,14.104372355430183,44.24364598469283,28.43529735638623,55.75635401530717,71.56470264361377,63.66052832946047,Prioridade moderada
261180,PE,Ribeirão,33843.0,12.0,3.545784948142895,38.0,11.228319002452503,50.05207074343142,22.636993805979316,49.94792925656858,77.36300619402068,63.65546772529463,Prioridade moderada
314600,MG,Ouro Fino,33285.0,11.0,3.304791948325071,43.0,12.91873216163437,46.65022916195846,26.044972525286074,53.34977083804154,73.95502747471393,63.65239915637774,Prioridade moderada
410230,PR,Balsa Nova,13867.0,6.0,4.326819066849354,8.0,5.769092089132473,61.07709779223875,11.630850696287784,38.92290220776125,88.36914930371222,63.64602575573673,Prioridade moderada
521380,GO,Morrinhos,54326.0,16.0,2.9451827854066193,84.0,15.46220962338475,41.57400950238559,31.172782265525502,58.42599049761441,68.8272177344745,63.626604116044454,Prioridade moderada
311430,MG,Carmo do Paranaíba,29885.0,11.0,3.68077630918521,31.0,10.373096871340136,51.957600055405294,20.912812467659794,48.042399944594706,79.08718753234021,63.56479373846746,Prioridade moderada
432145,RS,Teutônia,34023.0,9.0,2.6452693765981836,60.0,17.63512917732122,37.34045124261418,35.5535240731467,62.65954875738582,64.44647592685331,63.553012342119565,Prioridade moderada
280710,SE,Simão Dias,44503.0,20.0,4.494079050850504,21.0,4.71878300339303,63.4381288965519,9.513361848397516,36.5618711034481,90.48663815160248,63.52425462752529,Prioridade moderada
520470,GO,Campinorte,12983.0,5.0,3.851190017715474,12.0,9.242856042517138,54.363148930972216,18.63417622337935,45.636851069027784,81.36582377662066,63.50133742282422,Prioridade moderada
500570,MS,Naviraí,53014.0,16.0,3.018070698306108,80.0,15.09035349153054,42.60289056148564,30.423097031995834,57.39710943851436,69.57690296800416,63.48700620325926,Prioridade moderada
292335,BA,Ourolândia,20141.0,8.0,3.971997418201678,17.0,8.440494513678566,56.068458374127395,17.01656516739602,43.931541625872605,82.98343483260398,63.457488229238294,Prioridade moderada
171610,TO,Paraíso do Tocantins,55704.0,11.0,1.9747235387045814,125.0,22.44004021255206,27.87506961180144,45.24052542384263,72.12493038819856,54.75947457615737,63.44220248217797,Prioridade moderada
292300,BA,Nova Viçosa,41629.0,12.0,2.8826058757116435,67.0,16.09454947272334,40.69067789689759,32.44761897524358,59.30932210310241,67.55238102475641,63.43085156392941,Prioridade moderada
251040,PB,Olho d'Água,6059.0,3.0,4.951312097705893,1.0,1.6504373659019642,69.89240098077035,3.327385018266684,30.107599019229653,96.67261498173332,63.390107000481485,Prioridade moderada
231220,CE,Santa Quitéria,41569.0,14.0,3.3678943443431404,53.0,12.749885732156175,47.54097849835874,25.704567556614915,52.45902150164126,74.29543244338508,63.37722697251317,Prioridade moderada
355200,SP,Silveiras,6329.0,3.0,4.740085321535788,2.0,3.1600568810238583,66.91073748498775,6.370872436618055,33.08926251501225,93.62912756338194,63.3591950391971,Prioridade moderada
431320,RS,Nova Petrópolis,23934.0,8.0,3.3425252778474137,31.0,12.952285451658728,47.1828703983162,26.112618057826232,52.8171296016838,73.88738194217376,63.35225577192878,Prioridade moderada
291380,BA,Ipecaetá,14016.0,6.0,4.280821917808219,9.0,6.421232876712328,60.42780501462435,12.945607336693815,39.57219498537565,87.05439266330619,63.31329382434092,Prioridade moderada
290940,BA,Cotegipe,13463.0,6.0,4.4566589913095145,7.0,5.1994354898611,62.90990975896715,10.48238734158396,37.09009024103285,89.51761265841604,63.30385144972445,Prioridade moderada
412580,PR,São Pedro do Ivaí,8514.0,1.0,1.1745360582569886,24.0,28.188865398167724,16.579674948809313,56.83051677428567,83.42032505119069,43.16948322571433,63.29490413845251,Prioridade moderada
510792,MT,Sorriso,124665.0,31.0,2.4866642602173825,237.0,19.01094934424257,35.101591689239456,38.32726363201899,64.89840831076054,61.67273636798101,63.28557233937077,Prioridade moderada
291120,BA,Gandu,34051.0,13.0,3.817802707703151,33.0,9.691345334938768,53.89185582461932,19.5383587045129,46.10814417538068,80.4616412954871,63.284892735433885,Prioridade moderada
230655,CE,Itarema,45852.0,17.0,3.7075809125010903,48.0,10.468463752944254,52.33597210025216,21.105078069278026,47.66402789974784,78.89492193072198,63.279474915234914,Prioridade moderada
310420,MG,Arcos,43653.0,15.0,3.4361899525805786,54.0,12.370283829290084,48.505034882194515,24.93926636397506,51.494965117805485,75.06073363602493,63.27784937691521,Prioridade moderada
270710,AL,Piranhas,23053.0,6.0,2.6026981303951766,42.0,18.218886912766234,36.73951828764043,36.730416200861896,63.26048171235957,63.269583799138104,63.265032755748834,Prioridade moderada
330600,RJ,Três Rios,82319.0,30.0,3.6443591394453287,90.0,10.933077418335987,51.44353764531729,22.04176829542397,48.55646235468271,77.95823170457604,63.25734702962937,Prioridade moderada
293170,BA,Terra Nova,10976.0,5.0,4.555393586005831,5.0,4.555393586005831,64.30364090477518,9.183958557615632,35.69635909522482,90.81604144238437,63.2562002688046,Prioridade moderada
510800,MT,Tapurah,15638.0,6.0,3.836807775930426,15.0,9.592019439826066,54.16013013716427,19.338111483896125,45.83986986283573,80.66188851610387,63.2508791894698,Prioridade moderada
291850,BA,Jussara,17007.0,6.0,3.527959075674722,20.0,11.759863585582409,49.8004418818707,23.70862095099411,50.1995581181293,76.29137904900588,63.24546858356759,Prioridade moderada
412370,PR,Santa Isabel do Ivaí,9043.0,2.0,2.2116554240849275,19.0,21.010726528806813,31.21958476482638,42.35893958729171,68.78041523517362,57.64106041270829,63.21073782394096,Prioridade moderada
351230,SP,Conchas,15345.0,6.0,3.9100684261974585,14.0,9.123492994460737,55.194272732810354,18.393532848451596,44.805727267189646,81.6064671515484,63.20609720936902,Prioridade moderada
241310,RN,Senador Elói de Souza,6027.0,3.0,4.9776007964161275,1.0,1.6592002654720426,70.263490549608,3.3450515722047185,29.736509450392006,96.65494842779528,63.19572893909364,Prioridade moderada
280030,SE,Aracaju,630932.0,47.0,0.7449297230129395,1976.0,31.31874750369295,10.515379736906095,63.14055497508354,89.4846202630939,36.85944502491646,63.172032644005185,Prioridade moderada
313630,MG,João Pinheiro,48725.0,17.0,3.4889687018984095,59.0,12.108773730118008,49.250056290215745,24.412045638070648,50.749943709784255,75.58795436192935,63.1689490358568,Prioridade moderada
500325,MS,Costa Rica,28740.0,7.0,2.4356297842727903,56.0,19.485038274182322,34.38119233121563,39.28305658448012,65.61880766878437,60.71694341551988,63.167875542152125,Prioridade moderada
510040,MT,Alto Garças,13956.0,4.0,2.866150759529951,23.0,16.48036686729722,40.458398542322286,33.22545098814777,59.541601457677714,66.77454901185223,63.15807523476497,Prioridade moderada
251320,PB,Santa Cruz,6013.0,3.0,4.989190088142358,1.0,1.6630633627141194,70.42708424122524,3.3528398180072903,29.572915758774755,96.6471601819927,63.11003797038373,Prioridade moderada
241030,RN,Serra Caiada,11203.0,5.0,4.463090243684727,6.0,5.3557082924216735,63.000692901081166,10.797443091499334,36.999307098918834,89.20255690850067,63.10093200370975,Prioridade moderada
270820,AL,São Brás,6557.0,3.0,4.575263077626963,3.0,4.575263077626963,64.58411736197765,9.224016696207642,35.41588263802235,90.77598330379236,63.095932970907356,Prioridade moderada
315550,MG,Rio Paranaíba,15297.0,5.0,3.268614761064261,21.0,13.728181996469894,46.139554329006494,27.67687404976365,53.860445670993506,72.32312595023635,63.09178581061492,Prioridade moderada
150808,PA,Tucumã,42883.0,10.0,2.331926404402677,87.0,20.28775971830329,32.91732213561609,40.90139325219718,67.08267786438391,59.09860674780282,63.090642306093365,Prioridade moderada
292380,BA,Paripiranga,27860.0,12.0,4.3072505384063176,18.0,6.460875807609476,60.800869711771355,13.025529966338874,39.199130288228645,86.97447003366112,63.08680016094488,Prioridade moderada
172090,TO,Taguatinga,14199.0,3.0,2.1128248468201987,31.0,21.832523417142053,29.82449873529738,44.01573354433502,70.17550126470262,55.98426645566498,63.0798838601838,Prioridade moderada
240260,RN,Ceará-Mirim,83543.0,36.0,4.309158158074285,54.0,6.4637372371114274,60.827797547488714,13.031298787290416,39.172202452511286,86.96870121270959,63.07045183261044,Prioridade moderada
230890,CE,Morrinhos,23747.0,9.0,3.7899524150419,24.0,10.106539773445066,53.49872289668009,20.375416676475684,46.50127710331991,79.62458332352432,63.06293021342211,Prioridade moderada
260760,PE,Ilha de Itamaracá,25658.0,13.0,5.066645880427157,3.0,1.169225972406267,71.52044518996462,2.357232733534707,28.47955481003538,97.6427672664653,63.06116103825034,Prioridade moderada
290120,BA,Anagé,26745.0,10.0,3.7390166386240415,28.0,10.469246588147318,52.77971677478499,21.106656314039242,47.22028322521501,78.89334368596076,63.056813455587886,Prioridade moderada
314980,MG,Perdizes,17992.0,7.0,3.8906180524677634,17.0,9.448643841707426,54.91971251662613,19.04905730527586,45.08028748337387,80.95094269472415,63.01561508904901,Prioridade moderada
110143,RO,Nova União,6541.0,1.0,1.5288182235132244,17.0,25.989909799724813,21.580699054297888,52.39728467153696,78.4193009457021,47.60271532846304,63.01100813708257,Prioridade moderada
260410,PE,Caruaru,405408.0,76.0,1.8746546688767858,956.0,23.581182413765887,26.46250392462987,47.54113951709886,73.53749607537013,52.45886048290114,62.99817827913563,Prioridade moderada
330475,RJ,São Francisco de Itabapoana,47397.0,20.0,4.2196763508238915,34.0,7.173449796400616,59.56467815016244,14.46212372245177,40.43532184983756,85.53787627754824,62.98659906369289,Prioridade moderada
171330,TO,Miranorte,13073.0,4.0,3.059741451847319,20.0,15.298707259236595,43.191112220351094,30.84315126700503,56.808887779648906,69.15684873299497,62.982868256321936,Prioridade moderada
250180,PB,Bayeux,83862.0,32.0,3.8157926116715557,84.0,10.016455605637834,53.86348143918818,20.193801356477767,46.13651856081182,79.80619864352224,62.97135860216703,Prioridade moderada
412785,PR,Três Barras do Paraná,11157.0,1.0,0.8962982880702698,34.0,30.474141794389173,12.652088600355157,61.437777007533064,87.34791139964484,38.562222992466936,62.95506719605589,Prioridade moderada
430080,RS,Antônio Prado,13332.0,2.0,1.5001500150015004,35.0,26.252625262526255,21.17602047917229,52.92693548595292,78.8239795208277,47.07306451404708,62.9485220174374,Prioridade moderada
291360,BA,Ilhéus,189149.0,34.0,1.7975247027475694,458.0,24.213715113481964,25.373742316805924,48.81636502524703,74.62625768319407,51.18363497475297,62.90494632897352,Prioridade moderada
320420,ES,Piúma,23912.0,9.0,3.763800602208096,25.0,10.455001672800268,53.12956560001096,21.07793767321621,46.87043439998904,78.92206232678379,62.89624836338641,Prioridade moderada
421290,SC,Pinhalzinho,23897.0,9.0,3.7661631167092104,25.0,10.46156421308114,53.162914701739226,21.09116816512307,46.837085298260774,78.90883183487693,62.872958566568855,Prioridade moderada
150619,PA,Rurópolis,37198.0,13.0,3.4948115490080114,46.0,12.36625625033604,49.33253354169881,24.931146512747475,50.66746645830119,75.06885348725253,62.86815997277686,Prioridade moderada
522010,GO,São Luís de Montes Belos,35288.0,10.0,2.833824529585128,60.0,17.00294717751077,40.00208357349877,34.27900559795597,59.99791642650123,65.72099440204403,62.85945541427263,Prioridade moderada
110110,RO,Itapuã do Oeste,9228.0,2.0,2.167316861725184,20.0,21.673168617251843,30.59370448941536,43.6944642949238,69.40629551058464,56.3055357050762,62.855915607830426,Prioridade moderada
432160,RS,Tramandaí,56430.0,11.0,1.949317738791423,131.0,23.214602161970582,27.516442985216855,46.80209078794607,72.48355701478314,53.19790921205393,62.84073311341854,Prioridade moderada
510267,MT,Campo Verde,49053.0,17.0,3.465639206572483,62.0,12.639390047499642,48.92073864474675,25.48180134124367,51.07926135525325,74.51819865875633,62.79873000700479,Prioridade moderada
291992,BA,Madre de Deus,19224.0,6.0,3.1210986267166043,29.0,15.085310029130254,44.057226128015756,30.412929096164028,55.942773871984244,69.58707090383598,62.76492238791011,Prioridade moderada
410120,PR,Antonina,18140.0,5.0,2.7563395810363835,32.0,17.640573318632857,38.908311056825376,35.5644998027393,61.091688943174624,64.4355001972607,62.76359457021766,Prioridade moderada
311660,MG,Cláudio,31936.0,11.0,3.4443887775551105,41.0,12.83817635270541,48.6207689646727,25.882566973095923,51.3792310353273,74.11743302690408,62.748332031115694,Prioridade moderada
150276,PA,Cumaru do Norte,15150.0,6.0,3.960396039603961,14.0,9.24092409240924,55.90469406501485,18.63028129105543,44.09530593498515,81.36971870894457,62.73251232196486,Prioridade moderada
231025,CE,Paraipaba,34086.0,14.0,4.107258111834771,28.0,8.214516223669541,57.977789567513774,16.560978792436174,42.022210432486226,83.43902120756383,62.73061582002502,Prioridade moderada
260500,PE,Cupira,24343.0,10.0,4.107957112927742,20.0,8.215914225855483,57.987656621682824,16.5637972523336,42.012343378317176,83.4362027476664,62.724273062991784,Prioridade moderada
172100,TO,Palmas,328499.0,51.0,1.5525161416016486,858.0,26.118800970474794,21.915217331627453,52.65713733810935,78.08478266837255,47.34286266189065,62.7138226651316,Prioridade moderada
140030,RR,Mucajaí,20006.0,8.0,3.9988003598920323,18.0,8.997300809757073,56.44680696357591,18.139121506658057,43.55319303642409,81.86087849334194,62.70703576488302,Prioridade moderada
320160,ES,Conceição da Barra,28923.0,11.0,3.8032016042595855,30.0,10.372368011617054,53.6857475938107,20.911343040844148,46.3142524061893,79.08865695915586,62.701454682672576,Prioridade moderada
210405,MA,Estreito,34321.0,11.0,3.2050348183327992,50.0,14.568340083330904,45.24206397412043,29.370685332125866,54.75793602587957,70.62931466787413,62.69362534687685,Prioridade moderada
261420,PE,Sirinhaém,39171.0,17.0,4.339945367746547,26.0,6.637563503612366,61.26238780579414,13.381743419050416,38.73761219420586,86.61825658094958,62.67793438757772,Prioridade moderada
317080,MG,Várzea da Palma,34555.0,12.0,3.4727246418752715,44.0,12.733323686875995,49.02075619070901,25.671177436834753,50.97924380929099,74.32882256316525,62.65403318622812,Prioridade moderada
150390,PA,Juruti,54255.0,16.0,2.949036955119344,89.0,16.40401806285135,41.62841471249838,33.07152702028067,58.37158528750162,66.92847297971933,62.650029133610474,Prioridade moderada
314000,MG,Mariana,64506.0,26.0,4.030632809351069,57.0,8.83638731280811,56.89615175903365,17.814709826429116,43.10384824096635,82.18529017357088,62.64456920726862,Prioridade moderada
510170,MT,Barra do Bugres,29406.0,11.0,3.7407331837040063,32.0,10.882132898048017,52.80394741398992,21.939060954284525,47.19605258601008,78.06093904571547,62.62849581586278,Prioridade moderada
431240,RS,Montenegro,66352.0,16.0,2.411381721726549,134.0,20.195321919459854,34.0389082503406,40.715032864734006,65.9610917496594,59.284967135265994,62.623029442462695,Prioridade moderada
110002,RO,Ariquemes,109170.0,15.0,1.374003847210772,300.0,27.480076944215444,19.39534934242408,55.401554893316394,80.60465065757592,44.598445106683606,62.601547882129765,Prioridade moderada
130010,AM,Anori,18056.0,5.0,2.769162605228179,32.0,17.722640673460344,39.08932003604411,35.729952726057306,60.91067996395589,64.2700472739427,62.5903636189493,Prioridade moderada
430770,RS,Esteio,78144.0,16.0,2.047502047502048,178.0,22.77846027846028,28.902406329681103,45.92280145591031,71.0975936703189,54.07719854408969,62.5873961072043,Prioridade moderada
421370,SC,Pouso Redondo,18051.0,6.0,3.3239155725444576,25.0,13.84964821893524,46.92017700321173,27.92175755592189,53.07982299678827,72.07824244407811,62.57903272043319,Prioridade moderada
431900,RS,São Marcos,21549.0,5.0,2.3202932850712332,45.0,20.882639565641096,32.75310977636143,42.10070825353857,67.24689022363857,57.89929174646143,62.57309098505,Prioridade moderada
500085,MS,Angélica,11308.0,4.0,3.537318712415989,14.0,12.380615493455961,49.93256190808719,24.960095645515544,50.06743809191281,75.03990435448446,62.553671223198634,Prioridade moderada
290780,BA,Cícero Dantas,32292.0,11.0,3.406416449894711,43.0,13.31599157686114,48.08475404607294,26.845872367897528,51.91524595392706,73.15412763210247,62.53468679301477,Prioridade moderada
230780,CE,Marco,27177.0,10.0,3.6795819994848586,31.0,11.40670419840306,51.940741257004994,22.996629524819255,48.059258742995006,77.00337047518074,62.53131460908787,Prioridade moderada
230850,CE,Mombaça,38451.0,13.0,3.380926373826428,52.0,13.523705495305713,47.72493778273939,27.264636626752164,52.27506221726061,72.73536337324784,62.505212795254224,Prioridade moderada
412545,PR,São José das Palmeiras,4031.0,1.0,2.4807740014884643,8.0,19.846192011907714,35.01844517840795,40.01116512166279,64.98155482159206,59.98883487833721,62.48519484996463,Prioridade moderada
210120,MA,Bacabal,107755.0,26.0,2.4128810728040464,219.0,20.323882882464854,34.06007299306969,40.97421981182727,65.9399270069303,59.02578018817273,62.48285359755152,Prioridade moderada
313670,MG,Juiz de Fora,567730.0,62.0,1.09206841280186,1679.0,29.573917178940693,15.415567005227967,59.622867844420924,84.58443299477203,40.377132155579076,62.48078257517555,Prioridade moderada
150613,PA,Redenção,92694.0,18.0,1.9418732604052042,219.0,23.62612466826332,27.411357210336423,47.63174591476737,72.58864278966358,52.36825408523263,62.47844843744811,Prioridade moderada
292920,BA,São Francisco do Conde,41110.0,17.0,4.1352468985648265,34.0,8.270493797129653,58.37287746876094,16.673833083752047,41.62712253123906,83.32616691624796,62.476644723743505,Prioridade moderada
293280,BA,Utinga,16645.0,5.0,3.0039050765995796,27.0,16.22108741363773,42.40292956268023,32.70272738319625,57.59707043731977,67.29727261680375,62.44717152706176,Prioridade moderada
240500,RN,Jaçanã,8053.0,4.0,4.96709300881659,2.0,2.483546504408295,70.1151633002173,5.0069851796045795,29.884836699782696,94.99301482039542,62.438925760089056,Prioridade moderada
210632,MA,Maracaçumé,21730.0,10.0,4.601932811780948,11.0,5.062126092959042,64.96058560246777,10.205563004254772,35.03941439753223,89.79443699574523,62.41692569663873,Prioridade moderada
315970,MG,Santa Rosa da Serra,3487.0,1.0,2.867794665901921,6.0,17.20676799541153,40.48160381822841,34.689921122474054,59.51839618177159,65.31007887752594,62.414237529648766,Prioridade moderada
231190,CE,Saboeiro,13943.0,2.0,1.4344115326687228,38.0,27.253819120705728,20.248060319036433,54.94540496132524,79.75193968096357,45.05459503867476,62.40326735981917,Prioridade moderada
240145,RN,Baraúna,28415.0,11.0,3.8711947914833718,29.0,10.205877177547071,54.6455350221991,20.575687099935152,45.3544649778009,79.42431290006485,62.389388938932875,Prioridade moderada
320300,ES,Iúna,30556.0,11.0,3.599947637125278,37.0,12.10891477942139,50.81662775414934,24.412330002293494,49.18337224585066,75.58766999770651,62.38552112177859,Prioridade moderada
210355,MA,Conceição do Lago-Açu,15278.0,6.0,3.9272156041366673,15.0,9.818039010341668,55.43632118634474,19.79378108294067,44.56367881365526,80.20621891705933,62.384948865357295,Prioridade moderada
430280,RS,Caçapava do Sul,33501.0,9.0,2.6864869705381933,62.0,18.50691024148533,37.92227612989053,37.31108925679908,62.07772387010947,62.68891074320092,62.3833173066552,Prioridade moderada
311730,MG,Conceição das Alagoas,30278.0,13.0,4.293546469383711,22.0,7.266001717418588,60.60742396076729,14.64871418736087,39.39257603923271,85.35128581263913,62.37193092593592,Prioridade moderada
230280,CE,Canindé,77376.0,21.0,2.7140198511166256,142.0,18.35194375516956,38.310928489420654,36.99866712218586,61.689071510579346,63.00133287781414,62.345202194196744,Prioridade moderada
316935,MG,Três Marias,29985.0,12.0,4.00200100050025,28.0,9.338002334500583,56.49198699916458,18.82599710251724,43.50801300083542,81.17400289748277,62.34100794915909,Prioridade moderada
313170,MG,Itabira,118053.0,31.0,2.6259391968014367,224.0,18.974528389791026,37.067587676205065,38.25383670852783,62.932412323794935,61.74616329147217,62.33928780763355,Prioridade moderada
140020,RR,Caracaraí,22750.0,10.0,4.395604395604396,15.0,6.593406593406593,62.048067039192304,13.292720324622751,37.951932960807696,86.70727967537725,62.32960631809247,Prioridade moderada
120001,AC,Acrelândia,14712.0,6.0,4.078303425774878,13.0,8.836324089178902,57.56906709386725,17.814582363635935,42.43093290613275,82.18541763636406,62.30817527124841,Prioridade moderada
150803,PA,Tracuateua,30494.0,14.0,4.591067095166262,16.0,5.246933823047157,64.80720585027463,10.578146953854706,35.19279414972537,89.42185304614529,62.30732359793533,Prioridade moderada
313520,MG,Januária,67123.0,26.0,3.873485988409338,69.0,10.27963589231709,54.677877409654286,20.724389284921276,45.322122590345714,79.27561071507873,62.29886665271222,Prioridade moderada
420070,SC,Alfredo Wagner,10963.0,3.0,2.7364772416309404,20.0,18.243181610872934,38.62793555983649,36.77939583266959,61.37206444016351,63.22060416733041,62.29633430374696,Prioridade moderada
230610,CE,Irauçuba,24867.0,9.0,3.619254433586681,30.0,12.064181445288938,51.08916124291078,24.322144801155552,48.91083875708922,75.67785519884444,62.29434697796683,Prioridade moderada
315050,MG,Pimenta,8817.0,3.0,3.402517863218782,12.0,13.610071452875127,48.029721848983485,27.438755802215496,51.970278151016515,72.5612441977845,62.26576117440051,Prioridade moderada
311800,MG,Congonhas,55272.0,21.0,3.7993920972644375,60.0,10.855405992184108,53.63197283972738,21.88517783942449,46.36802716027262,78.11482216057551,62.241424660424066,Prioridade moderada
351260,SP,Coronel Macedo,4271.0,2.0,4.682744088035589,2.0,4.682744088035589,66.1013123456626,9.440705139629051,33.898687654337394,90.55929486037095,62.228991257354174,Prioridade moderada
432280,RS,Veranópolis,24554.0,6.0,2.4435937118188478,50.0,20.363280931823738,34.49361061680275,41.05364874496587,65.50638938319725,58.94635125503413,62.22637031911569,Prioridade moderada
251250,PB,Queimadas,50698.0,19.0,3.7476823543335045,57.0,11.243047063000512,52.902041456646955,22.666686497763948,47.097958543353045,77.33331350223605,62.21563602279455,Prioridade moderada
211260,MA,Urbano Santos,34143.0,13.0,3.807515449726152,37.0,10.836774741528277,53.74664155710137,21.847616072110824,46.25335844289863,78.15238392788918,62.2028711853939,Prioridade moderada
230110,CE,Aracati,79205.0,24.0,3.030111735370242,129.0,16.28685057761505,42.77286106104285,32.835310037402195,57.22713893895715,67.1646899625978,62.19591445077748,Prioridade moderada
292860,BA,Santo Amaro,58398.0,19.0,3.25353608000274,86.0,14.726531730538717,45.926704643465314,29.6896095929363,54.073295356534686,70.3103904070637,62.19184288179919,Prioridade moderada
421060,SC,Massaranduba,18122.0,7.0,3.862708310341022,19.0,10.484493985211346,54.525740403881315,21.13739602074158,45.474259596118685,78.86260397925842,62.168431787688554,Prioridade moderada
293050,BA,Serrinha,84690.0,26.0,3.070020073208171,136.0,16.058566536781203,43.33620457395471,32.3750751244797,56.66379542604529,67.62492487552029,62.14436015078279,Prioridade moderada
210140,MA,Balsas,105974.0,33.0,3.1139713514635665,167.0,15.75858229377017,43.95661797202485,31.77028811678524,56.04338202797515,68.22971188321476,62.13654695559495,Prioridade moderada
421320,SC,Pomerode,37003.0,12.0,3.2429802988946843,55.0,14.863659703267304,45.77769992081587,29.96606816777778,54.22230007918413,70.03393183222222,62.12811595570318,Prioridade moderada
221110,PI,União,47896.0,18.0,3.7581426423918494,54.0,11.274427927175548,53.04969820558971,22.729952283835882,46.95030179441029,77.27004771616411,62.110174755287204,Prioridade moderada
241420,RN,Tibau do Sul,18080.0,9.0,4.977876106194691,5.0,2.765486725663717,70.26737680461628,5.575394310198517,29.732623195383724,94.42460568980148,62.0786144425926,Prioridade moderada
431210,RS,Mata,4782.0,1.0,2.0911752404851525,11.0,23.00292764533668,29.51889429405321,46.37534171527734,70.48110570594679,53.62465828472266,62.05288199533473,Prioridade moderada
240650,RN,Lagoa Nova,16203.0,5.0,3.085848299697587,26.0,16.04641115842745,43.55963479422406,32.350569121003744,56.44036520577594,67.64943087899626,62.044898042386095,Prioridade moderada
260750,PE,Itaíba,33995.0,11.0,3.235769966171496,51.0,15.002206206795117,45.67591933095418,30.2453865894858,54.32408066904582,69.7546134105142,62.03934703978001,Prioridade moderada
260880,PE,Lajedo,41960.0,17.0,4.051477597712107,39.0,9.294566253574834,57.19039544186755,18.73842724502945,42.80960455813245,81.26157275497056,62.035588656551504,Prioridade moderada
500710,MS,Ribas do Rio Pardo,24152.0,8.0,3.3123550844650547,35.0,14.491553494534614,46.75698990200811,29.215878763610647,53.24301009799189,70.78412123638935,62.01356566719062,Prioridade moderada
354700,SP,Santa Maria da Serra,5308.0,2.0,3.7678975131876413,6.0,11.303692539562924,53.18739733012904,22.788951573863418,46.81260266987096,77.21104842613659,62.01182554800377,Prioridade moderada
292800,BA,Santaluz,40066.0,13.0,3.244646333549643,60.0,14.975290770229122,45.80121755813188,30.191123384931622,54.19878244186812,69.80887661506839,62.00382952846825,Prioridade moderada
421970,SC,Xaxim,34485.0,12.0,3.4797738147020447,46.0,13.339132956357837,49.120261857907785,26.892526837209818,50.879738142092215,73.10747316279019,61.993605652441204,Prioridade moderada
110001,RO,Alta Floresta D'Oeste,22787.0,5.0,2.1942335542195113,51.0,22.381182253039015,30.97365877784756,45.12186409398208,69.02634122215244,54.87813590601792,61.95223856408518,Prioridade moderada
160027,AP,Laranjal do Jari,37872.0,10.0,2.6404731727925643,73.0,19.27545416138572,37.27274834024146,38.86052189677024,62.72725165975854,61.13947810322976,61.93336488149415,Prioridade moderada
412050,PR,Primeiro de Maio,10064.0,4.0,3.9745627980922102,10.0,9.936406995230524,56.104671110557426,20.032418348249042,43.895328889442574,79.96758165175096,61.93145527059677,Prioridade moderada
353740,SP,Pereira Barreto,24360.0,6.0,2.463054187192118,50.0,20.525451559934318,34.76831342713361,41.38059488029113,65.23168657286638,58.61940511970887,61.925545846287626,Prioridade moderada
241160,RN,São Bento do Norte,3442.0,1.0,2.905287623474724,6.0,17.431725740848343,41.01085197971019,35.14345001570802,58.98914802028981,64.85654998429197,61.92284900229089,Prioridade moderada
210950,MA,Riachão,22740.0,5.0,2.198768689533861,51.0,22.427440633245386,31.037676454301334,45.215123883446346,68.96232354569867,54.784876116553654,61.87359983112616,Prioridade moderada
313480,MG,Jacuí,7668.0,4.0,5.216484089723526,1.0,1.3041210224308815,73.63555165058031,2.629189596462942,26.36444834941969,97.37081040353706,61.86762937647838,Prioridade moderada
317200,MG,Visconde do Rio Branco,40711.0,12.0,2.9476062980521234,70.0,17.19437007197072,41.608219649970515,34.664926132923505,58.391780350029485,65.33507386707649,61.86342710855298,Prioridade moderada
411180,PR,Jacarezinho,41493.0,11.0,2.6510495746270455,80.0,19.280360542742148,37.42204414372996,38.87041346863873,62.57795585627004,61.12958653136127,61.85377119381565,Prioridade moderada
311630,MG,Cipotânea,5549.0,1.0,1.8021265092809515,14.0,25.229771129933322,25.438701119870693,50.864797541807484,74.5612988801293,49.135202458192516,61.848250669160905,Prioridade moderada
350850,SP,Caçapava,100071.0,29.0,2.8979424608527946,176.0,17.587512865865236,40.907168139727915,35.457526609300395,59.092831860272085,64.5424733906996,61.81765262548584,Prioridade moderada
315980,MG,Santa Vitória,21914.0,7.0,3.1943050104955737,34.0,15.515195765264215,45.090602701430015,31.27960564356332,54.909397298569985,68.72039435643669,61.814895827503335,Prioridade moderada
292200,BA,Mucuri,40114.0,15.0,3.7393428728124847,47.0,11.716607668145784,52.78432187546586,23.62141431437549,47.21567812453414,76.37858568562451,61.797131905079326,Prioridade moderada
316250,MG,São João del Rei,94468.0,24.0,2.5405428293178645,190.0,20.11263073209976,35.86213808210081,40.54832225598922,64.13786191789919,59.45167774401078,61.79476983095498,Prioridade moderada
240250,RN,Carnaubais,10026.0,4.0,3.9896269698783167,10.0,9.974067424695791,56.31731598410632,20.1083441309374,43.68268401589368,79.8916558690626,61.787169942478144,Prioridade moderada
500070,MS,Anastácio,24781.0,10.0,4.0353496630483034,24.0,9.684839191315929,56.96273456041422,19.525241911798076,43.03726543958578,80.47475808820192,61.75601176389385,Prioridade moderada
210055,MA,Amapá do Maranhão,7380.0,2.0,2.710027100271003,14.0,18.97018970189702,38.25456707700881,38.24508964220728,61.74543292299119,61.75491035779272,61.750171640391954,Prioridade moderada
410490,PR,Castro,75644.0,24.0,3.1727565966897573,119.0,15.731584791920048,44.786426687376384,31.715859463482403,55.213573312623616,68.2841405365176,61.7488569245706,Prioridade moderada
411690,PR,Nova Esperança,27142.0,9.0,3.3158941861321938,40.0,14.737307493920861,46.80694763198962,29.711334206289646,53.19305236801038,70.28866579371035,61.74085908086036,Prioridade moderada
430850,RS,Frederico Westphalen,33726.0,6.0,1.7790428749332858,86.0,25.499614540710432,25.112854032051672,51.40881874542769,74.88714596794833,48.59118125457231,61.739163611260324,Prioridade moderada
240180,RN,Brejinho,12638.0,6.0,4.747586643456243,6.0,4.747586643456243,67.01662565951693,9.57143178937071,32.98337434048307,90.4285682106293,61.70597127555618,Prioridade moderada
355270,SP,Tabatinga,14997.0,5.0,3.3340001333600053,22.0,14.669600586784025,47.062530010722966,29.574832844229675,52.937469989277034,70.42516715577032,61.68131857252368,Prioridade moderada
510325,MT,Colniza,26026.0,9.0,3.458080381157304,36.0,13.832321524629217,48.81403875460932,27.88682585585192,51.18596124539068,72.11317414414808,61.649567694769374,Prioridade moderada
354560,SP,Santa Adélia,14193.0,5.0,3.522863383357993,19.0,13.386880856760374,49.7285114190666,26.98878959260755,50.2714885809334,73.01121040739245,61.641349494162924,Prioridade moderada
291733,BA,Iuiu,11559.0,4.0,3.4605069642702655,16.0,13.842027857081062,48.84829224471407,27.906394429522052,51.15170775528593,72.09360557047795,61.62265666288194,Prioridade moderada
292620,BA,Riachão das Neves,22329.0,8.0,3.5827847194231714,29.0,12.987594607908997,50.57435711914101,26.183803526564436,49.42564288085899,73.81619647343557,61.62091967714728,Prioridade moderada
110011,RO,Jaru,55682.0,12.0,2.1550950037714163,128.0,22.98768004022844,30.421181533887964,46.344601589144844,69.57881846611204,53.655398410855156,61.6171084384836,Prioridade moderada
410060,PR,Alto Paraná,14183.0,5.0,3.5253472467038,19.0,13.39631953747444,49.763573473229386,27.00781856362398,50.236426526770614,72.99218143637601,61.614303981573315,Prioridade moderada
290100,BA,Amargosa,38585.0,11.0,2.850848775430867,70.0,18.14176493456006,40.24239672556142,36.57493346630682,59.75760327443858,63.42506653369318,61.59133490406588,Prioridade moderada
500560,MS,Miranda,26512.0,11.0,4.149064574532287,24.0,9.052504526252262,58.56792688804266,18.25041565390269,41.43207311195734,81.74958434609731,61.59082872902732,Prioridade moderada
315690,MG,Sacramento,28076.0,11.0,3.917937028066676,30.0,10.68528280381821,55.3053454073154,21.54219884493287,44.6946545926846,78.45780115506713,61.576227873875865,Prioridade moderada
211250,MA,Tutóia,55076.0,24.0,4.357614932093834,42.0,7.625826131164209,61.511810232041164,15.374142724207807,38.488189767958836,84.62585727579219,61.55702352187551,Prioridade moderada
251240,PB,Puxinanã,14942.0,8.0,5.354035604336769,1.0,0.6692544505420961,75.57721992459508,1.3492588559548813,24.422780075404916,98.65074114404511,61.536760609725015,Prioridade moderada
110149,RO,São Francisco do Guaporé,17557.0,6.0,3.4174403371874464,25.0,14.239334738281027,48.240366525316105,28.707389966506003,51.759633474683895,71.292610033494,61.52612175408895,Prioridade moderada
353200,SP,Morungaba,14147.0,6.0,4.241181876016117,12.0,8.482363752032233,59.86824875132359,17.10097617220146,40.13175124867641,82.89902382779854,61.515387538237476,Prioridade moderada
291960,BA,Macajuba,10740.0,3.0,2.793296089385475,20.0,18.6219739292365,39.429986735799574,37.54306485228648,60.570013264200426,62.45693514771352,61.513474205956975,Prioridade moderada
313880,MG,Luz,18336.0,5.0,2.7268760907504364,35.0,19.088132635253054,38.492406335668214,38.48286997702467,61.507593664331786,61.51713002297533,61.51236184365356,Prioridade moderada
353250,SP,Neves Paulista,9953.0,4.0,4.01888877725309,10.0,10.047221943132723,56.73037376234803,20.255828218303865,43.26962623765197,79.74417178169614,61.50689900967406,Prioridade moderada
260220,PE,Bom Jardim,39289.0,18.0,4.581435007253939,24.0,6.108580009671918,64.67123992096833,12.315279590121104,35.32876007903167,87.68472040987889,61.50674024445528,Prioridade moderada
150100,PA,Aveiro,19380.0,7.0,3.6119711042311664,25.0,12.899896800825594,50.986350237313594,26.006999259130342,49.013649762686406,73.99300074086966,61.50332525177804,Prioridade moderada
210210,MA,Brejo,35354.0,14.0,3.9599479549697345,37.0,10.465576738134297,55.89836893133096,21.099257666744354,44.10163106866904,78.90074233325565,61.50118670096235,Prioridade moderada
280230,SE,Frei Paulo,14921.0,8.0,5.361570940285503,1.0,0.6701963675356879,75.68358823894509,1.3511578195615466,24.31641176105491,98.64884218043845,61.48262697074668,Prioridade moderada
510268,MT,Campos de Júlio,9946.0,3.0,3.0162879549567667,17.0,17.092298411421677,42.57772547179645,34.459143277350016,57.42227452820355,65.54085672264998,61.48156562542677,Prioridade moderada
290700,BA,Cardeal da Silva,8633.0,4.0,4.6333835283215565,5.0,5.791729410401946,65.40454188076565,11.676488952668736,34.59545811923435,88.32351104733127,61.45948458328281,Prioridade moderada
130430,AM,Urucará,19617.0,5.0,2.54880970586736,40.0,20.39047764693888,35.978832776204946,41.10847902467826,64.02116722379506,58.89152097532174,61.4563440995584,Prioridade moderada
410140,PR,Apucarana,134910.0,35.0,2.5943221406863834,271.0,20.087465717885998,36.621283359244586,40.49758801244307,63.378716640755414,59.50241198755693,61.44056431415618,Prioridade moderada
230763,CE,Madalena,17235.0,6.0,3.4812880765883376,24.0,13.92515230635335,49.14163708064838,28.073978521396466,50.85836291935162,71.92602147860353,61.392192198977575,Prioridade moderada
353460,SP,Osvaldo Cruz,32112.0,10.0,3.114100647732935,53.0,16.504733432984555,43.9584431097915,33.27457550949568,56.0415568902085,66.72542449050431,61.3834906903564,Prioridade moderada
220730,PI,Paes Landim,4176.0,1.0,2.3946360153256703,9.0,21.551724137931036,33.802526943046566,43.44962462430569,66.19747305695344,56.55037537569431,61.37392421632387,Prioridade moderada
170100,TO,Ananás,10700.0,3.0,2.803738317757009,20.0,18.69158878504673,39.57738855537266,37.68341275827633,60.42261144462734,62.31658724172367,61.36959934317551,Prioridade moderada
313940,MG,Manhuaçu,97328.0,28.0,2.8768699654775602,177.0,18.185927996054577,40.60971015942534,36.66396896211755,59.39028984057466,63.33603103788245,61.36316043922855,Prioridade moderada
351690,SP,General Salgado,10437.0,3.0,2.8743891922966367,19.0,18.204464884545366,40.57469172582997,36.70134048940106,59.42530827417003,63.29865951059894,61.36198389238449,Prioridade moderada
355070,SP,São Sebastião,84280.0,30.0,3.5595633602278123,113.0,13.407688656858094,50.24656591628944,27.030739419810107,49.75343408371056,72.9692605801899,61.36134733195023,Prioridade moderada
500568,MS,Mundo Novo,20087.0,5.0,2.489172101359088,42.0,20.90904565141634,35.136992212416615,42.15394457502211,64.86300778758338,57.84605542497789,61.35453160628064,Prioridade moderada
432200,RS,Triunfo,28435.0,10.0,3.516792685071215,39.0,13.715491471777737,49.642817835119565,27.651289157778635,50.357182164880435,72.34871084222137,61.352946503550896,Prioridade moderada
261260,PE,Santa Maria da Boa Vista,42782.0,17.0,3.973633771212192,45.0,10.518442335561685,56.091557027272266,21.205838019622803,43.908442972727734,78.7941619803772,61.35130247655246,Prioridade moderada
210250,MA,Cajari,16680.0,6.0,3.5971223021582737,22.0,13.189448441247004,50.77674550869155,26.59075348710507,49.22325449130845,73.40924651289492,61.31625050210169,Prioridade moderada
411670,PR,Nova Aurora,14331.0,3.0,2.0933640360058616,34.0,23.72479240806643,29.549791189902137,47.83066625309096,70.45020881009786,52.16933374690904,61.30977127850345,Prioridade moderada
231130,CE,Quixadá,88846.0,22.0,2.4761947639736173,187.0,21.04765549377575,34.95380495814752,42.43339069177854,65.04619504185249,57.56660930822146,61.30640217503697,Prioridade moderada
231340,CE,Tianguá,86968.0,29.0,3.3345598381013706,131.0,15.063011682457915,47.07043076661199,30.367974233784807,52.92956923338801,69.6320257662152,61.2807974998016,Prioridade moderada
270500,AL,Mata Grande,22126.0,7.0,3.163698815872729,36.0,16.270451053059748,44.65856763984169,32.802247569574355,55.34143236015831,67.19775243042565,61.26959239529198,Prioridade moderada
240430,RN,Governador Dix-Sept Rosado,12231.0,5.0,4.0879731828959205,12.0,9.811135638950208,57.7055647592848,19.77986345418478,42.2944352407152,80.22013654581522,61.25728589326521,Prioridade moderada
320020,ES,Alegre,30702.0,11.0,3.5828284802293013,41.0,13.354178880854667,50.574974843846896,26.922860362608013,49.425025156153104,73.07713963739198,61.251082396772546,Prioridade moderada
310740,MG,Bom Despacho,54377.0,18.0,3.310223072254814,83.0,15.26380638873053,46.72689455569312,30.772788927878707,53.27310544430688,69.22721107212129,61.250158258214086,Prioridade moderada
430390,RS,Campo Bom,64719.0,18.0,2.781254345709915,123.0,19.005238029017754,39.26000626176122,38.31574926309699,60.73999373823878,61.68425073690301,61.212122237570895,Prioridade moderada
211270,MA,Vargem Grande,44444.0,18.0,4.050040500405005,45.0,10.125101251012511,57.17010946933051,20.412837776876582,42.82989053066949,79.58716222312341,61.20852637689645,Prioridade moderada
314530,MG,Novo Cruzeiro,27268.0,10.0,3.6673023324042835,35.0,12.835558163414992,51.76740227158665,25.87728853963343,48.23259772841335,74.12271146036657,61.17765459438996,Prioridade moderada
500750,MS,Rochedo,5451.0,2.0,3.66905155017428,7.0,12.84168042560998,51.792094116368546,25.88963140336541,48.207905883631454,74.11036859663459,61.15913724013302,Prioridade moderada
311530,MG,Cataguases,67732.0,25.0,3.691017539715349,86.0,12.6971003366208,52.10216460246356,25.598148895770006,47.89783539753644,74.40185110422999,61.149843250883215,Prioridade moderada
315340,MG,Presidente Olegário,19192.0,8.0,4.168403501458942,18.0,9.378907878282618,58.840913928371194,18.908465238755788,41.159086071628806,81.09153476124422,61.12531041643651,Prioridade moderada
330205,RJ,Italva,14518.0,8.0,5.5104008816641405,0.0,0.0,77.78446205491801,0.0,22.21553794508199,100.0,61.107768972540995,Prioridade moderada
250750,PB,João Pessoa,897633.0,138.0,1.5373766338804389,2498.0,27.82874515531403,21.701509020896538,56.104491827443105,78.29849097910346,43.895508172556895,61.09699957583018,Prioridade moderada
310375,MG,Araporã,9069.0,3.0,3.307972213033411,14.0,15.437203660822583,46.69512157266374,31.122368680062824,53.30487842733626,68.87763131993718,61.09125487363672,Prioridade moderada
260600,PE,Garanhuns,151803.0,50.0,3.293742547907485,236.0,15.546464826123332,46.49425654109684,31.342646027153414,53.50574345890316,68.65735397284658,61.081548715874874,Prioridade moderada
211290,MA,Vitória do Mearim,31859.0,13.0,4.080479613296086,32.0,10.044257509651905,57.599786016011564,20.249851734884675,42.400213983988436,79.75014826511533,61.07518112455188,Prioridade moderada
250710,PB,Itapororoca,19165.0,8.0,4.174276024002087,18.0,9.392121054004697,58.92381007635272,18.935103827925964,41.07618992364728,81.06489617207404,61.07054304786066,Prioridade moderada
270510,AL,Matriz de Camaragibe,24331.0,10.0,4.109983149069088,24.0,9.863959557765813,58.01625601667111,19.886359780373517,41.98374398332889,80.11364021962649,61.04869210147769,Prioridade moderada
230920,CE,Nova Olinda,16045.0,6.0,3.73948270489249,20.0,12.464942349641632,52.786295736053276,25.13010386497705,47.213704263946724,74.86989613502296,61.04180019948484,Prioridade moderada
320410,ES,Pinheiros,24843.0,9.0,3.6227508754981286,33.0,13.283419876826471,51.13851679054311,26.780205782207005,48.86148320945689,73.219794217793,61.04063871362494,Prioridade moderada
510682,MT,Porto Esperidião,10088.0,5.0,4.956383822363204,4.0,3.965107057890563,69.96399311764596,7.993903975288595,30.036006882354044,92.00609602471141,61.02105145353273,Prioridade moderada
410970,PR,Ibaiti,29464.0,9.0,3.0545750746673908,51.0,17.309258756448546,43.118183974594835,34.89654891085968,56.881816025405165,65.10345108914032,60.99263355727274,Prioridade moderada
210005,MA,Açailândia,110611.0,35.0,3.164242254386996,183.0,16.544466644366295,44.66623878272222,33.35468015024767,55.33376121727778,66.64531984975233,60.989540533515054,Prioridade moderada
410430,PR,Campo Mourão,104122.0,27.0,2.593111926394038,214.0,20.552813046234224,36.604200052653496,41.43575734902381,63.395799947346504,58.56424265097619,60.98002129916135,Prioridade moderada
120020,AC,Cruzeiro do Sul,98916.0,30.0,3.032876379958753,173.0,17.48958712442881,42.811886605047455,35.2601021861202,57.188113394952545,64.7398978138798,60.96400560441617,Prioridade moderada
220240,PI,Capitão de Campos,11362.0,5.0,4.4006336912515405,9.0,7.921140644252772,62.11906025090762,15.969515264134884,37.88093974909238,84.03048473586512,60.95571224247875,Prioridade moderada
261580,PE,Tupanatinga,28141.0,13.0,4.619594186418393,18.0,6.396361181194698,65.20989242330096,12.895464441995703,34.79010757669904,87.1045355580043,60.94732156735167,Prioridade moderada
353720,SP,Pedro de Toledo,11617.0,6.0,5.164844624257554,3.0,2.582422312128777,72.9066122996449,5.206324995871009,27.093387700355095,94.79367500412899,60.94353135224204,Prioridade moderada
355210,SP,Socorro,41527.0,15.0,3.6121077852963133,56.0,13.48520239843957,50.988279618379295,27.18701197384735,49.011720381620705,72.81298802615265,60.91235420388668,Prioridade moderada
510410,MT,Guarantã do Norte,31209.0,12.0,3.8450446986446214,37.0,11.855554487487584,54.27640200486877,23.901539797817296,45.72359799513123,76.09846020218271,60.91102909865697,Prioridade moderada
353900,SP,Pirangi,11085.0,3.0,2.7063599458728014,22.0,19.846639603067207,38.20280176296684,40.012067493451724,61.79719823703316,59.987932506548276,60.89256537179072,Prioridade moderada
292990,BA,Seabra,48721.0,11.0,2.257753330186162,112.0,22.988033907350015,31.870299822577273,46.345315007407855,68.12970017742273,53.654684992592145,60.892192585007436,Prioridade moderada
293190,BA,Tucano,51016.0,24.0,4.7044064607182055,30.0,5.880508075897757,66.40709699584247,11.855472298305141,33.592903004157534,88.14452770169486,60.868715352926195,Prioridade moderada
260530,PE,Exu,33486.0,14.0,4.180851699217584,32.0,9.556232455354476,59.016631881929015,19.265962683560016,40.983368118070985,80.73403731643998,60.85870271725548,Prioridade moderada
521090,GO,Itapaci,21891.0,6.0,2.7408524050979852,43.0,19.642775569868896,38.68969508405166,39.60106484418925,61.31030491594834,60.39893515581075,60.85462003587955,Prioridade moderada
231240,CE,São Gonçalo do Amarante,58191.0,22.0,3.780653365640735,72.0,12.373047378460585,53.36745811743353,24.944837852052796,46.63254188256647,75.0551621479472,60.843852015256836,Prioridade moderada
500210,MS,Bela Vista,21881.0,8.0,3.6561400301631557,29.0,13.253507609341437,51.609835935894154,26.719900778970672,48.390164064105846,73.28009922102933,60.83513164256759,Prioridade moderada
160053,AP,Porto Grande,19048.0,8.0,4.199916001679966,18.0,9.449811003779924,59.285742341101425,19.051410377058016,40.714257658898575,80.94858962294198,60.83142364092028,Prioridade moderada
500460,MS,Itaquiraí,20060.0,9.0,4.48654037886341,15.0,7.477567298105684,63.33171349090041,15.07524363834335,36.66828650909959,84.92475636165665,60.79652143537812,Prioridade moderada
250640,PB,Gurinhém,14141.0,7.0,4.950144968531221,6.0,4.24298140159819,69.87592586091064,8.55411604229312,30.12407413908936,91.44588395770688,60.78497904839812,Prioridade moderada
130395,AM,São Sebastião do Uatumã,12338.0,4.0,3.242016534284325,20.0,16.210082671421624,45.76409548197844,32.680541134183564,54.23590451802156,67.31945886581644,60.777681691919,Prioridade moderada
431245,RS,Morro Redondo,6168.0,2.0,3.2425421530479897,10.0,16.212710765239947,45.77151508241325,32.68583953579416,54.22848491758675,67.31416046420584,60.7713226908963,Prioridade moderada
150830,PA,Viseu,62189.0,25.0,4.020003537603113,67.0,10.773609480776344,56.746109647269805,21.720270953390717,43.253890352730195,78.27972904660928,60.766809699669736,Prioridade moderada
330390,RJ,Petrópolis,294926.0,55.0,1.8648745787078793,763.0,25.87089642825658,26.324448805052576,52.157346266494606,73.67555119494742,47.842653733505394,60.7591024642264,Prioridade moderada
210600,MA,Lima Campos,11559.0,2.0,1.7302534821351327,31.0,26.818928973094557,24.424146122357033,54.06863920719898,75.57585387764297,45.93136079280102,60.753607335222,Prioridade moderada
431180,RS,Marau,46748.0,17.0,3.636519209377941,63.0,13.47651236416531,51.332869700110415,27.169492320905785,48.667130299889585,72.83050767909421,60.748818989491895,Prioridade moderada
261090,PE,Pesqueira,65481.0,20.0,3.054321100777325,115.0,17.562346329469616,43.11459889560712,35.40678929694035,56.88540110439288,64.59321070305964,60.73930590372626,Prioridade moderada
292150,BA,Monte Santo,49807.0,18.0,3.613949846407132,68.0,13.652699419760275,51.01428203374877,27.524696451223583,48.98571796625123,72.47530354877642,60.73051075751383,Prioridade moderada
431650,RS,Salvador do Sul,7184.0,2.0,2.7839643652561246,14.0,19.487750556792875,39.29826072220558,39.28852471596461,60.70173927779442,60.71147528403539,60.7066072809149,Prioridade moderada
230100,CE,Aquiraz,85316.0,41.0,4.805663650428993,46.0,5.391720193164237,67.83643692954031,10.870045337113561,32.16356307045969,89.12995466288643,60.64675886667306,Prioridade moderada
350220,SP,Angatuba,24573.0,6.0,2.4417043096081064,54.0,21.975338786472957,34.46693993753204,44.30365826665866,65.53306006246797,55.69634173334134,60.614700897904655,Prioridade moderada
211130,MA,São Luís,1089215.0,71.0,0.6518455952222473,3759.0,34.511092851273624,9.201410216078127,69.57652298097528,90.79858978392187,30.423477019024716,60.61103340147329,Prioridade moderada
521308,GO,Minaçu,26616.0,7.0,2.6299969942891495,55.0,20.664262097986175,37.12486728280498,41.660445612123574,62.87513271719502,58.339554387876426,60.607343552535724,Prioridade moderada
520860,GO,Goianésia,78009.0,27.0,3.461139099334692,116.0,14.870079093437937,48.85721542235366,29.979010060103693,51.14278457764634,70.02098993989631,60.581887258771324,Prioridade moderada
290930,BA,Correntina,34266.0,14.0,4.08568260082881,36.0,10.506040973559797,57.67323105113742,21.18083609771792,42.32676894886258,78.81916390228209,60.57296642557233,Prioridade moderada
430660,RS,Dom Pedrito,38080.0,8.0,2.100840336134454,93.0,24.422268907563026,29.655326158437497,49.23682252594641,70.3446738415625,50.76317747405359,60.553925657808044,Prioridade moderada
352020,SP,Igaratá,10984.0,5.0,4.552075746540423,8.0,7.283321194464676,64.25680649770689,14.68363133698313,35.74319350229311,85.31636866301687,60.52978108265499,Prioridade moderada
412070,PR,Quatiguá,8426.0,1.0,1.186802753382388,26.0,30.856871587942084,16.752830822948315,62.209384223548994,83.24716917705169,37.790615776451006,60.51889247675135,Prioridade moderada
315140,MG,Pitangui,27834.0,11.0,3.952001149673062,32.0,11.496730617230725,55.786192342307515,23.178128419260286,44.213807657692485,76.82187158073971,60.5178396192161,Prioridade moderada
520580,GO,Corumbá de Goiás,10724.0,4.0,3.729951510630362,14.0,13.054830287206267,52.65175401498041,26.319354863809192,47.34824598501959,73.6806451361908,60.514445560605196,Prioridade moderada
291980,BA,Macaúbas,43653.0,17.0,3.894348612924656,52.0,11.912125168946005,54.97237286648712,24.01558983197598,45.02762713351288,75.98441016802403,60.50601865076845,Prioridade moderada
292820,BA,Santana,25521.0,9.0,3.5265075819913014,37.0,14.497864503742017,49.779952691017684,29.228602153131934,50.220047308982316,70.77139784686807,60.49572257792519,Prioridade moderada
314460,MG,Nepomuceno,25757.0,8.0,3.105951780098614,45.0,17.470978763054703,43.84341422189307,35.222586565030966,56.15658577810693,64.77741343496903,60.46699960653798,Prioridade moderada
432150,RS,Torres,43344.0,12.0,2.768549280177187,86.0,19.841269841269842,39.08066237933623,40.00124171761476,60.91933762066377,59.99875828238524,60.459047951524504,Prioridade moderada
310200,MG,Alterosa,14272.0,5.0,3.5033632286995515,21.0,14.714125560538116,49.45324849851544,29.664597977805112,50.54675150148456,70.33540202219488,60.441076761839724,Prioridade moderada
231150,CE,Quixeré,21659.0,9.0,4.155316496606491,22.0,10.15744032503809,58.65617861523903,20.47803537397444,41.34382138476097,79.52196462602556,60.43289300539327,Prioridade moderada
312510,MG,Extrema,59336.0,26.0,4.381825535930969,51.0,8.595119320479979,61.85356554820386,17.32829845472512,38.14643445179614,82.67170154527489,60.40906799853551,Prioridade moderada
353880,SP,Piraju,30294.0,10.0,3.300983693140556,49.0,16.174820096388725,46.59647207835297,32.60944957609474,53.40352792164703,67.39055042390527,60.39703917277615,Prioridade moderada
510760,MT,Rondonópolis,263708.0,70.0,2.654451135346671,546.0,20.704718855704037,37.470060354601955,41.74200896757057,62.529939645398045,58.25799103242943,60.39396533891374,Prioridade moderada
315220,MG,Porteirinha,38692.0,16.0,4.135221751266411,40.0,10.33805437816603,58.37252249112477,20.84216460837159,41.62747750887523,79.15783539162841,60.39265645025182,Prioridade moderada
431440,RS,Pelotas,336150.0,54.0,1.606425702811245,943.0,28.052952550944518,22.676201207094373,56.556507968508704,77.32379879290562,43.443492031491296,60.38364541219846,Prioridade moderada
290770,BA,Chorrochó,10933.0,4.0,3.6586481295161435,15.0,13.719930485685538,51.64524010396505,27.66023848762165,48.35475989603495,72.33976151237835,60.34726070420665,Prioridade moderada
520760,GO,Fazenda Nova,5842.0,1.0,1.7117425539198903,16.0,27.387880862718244,24.162847058227054,55.21568182315053,75.83715294177294,44.78431817684947,60.310735559311205,Prioridade moderada
311200,MG,Candeias,14211.0,6.0,4.222081486172684,14.0,9.85152346773626,59.59862888501689,19.861287844591494,40.40137111498311,80.13871215540851,60.27004163519581,Prioridade moderada
230395,CE,Chorozinho,20808.0,10.0,4.805843906189927,12.0,5.767012687427912,67.83898140819035,11.626658492317093,32.16101859180965,88.37334150768291,60.26718004974628,Prioridade moderada
150770,PA,São Sebastião da Boa Vista,27651.0,11.0,3.978156305377744,32.0,11.572818342917074,56.155396826725514,23.33152603600922,43.844603173274486,76.66847396399078,60.256538568632635,Prioridade moderada
130360,AM,Santa Isabel do Rio Negro,13947.0,5.0,3.5850003585000354,20.0,14.340001434000142,50.60563293689053,28.91034032505605,49.39436706310947,71.08965967494395,60.24201336902671,Prioridade moderada
150430,PA,Maracanã,27129.0,11.0,4.0547016108223675,30.0,11.058277120424638,57.2359054021817,22.29417873015353,42.7640945978183,77.70582126984647,60.23495793383238,Prioridade moderada
314070,MG,Mateus Leme,40814.0,16.0,3.920223452736806,49.0,12.005684324006468,55.33762042991619,24.204210943750038,44.66237957008381,75.79578905624996,60.22908431316688,Prioridade moderada
310990,MG,Caetanópolis,11906.0,2.0,1.6798252981689905,33.0,27.717117419788345,23.712305142644464,55.879443326673,76.28769485735553,44.120556673327,60.20412576534127,Prioridade moderada
221080,PI,Simplício Mendes,14437.0,4.0,2.770658724111658,29.0,20.087275749809518,39.11043915333172,40.49720502491219,60.88956084666828,59.50279497508781,60.19617791087805,Prioridade moderada
293077,BA,Sobradinho,27097.0,10.0,3.6904454367642177,37.0,13.654648116027605,52.094088834248254,27.528625144852935,47.905911165751746,72.47137485514706,60.188643010449404,Prioridade moderada
310170,MG,Almenara,42019.0,11.0,2.617863347533259,89.0,21.18089435731455,36.95358951083527,42.702008579102966,63.04641048916473,57.297991420897034,60.17220095503088,Prioridade moderada
351190,SP,Clementina,7084.0,1.0,1.411631846414455,21.0,29.644268774703555,19.926503742823613,59.76470106426236,80.07349625717639,40.23529893573764,60.15439759645702,Prioridade moderada
510330,MT,Comodoro,18469.0,6.0,3.2486869890086094,31.0,16.784882776544478,45.85825518896394,33.83937411857777,54.14174481103606,66.16062588142222,60.15118534622914,Prioridade moderada
510300,MT,Chapada dos Guimarães,19458.0,11.0,5.653201767910371,0.0,0.0,79.80023011901466,0.0,20.199769880985343,100.0,60.09988494049267,Prioridade moderada
220410,PI,Francisco Ayres,4548.0,2.0,4.397537379067722,4.0,8.795074758135444,62.07535290860267,17.73142113076327,37.92464709139733,82.26857886923673,60.09661298031703,Prioridade moderada
410670,PR,Cruzeiro do Sul,4543.0,1.0,2.201188641866608,11.0,24.213075060532688,31.071836344741904,48.815074638445125,68.92816365525809,51.184925361554875,60.05654450840648,Prioridade moderada
220277,PI,Colônia do Piauí,7067.0,3.0,4.245082779114193,7.0,9.905193151266449,59.923313646878086,19.969489285374962,40.076686353121914,80.03051071462504,60.053598533873476,Prioridade moderada
521878,GO,Rio Quente,4033.0,1.0,2.479543763947434,9.0,22.315893875526903,35.001079224934905,44.99023863900336,64.9989207750651,55.00976136099664,60.00434106803087,Prioridade moderada
261560,PE,Trindade,32257.0,14.0,4.3401432247264164,30.0,9.300306910128034,61.26518074211101,18.750000767905732,38.73481925788899,81.24999923209427,59.99240924499163,Prioridade moderada
230910,CE,Mulungu,11064.0,5.0,4.519161243673174,9.0,8.134490238611713,63.792187506400246,16.399641398327958,36.207812493599754,83.60035860167204,59.9040855476359,Prioridade moderada
314410,MG,Muzambinho,22620.0,9.0,3.9787798408488064,27.0,11.936339522546419,56.164198613062,24.06440748423084,43.835801386938,75.93559251576916,59.88569695135358,Prioridade moderada
170370,TO,Brejinho de Nazaré,4774.0,2.0,4.189359028068705,5.0,10.473397570171764,59.13672078515394,21.11502495357964,40.86327921484606,78.88497504642037,59.87412713063321,Prioridade moderada
420750,SC,Indaial,77888.0,31.0,3.9800739523418245,93.0,11.940221857025472,56.182466207105556,24.072234513507073,43.817533792894444,75.92776548649293,59.87264963969369,Prioridade moderada
412140,PR,Realeza,20097.0,7.0,3.483106931382794,31.0,15.425187838980943,49.16731191715865,31.09814403124909,50.83268808284135,68.90185596875091,59.867272025796126,Prioridade moderada
431130,RS,Lagoa Vermelha,28622.0,8.0,2.7950527566207812,58.0,20.264132485500664,39.454783736751445,40.85375927221419,60.545216263248555,59.14624072778581,59.84572849551718,Prioridade moderada
231200,CE,Santana do Acaraú,32133.0,12.0,3.734478573429185,44.0,13.693088102573677,52.71565774032769,27.60612256340288,47.28434225967231,72.39387743659712,59.83910984813471,Prioridade moderada
351170,SP,Charqueada,15814.0,5.0,3.1617554066017455,28.0,17.705830276969774,44.631134600405495,35.696061914694546,55.368865399594505,64.30393808530545,59.83640174244998,Prioridade moderada
421670,SC,São José do Cedro,14538.0,5.0,3.439262622093823,23.0,15.820608061631585,48.54840848609247,31.89533594652567,51.45159151390753,68.10466405347432,59.77812778369093,Prioridade moderada
150715,PA,São Domingos do Araguaia,21555.0,9.0,4.175365344467641,23.0,10.670378102528417,58.939186853512524,21.512150034358168,41.060813146487476,78.48784996564183,59.77433155606465,Prioridade moderada
291450,BA,Irará,29572.0,13.0,4.396050317868253,27.0,9.130258352495604,62.05436164899608,18.407172233643365,37.94563835100392,81.59282776635663,59.76923305868028,Prioridade moderada
522020,GO,São Miguel do Araguaia,22040.0,7.0,3.176043557168784,39.0,17.695099818511796,44.8328252086723,35.67442863890361,55.1671747913277,64.3255713610964,59.74637307621205,Prioridade moderada
210083,MA,Apicum-Açu,18033.0,8.0,4.436311207231188,16.0,8.872622414462375,62.622681756407694,17.887762059049823,37.377318243592306,82.11223794095018,59.74477809227125,Prioridade moderada
521990,GO,São Francisco de Goiás,6507.0,2.0,3.073613032119256,12.0,18.441678192715536,43.386922549304586,37.17957736409006,56.613077450695414,62.82042263590994,59.71675004330268,Prioridade moderada
230450,CE,Frecheirinha,16516.0,6.0,3.6328408815693876,24.0,14.53136352627755,51.28094666293139,29.296138279018415,48.71905333706861,70.70386172098159,59.7114575290251,Prioridade moderada
150240,PA,Castanhal,209126.0,51.0,2.438721153754196,479.0,22.904851620554115,34.42482990265336,46.17761431146622,65.57517009734664,53.82238568853378,59.698777892940214,Prioridade moderada
352190,SP,Itajobi,17502.0,5.0,2.856816363844132,35.0,19.997714546908927,40.32663481721016,40.31664403489455,59.67336518278984,59.68335596510545,59.67836057394764,Prioridade moderada
290180,BA,Antônio Gonçalves,11248.0,6.0,5.334281650071124,3.0,2.667140825035562,75.2983743852218,5.377122819793165,24.701625614778195,94.62287718020684,59.66225139749252,Prioridade moderada
240300,RN,Cruzeta,8245.0,3.0,3.638568829593693,12.0,14.554275318374772,51.36180200636598,29.342329885765196,48.63819799363402,70.6576701142348,59.647934053934414,Prioridade moderada
292100,BA,Mata de São João,44962.0,20.0,4.448200702815711,40.0,8.896401405631423,62.79051310625082,17.93570199339695,37.20948689374918,82.06429800660305,59.63689245017612,Prioridade moderada
292950,BA,São Sebastião do Passé,42944.0,17.0,3.9586438152011922,53.0,12.341654247391952,55.87995977879942,24.881547335155677,44.12004022120058,75.11845266484433,59.619246443022455,Prioridade moderada
411770,PR,Palmeira,34948.0,15.0,4.292091106787227,35.0,10.014879249170196,60.586880156587995,20.190623323186575,39.413119843412005,79.80937667681343,59.61124826011272,Prioridade moderada
350680,SP,Bocaina,11480.0,4.0,3.484320557491289,18.0,15.679442508710801,49.184443384725604,31.61073735733459,50.815556615274396,68.38926264266541,59.60240962896991,Prioridade moderada
316270,MG,São João do Paraíso,24706.0,8.0,3.23807981866753,43.0,17.404679025337973,45.70852505922852,35.088922144586206,54.29147494077148,64.9110778554138,59.60127639809264,Prioridade moderada
230445,CE,Fortim,18213.0,8.0,4.392466919233515,17.0,9.333992203371219,62.003778625888096,18.817912427196138,37.996221374111904,81.18208757280387,59.58915447345788,Prioridade moderada
431830,RS,São Gabriel,60090.0,12.0,1.9970044932601096,157.0,26.127475453486436,28.18958612364702,52.674625638732245,71.81041387635298,47.325374361267755,59.56789411881037,Prioridade moderada
171820,TO,Porto Nacional,69551.0,20.0,2.875587698235827,139.0,19.985334502738997,40.591609758066014,40.29168509107301,59.408390241933986,59.70831490892699,59.55835257543049,Prioridade moderada
140050,RR,São João da Baliza,9969.0,2.0,2.0062192797672784,26.0,26.080850636974624,28.31966145333784,52.58062709074369,71.68033854666216,47.41937290925631,59.54985572795923,Prioridade moderada
211060,MA,São Bernardo,27910.0,12.0,4.299534217126478,28.0,10.032246506628448,60.69194662020602,20.225636801109975,39.30805337979398,79.77436319889003,59.54120828934201,Prioridade moderada
521400,GO,Mozarlândia,15199.0,5.0,3.2896901111915255,26.0,17.106388578195933,46.43705260680389,34.48754993536573,53.56294739319611,65.51245006463427,59.53769872891519,Prioridade moderada
510895,MT,Nova Monte Verde,8470.0,3.0,3.541912632821724,13.0,15.348288075560802,49.9974093910847,30.943109295609432,50.0025906089153,69.05689070439057,59.52974065665293,Prioridade moderada
290030,BA,Acajutiba,14200.0,7.0,4.929577464788732,8.0,5.633802816901409,69.5855963097984,11.35809905671991,30.414403690201596,88.64190094328009,59.528152316740844,Prioridade moderada
230630,CE,Itapajé,49073.0,23.0,4.686895033929044,36.0,7.336009618323722,66.15990682912674,14.789854496859824,33.84009317087326,85.21014550314018,59.52511933700672,Prioridade moderada
431950,RS,São Sebastião do Caí,24898.0,6.0,2.4098321150293196,58.0,23.295043778616755,34.017034102537345,46.964266121347684,65.98296589746266,53.035733878652316,59.509349888057486,Prioridade moderada
351220,SP,Conchal,29132.0,11.0,3.77591651791844,40.0,13.73060551970342,53.3005930816898,27.681760024272744,46.6994069183102,72.31823997572725,59.50882344701873,Prioridade moderada
260330,PE,Calçado,11453.0,5.0,4.365668383829564,11.0,9.604470444425042,61.625492235293144,19.363213488383497,38.374507764706856,80.6367865116165,59.50564713816168,Prioridade moderada
320490,ES,São Mateus,134423.0,37.0,2.752505151648155,281.0,20.904160746300853,38.854184499855016,42.14409630059939,61.145815500144984,57.85590369940061,59.500859599772795,Prioridade moderada
420290,SC,Brusque,155307.0,35.0,2.2536009323469,379.0,24.403278667413574,31.811684843540128,49.198537013347114,68.18831515645988,50.801462986652886,59.494889071556386,Prioridade moderada
291930,BA,Lençóis,11194.0,5.0,4.4666785778095415,10.0,8.933357155619083,63.0513455932475,18.0102070981578,36.9486544067525,81.98979290184221,59.46922365429735,Prioridade moderada
313980,MG,Mar de Espanha,13180.0,3.0,2.276176024279211,32.0,24.279210925644918,32.1303533795514,48.94840868146365,67.8696466204486,51.05159131853635,59.46061896949248,Prioridade moderada
412240,PR,Rolândia,75818.0,10.0,1.3189480070695614,235.0,30.99527816613469,18.61818466777843,62.48842054702435,81.38181533222158,37.51157945297565,59.446697392598615,Prioridade moderada
411190,PR,Jaguapitã,15908.0,5.0,3.14307266784008,29.0,18.229821473472466,44.3674102697267,36.75246095955854,55.6325897302733,63.24753904044146,59.44006438535738,Prioridade moderada
270840,AL,São José da Tapera,31569.0,14.0,4.4347302733694445,29.0,9.186226994836707,62.60036539637856,18.520008519264383,37.39963460362144,81.47999148073562,59.43981304217853,Prioridade moderada
240110,RN,Areia Branca,24607.0,9.0,3.657495834518633,36.0,14.629983338074531,51.62897438238966,29.49496199148219,48.37102561761034,70.50503800851781,59.43803181306408,Prioridade moderada
231210,CE,Santana do Cariri,17391.0,7.0,4.025070438732678,21.0,12.075211316198034,56.81763369554007,24.344381711185935,43.18236630445993,75.65561828881407,59.418992296637,Prioridade moderada
411500,PR,Marilena,7450.0,1.0,1.3422818791946307,23.0,30.87248322147651,18.947564095860734,62.240858253770504,81.05243590413926,37.759141746229496,59.40578882518437,Prioridade moderada
290110,BA,Amélia Rodrigues,24830.0,12.0,4.8328634716069265,16.0,6.443817962142569,68.22038784413812,12.991140282353822,31.779612155861884,87.00885971764617,59.39423593675403,Prioridade moderada
310590,MG,Barroso,20604.0,7.0,3.39739856338575,34.0,16.501650165016503,47.95745814400782,33.26835944831327,52.04254185599218,66.73164055168672,59.38709120383945,Prioridade moderada
291390,BA,Ipiaú,42429.0,15.0,3.535317825072474,66.0,15.555398430318885,49.90431751190075,31.360656732299542,50.09568248809925,68.63934326770045,59.367512877899856,Prioridade moderada
521405,GO,Mundo Novo,6202.0,1.0,1.6123831022250885,18.0,29.022895840051596,22.760295471487012,58.511974340890205,77.23970452851299,41.488025659109795,59.36386509381139,Prioridade moderada
412855,PR,Vera Cruz do Oeste,8178.0,1.0,1.2227928588897041,26.0,31.792614331132306,17.26086482198123,64.09590015500413,82.73913517801877,35.90409984499587,59.32161751150732,Prioridade moderada
352410,SP,Ituverava,38413.0,13.0,3.3842709499388226,64.0,16.661026215083435,47.77214960258538,33.58967153941066,52.22785039741462,66.41032846058934,59.31908942900198,Prioridade moderada
250120,PB,Areial,7434.0,4.0,5.380683346785042,2.0,2.690341673392521,75.95337773159133,5.423897182049458,24.04662226840867,94.57610281795054,59.311362543179605,Prioridade moderada
270880,AL,São Sebastião,32707.0,18.0,5.503409056165347,6.0,1.8344696853884488,77.68576589888784,3.698405691566546,22.314234101112163,96.30159430843345,59.30791420477281,Prioridade moderada
110130,RO,Mirante da Serra,9657.0,2.0,2.0710365537951745,25.0,25.88795692243968,29.234617896688924,52.19174129045728,70.76538210331108,47.80825870954272,59.2868204064269,Prioridade moderada
240740,RN,Martins,8415.0,3.0,3.5650623885918002,13.0,15.448603683897801,50.3241898446212,31.14535184002518,49.6758101553788,68.85464815997481,59.265229157676806,Prioridade moderada
316200,MG,São Gonçalo do Sapucaí,24497.0,10.0,4.0821325060211455,29.0,11.838184267461322,57.623118142696036,23.86652034717138,42.376881857303964,76.13347965282861,59.25518075506629,Prioridade moderada
352180,SP,Itaí,25979.0,10.0,3.8492628661611303,35.0,13.472420031563955,54.335945384411446,27.161241922272772,45.664054615588554,72.83875807772722,59.25140634665789,Prioridade moderada
130165,AM,Guajará,14344.0,5.0,3.485778025655326,23.0,16.0345789180145,49.20501691096015,32.32671458383925,50.79498308903985,67.67328541616075,59.2341342526003,Prioridade moderada
310110,MG,Aimorés,26212.0,9.0,3.4335418892110483,43.0,16.404700137341678,48.467654991128576,33.072902125139144,51.532345008871424,66.92709787486086,59.22972144186615,Prioridade moderada
150309,PA,Goianésia do Pará,26703.0,12.0,4.4938770924615214,24.0,8.987754184923043,63.43527806500955,18.119874913540357,36.56472193499045,81.88012508645964,59.22242351072505,Prioridade moderada
313790,MG,Lamim,3213.0,1.0,3.1123560535325243,6.0,18.674136321195146,43.933816531018515,37.64822749893154,56.066183468981485,62.35177250106846,59.20897798502497,Prioridade moderada
170900,TO,Goiatins,12851.0,4.0,3.1125982413819933,24.0,18.675589448291962,43.937235239020296,37.65115709409915,56.062764760979704,62.34884290590085,59.20580383344028,Prioridade moderada
292020,BA,Malhada,15814.0,6.0,3.794106487922094,22.0,13.91172378904768,53.55736152048658,28.046905790117144,46.44263847951342,71.95309420988286,59.19786634469814,Prioridade moderada
411070,PR,Irati,61004.0,15.0,2.4588551570388826,142.0,23.277162153301422,34.7090401893718,46.92821564563394,65.29095981062821,53.07178435436606,59.181372082497134,Prioridade moderada
431680,RS,Santa Cruz do Sul,138270.0,43.0,3.1098575251319884,259.0,18.731467418818255,43.898547465892726,37.76381057966703,56.101452534107274,62.23618942033297,59.16882097722012,Prioridade moderada
230640,CE,Itapipoca,138978.0,46.0,3.3098763833124667,241.0,17.34087409518053,46.72200071703057,34.96028741231244,53.27799928296943,65.03971258768756,59.158855935328496,Prioridade moderada
500215,MS,Bodoquena,8887.0,4.0,4.500956453246315,8.0,9.00191290649263,63.5352098634691,18.148419782313795,36.4647901365309,81.8515802176862,59.15818517710855,Prioridade moderada
421010,SC,Mafra,57262.0,9.0,1.5717229576333345,169.0,29.513464426670392,22.186339503116592,59.50099131255553,77.81366049688341,40.49900868744447,59.156334592163944,Prioridade moderada
240830,RN,Nova Cruz,35523.0,16.0,4.504124088618641,32.0,9.008248177237283,63.57992399928496,18.161192084612527,36.42007600071504,81.83880791538748,59.12944195805126,Prioridade moderada
520320,GO,Barro Alto,10853.0,3.0,2.764212660093983,23.0,21.192297060720538,39.01944693103174,42.724997142779905,60.98055306896826,57.275002857220095,59.127777963094175,Prioridade moderada
410940,PR,Guarapuava,189630.0,48.0,2.5312450561619997,433.0,22.833939777461374,35.73089131825027,46.034651597946024,64.26910868174973,53.965348402053976,59.11722854190185,Prioridade moderada
315820,MG,Santa Maria do Suaçuí,12817.0,1.0,0.7802137785753296,45.0,35.10962003588983,11.013447180632166,70.78319124252967,88.98655281936783,29.216808757470332,59.10168078841908,Prioridade moderada
210190,MA,Bequimão,19968.0,9.0,4.507211538461538,18.0,9.014423076923077,63.62350624135929,18.173641068820164,36.37649375864071,81.82635893117984,59.10142634491028,Prioridade moderada
260660,PE,Ibimirim,28825.0,13.0,4.509973980919341,26.0,9.019947961838682,63.662500700229394,18.18477958257151,36.337499299770606,81.81522041742849,59.076359858599545,Prioridade moderada
292650,BA,Ribeira do Amparo,14528.0,7.0,4.818281938325991,10.0,6.883259911894274,68.01455586447807,13.877082754458867,31.98544413552193,86.12291724554113,59.05418069053153,Prioridade moderada
220177,PI,Boa Hora,7140.0,4.0,5.602240896358543,1.0,1.4005602240896358,79.08086975583332,2.823617062419865,20.91913024416668,97.17638293758013,59.047756590873405,Prioridade moderada
521220,GO,Jussara,19926.0,7.0,3.512998092943892,32.0,16.059419853457793,49.58925361834474,32.37679546430246,50.41074638165526,67.62320453569754,59.0169754586764,Prioridade moderada
110170,RO,Urupá,11314.0,3.0,2.6515821106593602,25.0,22.096517588828,37.42956138788116,44.547962315887034,62.57043861211884,55.452037684112966,59.01123814811591,Prioridade moderada
240810,RN,Natal,784249.0,83.0,1.0583373392889248,2608.0,33.2547443477773,14.93942135555861,67.04364577241131,85.06057864444139,32.95635422758869,59.00846643601504,Prioridade moderada
292970,BA,Sátiro Dias,16476.0,6.0,3.641660597232338,25.0,15.173585821801408,51.40544519816551,30.590898618714856,48.59455480183449,69.40910138128514,59.001828091559815,Prioridade moderada
291840,BA,Juazeiro,256122.0,58.0,2.264545802391048,636.0,24.83191604001218,31.966181920418485,50.06269678173333,68.03381807958152,49.93730321826667,58.98556064892409,Prioridade moderada
431000,RS,Ibirubá,22106.0,7.0,3.1665611146295123,41.0,18.547000814258574,44.69897166376266,37.39191436048093,55.30102833623734,62.60808563951907,58.954556987878206,Prioridade moderada
420360,SC,Campos Novos,39049.0,13.0,3.3291505544316116,68.0,17.414018284719198,46.99407366857314,35.10775067597359,53.00592633142686,64.89224932402641,58.949087827726636,Prioridade moderada
352360,SP,Itirapina,16454.0,8.0,4.862039625622949,11.0,6.685304485231554,68.63223654511364,13.477992225747915,31.367763454886358,86.52200777425209,58.94488561456922,Prioridade moderada
230220,CE,Beberibe,55977.0,24.0,4.287475213033924,60.0,10.718688032584812,60.52172249923896,21.609545876711334,39.47827750076104,78.39045412328866,58.93436581202485,Prioridade moderada
350250,SP,Aparecida,33141.0,11.0,3.3191515041791138,58.0,17.500980658398962,46.85292772263321,35.28307226364065,53.14707227736679,64.71692773635935,58.93200000686307,Prioridade moderada
150170,PA,Bragança,132489.0,33.0,2.490772818875529,309.0,23.322690940379957,35.1595878372345,47.02000452969267,64.8404121627655,52.97999547030733,58.910203816536416,Prioridade moderada
250060,PB,Alhandra,23065.0,12.0,5.202688055495339,10.0,4.33557337957945,73.44080772468891,8.74078726454708,26.55919227531109,91.25921273545292,58.909202505382005,Prioridade moderada
354290,SP,Ribeirão Bonito,11040.0,4.0,3.6231884057971016,17.0,15.398550724637682,51.14469293991394,31.044441941714062,48.85530706008606,68.95555805828593,58.905432559185996,Prioridade moderada
431850,RS,São José do Norte,26248.0,10.0,3.809814081072844,37.0,14.09631209996952,53.77908888835815,28.41904737694605,46.22091111164185,71.58095262305395,58.90093186734789,Prioridade moderada
150445,PA,Medicilândia,28677.0,9.0,3.1384035987027934,54.0,18.83042159221676,44.30150199210037,37.96330838604467,55.69849800789963,62.03669161395533,58.86759481092748,Prioridade moderada
231335,CE,Tejuçuoca,17646.0,8.0,4.533605349654312,16.0,9.067210699308625,63.996079571194585,18.28006421913439,36.003920428805415,81.71993578086561,58.86192810483551,Prioridade moderada
410100,PR,Ampére,20337.0,7.0,3.442002261887201,34.0,16.718296700594973,48.587081064028,33.70513242233596,51.412918935972,66.29486757766404,58.85389325681802,Prioridade moderada
230500,CE,Guaraciaba do Norte,44565.0,20.0,4.4878267698866825,42.0,9.424436216762032,63.34987210329294,19.000253218410617,36.65012789670706,80.99974678158938,58.82493733914822,Prioridade moderada
520630,GO,Cristianópolis,3670.0,1.0,2.7247956403269757,8.0,21.798365122615806,38.463038832196865,43.94686828485633,61.536961167803135,56.05313171514367,58.7950464414734,Prioridade moderada
250940,PB,Mogeiro,14435.0,7.0,4.849324558365085,10.0,6.927606511950121,68.45275147898423,13.966488275495559,31.547248521015774,86.03351172450444,58.790380122760105,Prioridade moderada
420930,SC,Lages,172458.0,33.0,1.9135093761959434,474.0,27.484952858087187,27.010974457359833,55.41138504082904,72.98902554264016,44.58861495917096,58.78882025090556,Prioridade moderada
230940,CE,Novo Oriente,29097.0,13.0,4.467814551328316,28.0,9.622985187476372,63.06738092188584,19.400540369075145,36.93261907811416,80.59945963092485,58.766039354519506,Prioridade moderada
292310,BA,Olindina,22956.0,8.0,3.484927687750479,38.0,16.553406516814775,49.1930135961535,33.37270349258398,50.8069864038465,66.62729650741602,58.717141455631264,Prioridade moderada
292830,BA,Santanópolis,9035.0,4.0,4.427227448810182,9.0,9.961261759822913,62.49445601069728,20.082527109142287,37.50554398930272,79.91747289085771,58.711508440080216,Prioridade moderada
280450,SE,Nossa Senhora da Glória,43686.0,16.0,3.6625005722657145,67.0,15.33672114636268,51.69962093637778,30.919789642457886,48.30037906362222,69.08021035754211,58.690294710582165,Prioridade moderada
310010,MG,Abadia dos Dourados,6345.0,2.0,3.1520882584712373,12.0,18.912529550827422,44.49467376332939,38.12884316913066,55.50532623667061,61.87115683086934,58.688241533769975,Prioridade moderada
150277,PA,Curionópolis,20975.0,7.0,3.3373063170440997,37.0,17.64004767580453,47.10919988553693,35.56344007390131,52.89080011446307,64.43655992609868,58.66368002028088,Prioridade moderada
311260,MG,Capinópolis,14872.0,5.0,3.3620225927918233,26.0,17.482517482517483,47.45809323364795,35.24584934559063,52.54190676635205,64.75415065440937,58.648028710380714,Prioridade moderada
270040,AL,Atalaia,38480.0,19.0,4.9376299376299375,25.0,6.496881496881497,69.69926449503865,13.098119689239759,30.300735504961352,86.90188031076025,58.6013079078608,Prioridade moderada
221120,PI,Uruçuí,26779.0,10.0,3.7342693901938087,40.0,14.937077560775235,52.71270492332144,30.11408316319181,47.28729507667856,69.88591683680819,58.58660595674338,Prioridade moderada
510785,MT,São Félix do Araguaia,14604.0,4.0,2.738975623116954,32.0,21.911804984935632,38.66320255112639,44.17557014665097,61.33679744887361,55.82442985334903,58.58061365111132,Prioridade moderada
290280,BA,Barra da Estiva,27743.0,9.0,3.2440615650794795,51.0,18.383015535450383,45.792963004269986,37.06130977578379,54.207036995730014,62.93869022421621,58.57286360997311,Prioridade moderada
420380,SC,Canoinhas,56948.0,24.0,4.214371005127485,66.0,11.589520264100583,59.48978823382559,23.365198154364286,40.51021176617441,76.6348018456357,58.57250680590506,Prioridade moderada
510515,MT,Juína,48396.0,16.0,3.3060583519299116,87.0,17.976692288618896,46.66810563324654,36.242136681419375,53.33189436675346,63.757863318580625,58.544878842667046,Prioridade moderada
170550,TO,Colinas do Tocantins,36209.0,12.0,3.3140931812532797,65.0,17.95133806512193,46.78152476373138,36.19102098011708,53.21847523626862,63.80897901988292,58.51372712807577,Prioridade moderada
354130,SP,Presidente Epitácio,40322.0,14.0,3.472049997519964,68.0,16.86424284509697,49.011232954671755,33.99936898333647,50.988767045328245,66.00063101666353,58.49469903099589,Prioridade moderada
292590,BA,Quijingue,26443.0,13.0,4.916234920394811,18.0,6.807094505162047,69.39725381704467,13.723528527859965,30.60274618295533,86.27647147214003,58.43960882754768,Prioridade moderada
290070,BA,Alagoinhas,161196.0,41.0,2.5434874314499116,378.0,23.44971339239187,35.90370389513797,47.2760897423399,64.09629610486203,52.7239102576601,58.410103181261064,Prioridade moderada
510060,MT,Alto Taquari,11877.0,4.0,3.3678538351435545,21.0,17.68123263450366,47.54040667312031,35.646471528099234,52.45959332687969,64.35352847190077,58.40656089939023,Prioridade moderada
150495,PA,Nova Esperança do Piriá,21304.0,8.0,3.755163349605708,32.0,15.020653398422832,53.007642701525526,30.28257728227989,46.992357298474474,69.71742271772011,58.35489000809729,Prioridade moderada
290135,BA,Andorinha,15491.0,7.0,4.518752824220515,15.0,9.683041766186818,63.786422283851095,19.52161819025031,36.213577716148905,80.47838180974969,58.3459797629493,Prioridade moderada
320506,ES,Venda Nova do Imigrante,25395.0,5.0,1.9688915140775742,70.0,27.56448119708604,27.792745129781938,55.57171914933839,72.20725487021807,44.42828085066161,58.31776786043984,Prioridade moderada
291660,BA,Itapitanga,10640.0,4.0,3.7593984962406015,16.0,15.037593984962406,53.067425757203935,30.316730564929077,46.932574242796065,69.68326943507093,58.307921838933495,Prioridade moderada
110175,RO,Vale do Anari,8220.0,3.0,3.6496350364963503,13.0,15.815085158150852,51.51801186648266,31.884201427471037,48.48198813351734,68.11579857252896,58.298893353023146,Prioridade moderada
313700,MG,Ladainha,14263.0,5.0,3.5055738624412816,24.0,16.826754539718152,49.4844536612783,33.92379021357836,50.5155463387217,66.07620978642164,58.295878062571674,Prioridade moderada
210530,MA,Imperatriz,285806.0,39.0,1.3645619756058305,910.0,31.83977943080271,19.26206849419654,64.19098794765272,80.73793150580346,35.809012052347285,58.27347177907537,Prioridade moderada
292700,BA,Rio Real,36966.0,14.0,3.7872639722988692,55.0,14.878537034031272,53.460773012992334,29.9960617976595,46.539226987007666,70.00393820234049,58.27158259467408,Prioridade moderada
220550,PI,José de Freitas,44689.0,23.0,5.146680391147711,24.0,5.370449103806306,72.65020716117473,10.82716148976858,27.349792838825266,89.17283851023141,58.26131567452834,Prioridade moderada
314860,MG,Peçanha,17863.0,2.0,1.1196327604545708,60.0,33.588982813637124,15.80466355194116,67.71749143708617,84.19533644805884,32.28250856291383,58.238922505486336,Prioridade moderada
150747,PA,São João de Pirabas,21477.0,10.0,4.65614378171998,19.0,8.84667318526796,65.72582414404363,17.835446789024488,34.27417585595637,82.16455321097551,58.21936453346594,Prioridade moderada
420970,SC,Lebon Régis,11575.0,1.0,0.8639308855291578,41.0,35.42116630669547,12.195192441828292,71.41128802183944,87.8048075581717,28.58871197816056,58.19675976816613,Prioridade moderada
120039,AC,Porto Walter,11333.0,5.0,4.411894467484338,12.0,10.58854672196241,62.278016639090474,21.34717284991918,37.721983360909526,78.65282715008082,58.18740525549518,Prioridade moderada
510642,MT,Peixoto de Azevedo,33754.0,10.0,2.962611838596907,70.0,20.738282870178352,41.82003688871318,41.809676121273,58.17996311128682,58.190323878727,58.18514349500691,Prioridade moderada
313900,MG,Machado,38809.0,15.0,3.865082841608905,56.0,14.429642608673246,54.55925913351122,29.09106254317192,45.44074086648878,70.90893745682808,58.17483916165843,Prioridade moderada
330150,RJ,Cordeiro,21448.0,7.0,3.2637075718015667,40.0,18.649757553151808,46.070284763107864,37.59907837687027,53.929715236892136,62.40092162312973,58.165318430010934,Prioridade moderada
314470,MG,Nova Era,17813.0,6.0,3.3683265031157017,32.0,17.964408016617078,47.547078823610555,36.217370820282426,52.452921176389445,63.782629179717574,58.117775178053506,Prioridade moderada
230690,CE,Jaguaribe,35143.0,13.0,3.6991719545855504,55.0,15.65034288478502,52.217271794784516,31.552070694371025,47.782728205215484,68.44792930562897,58.115328755422226,Prioridade moderada
411680,PR,Nova Cantu,6739.0,1.0,1.4838996883810656,21.0,31.161893456002375,20.94663192078387,62.82432739861027,79.05336807921613,37.17567260138973,58.11452034030293,Prioridade moderada
430960,RS,Horizontina,19252.0,6.0,3.1165593185123623,38.0,19.738209017244962,43.99314954731845,39.793464646569596,56.00685045268155,60.206535353430404,58.10669290305597,Prioridade moderada
120043,AC,Santa Rosa do Purus,7217.0,2.0,2.7712345850076208,16.0,22.169876680060966,39.11856796845295,44.695858834812995,60.88143203154705,55.304141165187005,58.09278659836703,Prioridade moderada
521460,GO,Niquelândia,33890.0,12.0,3.5408675125405726,57.0,16.819120684567718,49.98265654086603,33.90839988384883,50.01734345913397,66.09160011615117,58.05447178764257,Prioridade moderada
230700,CE,Jaguaruana,33115.0,16.0,4.831647289747848,26.0,7.851426845840254,68.20322029976143,15.828967883666731,31.796779700238574,84.17103211633327,57.98390590828592,Prioridade moderada
292405,BA,Pé de Serra,13677.0,7.0,5.1180814506105134,8.0,5.8492359435548735,72.24650636829256,11.792425722411545,27.753493631707443,88.20757427758845,57.980533954647946,Prioridade moderada
412090,PR,Quedas do Iguaçu,31423.0,12.0,3.8188587976959547,47.0,14.957196957642491,53.90676352257739,30.15464512639972,46.09323647742261,69.84535487360029,57.96929567551145,Prioridade moderada
430235,RS,Bom Princípio,13665.0,4.0,2.9271862422246615,29.0,21.222100256128797,41.31997146407976,42.78508224988345,58.68002853592024,57.21491775011655,57.9474731430184,Prioridade moderada
211157,MA,São Pedro dos Crentes,5993.0,1.0,1.6686133822793259,18.0,30.035040881027864,23.55403846390163,60.552522086134,76.44596153609837,39.447477913866,57.94671972498219,Prioridade moderada
291110,BA,Formosa do Rio Preto,27567.0,12.0,4.3530307976928935,31.0,11.245329560706642,61.447100887653704,22.671288155984072,38.552899112346296,77.32871184401593,57.94080547818111,Prioridade moderada
412667,PR,Tamarana,10540.0,4.0,3.795066413662239,16.0,15.180265654648956,53.570911770080635,30.604365579776605,46.429088229919365,69.39563442022339,57.91236132507137,Prioridade moderada
230870,CE,Morada Nova,65390.0,31.0,4.74078605291329,56.0,8.564000611714329,66.92062896374121,17.26556119036487,33.07937103625879,82.73443880963512,57.90690492294696,Prioridade moderada
292810,BA,Santa Maria da Vitória,40474.0,15.0,3.7060829174284726,64.0,15.812620447694817,52.31482649880015,31.879232416943758,47.68517350119985,68.12076758305625,57.902970542128045,Prioridade moderada
210290,MA,Carutapera,24906.0,10.0,4.015096763832008,34.0,13.651328997028827,56.67684594642354,27.52193359323241,43.32315405357646,72.4780664067676,57.90061023017203,Prioridade moderada
210315,MA,Centro do Guilherme,12693.0,7.0,5.514850705113054,4.0,3.151343260064603,77.84727547460312,6.353305231443422,22.152724525396877,93.64669476855657,57.899709646976724,Prioridade moderada
311320,MG,Carandaí,24403.0,10.0,4.097856820882678,32.0,13.11314182682457,57.84508155315432,26.43691457696557,42.15491844684568,73.56308542303444,57.85900193494005,Prioridade moderada
292480,BA,Piritiba,17697.0,7.0,3.9554726789851387,25.0,14.126688139232638,55.83519622530018,28.48028737311103,44.16480377469982,71.51971262688897,57.8422582007944,Prioridade moderada
270240,AL,Delmiro Gouveia,52845.0,16.0,3.027722584918157,109.0,20.626360109754945,42.739135967955335,41.58403283184567,57.260864032044665,58.41596716815433,57.838415600099495,Prioridade moderada
291370,BA,Inhambupe,35390.0,14.0,3.955919751342187,50.0,14.128284826222096,55.84150706974498,28.483506394006554,44.15849293025502,71.51649360599345,57.837493268124234,Prioridade moderada
410630,PR,Corbélia,17933.0,6.0,3.345787096414431,33.0,18.401829030279373,47.22891401801008,37.09923895875585,52.77108598198992,62.90076104124415,57.83592351161704,Prioridade moderada
410860,PR,Goioerê,28931.0,8.0,2.7651999585220004,65.0,22.467249662991257,39.033383571715454,45.29538137876533,60.966616428284546,54.70461862123467,57.83561752475961,Prioridade moderada
352040,SP,Ilhabela,36559.0,14.0,3.829426406630378,55.0,15.044175168905058,54.055935206058,30.329998643624855,45.944064793942,69.67000135637514,57.80703307515857,Prioridade moderada
241390,RN,Taipu,11708.0,6.0,5.124701059104886,7.0,5.978817902289033,72.33994833318884,12.053671060791329,27.660051666811157,87.94632893920867,57.80319030300991,Prioridade moderada
260870,PE,Lagoa dos Gatos,14333.0,7.0,4.883834507779251,11.0,7.674597083653108,68.93989169044424,15.472468016636867,31.06010830955576,84.52753198336313,57.793820146459446,Prioridade moderada
420770,SC,Ipumirim,8121.0,2.0,2.4627508927471986,20.0,24.627508927471986,34.764032142387016,49.65059925053033,65.23596785761299,50.34940074946967,57.792684303541336,Prioridade moderada
290450,BA,Brotas de Macaúbas,12180.0,5.0,4.105090311986864,16.0,13.136288998357964,57.94718904522269,26.483580723386325,42.05281095477731,73.51641927661368,57.78461511569549,Prioridade moderada
510677,MT,Porto Alegre do Norte,12649.0,5.0,3.9528816507233775,18.0,14.230373942604158,55.798621438122574,28.689324441631836,44.201378561877426,71.31067555836816,57.75602706012279,Prioridade moderada
293350,BA,Wenceslau Guimarães,25535.0,9.0,3.5245741139612297,44.0,17.231251223810457,49.75265998149451,34.739280843149594,50.24734001850549,65.2607191568504,57.75402958767795,Prioridade moderada
354000,SP,Pompéia,20520.0,10.0,4.8732943469785575,16.0,7.797270955165692,68.79110746304214,15.719786218852114,31.208892536957862,84.28021378114789,57.74455315905288,Prioridade moderada
292770,BA,Santa Cruz Cabrália,31007.0,15.0,4.837617312219821,25.0,8.062695520366368,68.28749275042529,16.25489875324752,31.712507249574713,83.74510124675248,57.7288042481636,Prioridade moderada
315700,MG,Salinas,41736.0,13.0,3.114816944604179,84.0,20.126509488211617,43.968554310046784,40.57630269687892,56.031445689953216,59.42369730312108,57.72757149653715,Prioridade moderada
211153,MA,São Pedro da Água Branca,14786.0,4.0,2.705261734072771,34.0,22.994724739618558,38.18729947630528,46.3588041439907,61.81270052369472,53.6411958560093,57.72694818985201,Prioridade moderada
352480,SP,Jales,50078.0,12.0,2.3962618315427933,126.0,25.16074923119933,33.825476859498174,50.7256450743921,66.17452314050183,49.2743549256079,57.724439033054864,Prioridade moderada
250790,PB,Juripiranga,10255.0,6.0,5.850804485616773,1.0,0.9751340809361287,82.58957728766211,1.965931333561954,17.41042271233789,98.03406866643805,57.72224568938797,Prioridade moderada
315580,MG,Rio Pomba,17885.0,7.0,3.913894324853229,26.0,14.53732177802628,55.24827887051369,29.30815048742655,44.75172112948631,70.69184951257346,57.721785321029884,Prioridade moderada
291560,BA,Itamaraju,61999.0,25.0,4.032323101985516,85.0,13.709898546750754,56.92001182041746,27.640013470904627,43.07998817958254,72.35998652909538,57.71998735433896,Prioridade moderada
355000,SP,São Luiz do Paraitinga,10487.0,4.0,3.814246209592829,16.0,15.256984838371316,53.84165252757222,30.7590362554444,46.15834747242778,69.2409637445556,57.69965560849169,Prioridade moderada
210380,MA,Dom Pedro,23594.0,10.0,4.238365686191405,29.0,12.291260489955073,59.82849559810227,24.77995036639219,40.17150440189773,75.22004963360781,57.695777017752775,Prioridade moderada
410080,PR,Alvorada do Sul,10481.0,4.0,3.8164297299875964,16.0,15.265718919950386,53.8724749600849,30.776644710509053,46.1275250399151,69.22335528949094,57.67544016470302,Prioridade moderada
430750,RS,Espumoso,15478.0,4.0,2.584313218762114,37.0,23.904897273549555,36.479998065425114,48.19376893332989,63.520001934574886,51.80623106667011,57.66311650062249,Prioridade moderada
260420,PE,Catende,33086.0,16.0,4.835882246267303,27.0,8.160551290576075,68.26300067178262,16.452182110055663,31.73699932821738,83.54781788994434,57.64240860908086,Prioridade moderada
110155,RO,Teixeirópolis,4521.0,1.0,2.2119000221190004,12.0,26.542800265428003,31.223037494837975,53.51194645169963,68.77696250516203,46.48805354830037,57.6325080267312,Prioridade moderada
410840,PR,Francisco Beltrão,102312.0,21.0,2.052545155993432,283.0,27.660489483149583,28.973594522611346,55.76527786248757,71.02640547738865,44.23472213751243,57.63056380745054,Prioridade moderada
250600,PB,Esperança,32599.0,16.0,4.908126016135464,25.0,7.668946900211663,69.2827890495598,15.461076893215925,30.717210950440204,84.53892310678407,57.628067028612136,Prioridade moderada
290680,BA,Cansanção,39725.0,16.0,4.027690371302707,55.0,13.845185651353052,56.85461649406167,27.912760740397257,43.14538350593833,72.08723925960274,57.61631138277053,Prioridade moderada
290035,BA,Adustina,14510.0,7.0,4.824259131633356,12.0,8.270158511371468,68.09892953819003,16.6731571266805,31.901070461809965,83.32684287331949,57.61395666756473,Prioridade moderada
330025,RJ,Arraial do Cabo,32822.0,9.0,2.7420632502589726,75.0,22.85052708549144,38.70678729594365,46.068092649010964,61.29321270405635,53.931907350989036,57.61256002752269,Prioridade moderada
520130,GO,Anicuns,18306.0,8.0,4.370151862777232,21.0,11.471648639790233,61.688780733819506,23.127561583045704,38.311219266180494,76.8724384169543,57.59182884156739,Prioridade moderada
290990,BA,Curaçá,36127.0,18.0,4.982423118443269,26.0,7.196833393306944,70.33156213510462,14.509266517220464,29.66843786489538,85.49073348277953,57.57958567383746,Prioridade moderada
520390,GO,Buriti Alegre,10930.0,3.0,2.7447392497712717,25.0,22.872827081427268,38.74456153179208,46.113050836408604,61.25543846820792,53.886949163591396,57.57119381589966,Prioridade moderada
251530,PB,Sapé,53457.0,21.0,3.9283910432684213,78.0,14.59116673213985,55.45291360902056,29.416705284675,44.54708639097944,70.583294715325,57.56519055315222,Prioridade moderada
110020,RO,Porto Velho,517709.0,61.0,1.1782681004193476,1754.0,33.88003685468091,16.632356214328727,68.3042745987397,83.36764378567128,31.695725401260304,57.53168459346579,Prioridade moderada
230260,CE,Camocim,65251.0,24.0,3.6781045501218372,107.0,16.398216119293192,51.91988567745934,33.05982993896689,48.08011432254066,66.94017006103311,57.51014219178688,Prioridade moderada
313005,MG,Icaraí de Minas,10914.0,6.0,5.497526113249038,4.0,3.665017408832692,77.60272265759345,7.388904462407124,22.397277342406554,92.61109553759287,57.504186439999714,Prioridade moderada
240540,RN,Japi,5219.0,3.0,5.74822762981414,1.0,1.9160758766047137,81.14160903285828,3.862928880183529,18.858390967141716,96.13707111981647,57.49773104347909,Prioridade moderada
110008,RO,Costa Marques,13510.0,3.0,2.2205773501110286,36.0,26.646928201332344,31.34552609492875,53.721874887076396,68.65447390507126,46.278125112923604,57.46629950899743,Prioridade moderada
311120,MG,Campo Belo,54027.0,18.0,3.331667499583542,102.0,18.879449164306738,47.02960270336915,38.06215103964943,52.97039729663085,61.93784896035057,57.45412312849071,Prioridade moderada
210170,MA,Barreirinhas,68234.0,32.0,4.68974411583668,64.0,9.37948823167336,66.20012428486092,18.90963526751153,33.79987571513908,81.09036473248847,57.445120223813774,Prioridade moderada
291580,BA,Itambé,25088.0,8.0,3.1887755102040813,50.0,19.929846938775512,45.012548633342625,40.1798186895684,54.987451366657375,59.8201813104316,57.40381633854449,Prioridade moderada
240980,RN,Pedro Velho,14197.0,7.0,4.930619144889765,11.0,7.7481157991124885,69.60030059865727,15.62068634799297,30.39969940134273,84.37931365200703,57.38950652667488,Prioridade moderada
421400,SC,Presidente Getúlio,21764.0,6.0,2.7568461679838268,50.0,22.973718066531887,38.9154620053747,46.316453376396424,61.0845379946253,53.683546623603576,57.384042309114434,Prioridade moderada
431010,RS,Igrejinha,34776.0,13.0,3.7382102599493905,56.0,16.10305958132045,52.768333985625496,32.4647758867598,47.231666014374504,67.53522411324019,57.38344506380734,Prioridade moderada
211150,MA,São Mateus do Maranhão,40177.0,11.0,2.7378848594967273,93.0,23.147571993926874,38.64780540248867,46.66695377424992,61.35219459751133,53.33304622575008,57.342620411630705,Prioridade moderada
412120,PR,Quitandinha,18882.0,8.0,4.23683931786887,24.0,12.71051795360661,59.806949481691554,25.625199651322323,40.193050518308446,74.37480034867768,57.28392543349307,Prioridade moderada
270100,AL,Boca da Mata,21479.0,11.0,5.121281251454909,14.0,6.517994320033521,72.29167454982947,13.140684462008927,27.708325450170534,86.85931553799108,57.28382049408081,Prioridade moderada
250080,PB,Araçagi,16991.0,10.0,5.885468777588135,2.0,1.177093755517627,83.07889618866604,2.373094676673279,16.921103811333964,97.62690532332672,57.274004567330344,Prioridade moderada
314220,MG,Miraí,13921.0,5.0,3.5916959988506574,24.0,17.240140794483153,50.70014816254669,34.757202773957914,49.29985183745331,65.24279722604209,57.271324531747695,Prioridade moderada
170210,TO,Araguaína,183024.0,23.0,1.2566657924643763,615.0,33.60215053763441,17.739012959096822,67.74403839273468,82.26098704090317,32.25596160726532,57.25847432408425,Prioridade moderada
240120,RN,Arês,13681.0,7.0,5.116585044952854,9.0,6.578466486367955,72.22538320291918,13.262600133842595,27.774616797080824,86.7373998661574,57.256008331619114,Prioridade moderada
170770,TO,Filadélfia,7784.0,4.0,5.138746145940391,5.0,6.423432682425488,72.53820786955934,12.950042282681034,27.461792130440656,87.04995771731896,57.25587492387981,Prioridade moderada
140045,RR,Pacaraima,23112.0,12.0,5.192107995846314,14.0,6.057459328487366,73.29146028772715,12.212217097589551,26.708539712272852,87.78778290241044,57.24816130734165,Prioridade moderada
314790,MG,Passos,116951.0,30.0,2.5651768689451138,286.0,24.454686150610083,36.209870590459886,49.30217771668358,63.790129409540114,50.69782228331642,57.24397584642827,Prioridade moderada
315120,MG,Pirapora,57713.0,20.0,3.465423734687159,105.0,18.193474607107586,48.917697057565015,36.67918340228671,51.082302942434985,63.32081659771329,57.20155977007414,Prioridade moderada
241120,RN,Santa Cruz,39101.0,8.0,2.0459834786834095,110.0,28.132272831896884,28.880970310562383,56.716422618975535,71.11902968943761,43.283577381024465,57.201303535231034,Prioridade moderada
292500,BA,Planalto,24026.0,10.0,4.162157662532257,32.0,13.318904520103223,58.752748070491336,26.851745043773036,41.247251929508664,73.14825495622696,57.197753442867814,Prioridade moderada
312200,MG,Divino,21428.0,8.0,3.7334328915437744,35.0,16.333768900504015,52.70089696253966,32.92990031261547,47.29910303746034,67.07009968738453,57.184601362422434,Prioridade moderada
230533,CE,Ibicuitinga,12008.0,6.0,4.996668887408394,9.0,7.495003331112591,70.53265448742295,15.110395772076993,29.467345512577054,84.889604227923,57.17847487025003,Prioridade moderada
210825,MA,Pedro do Rosário,24955.0,10.0,4.007212983370066,36.0,14.425966740132239,56.56555901188639,29.083651762147955,43.43444098811361,70.91634823785205,57.17539461298283,Prioridade moderada
210317,MA,Centro Novo do Maranhão,16477.0,8.0,4.855252776597681,14.0,8.496692359045943,68.53643382371183,17.129863540662118,31.463566176288168,82.87013645933789,57.16685131781303,Prioridade moderada
231355,CE,Tururu,15524.0,8.0,5.15331100231899,10.0,6.441638752898738,72.74380443914582,12.98674686013775,27.25619556085418,87.01325313986226,57.13472435035822,Prioridade moderada
316890,MG,Tiros,8231.0,3.0,3.6447576236180295,14.0,17.00886891021747,51.44916262209785,34.29094418168992,48.55083737790215,65.70905581831008,57.129946598106116,Prioridade moderada
293130,BA,Tapiramutá,16226.0,5.0,3.081474177246395,34.0,20.954024405275486,43.497889964921264,42.24462455768806,56.502110035078736,57.75537544231194,57.12874273869534,Prioridade moderada
251600,PB,Solânea,27748.0,12.0,4.324636009802508,34.0,12.253135361107107,61.04628190031532,24.70308772066623,38.95371809968468,75.29691227933377,57.12531518950922,Prioridade moderada
500348,MS,Dois Irmãos do Buriti,11521.0,5.0,4.339901050256055,14.0,12.151722940716953,61.26176222296784,24.498633934510003,38.73823777703216,75.50136606549,57.119801921261086,Prioridade moderada
311450,MG,Carmópolis de Minas,18561.0,7.0,3.771348526480254,30.0,16.162922256343947,53.23611161031935,32.58546278596709,46.76388838968065,67.41453721403292,57.08921280185679,Prioridade moderada
220202,PI,Buriti dos Montes,7517.0,2.0,2.660635891978183,18.0,23.945723027803645,37.55736397875815,48.276076208886664,62.44263602124185,51.723923791113336,57.083279906177594,Prioridade moderada
220910,PI,Santa Cruz do Piauí,5872.0,2.0,3.4059945504087192,11.0,18.732970027247955,48.078798540246076,37.7668399322984,51.921201459753924,62.2331600677016,57.07718076372776,Prioridade moderada
210637,MA,Maranhãozinho,14092.0,6.0,4.257734885041158,18.0,12.773204655123473,60.101909954937184,25.75157996467507,39.898090045062816,74.24842003532493,57.07325504019387,Prioridade moderada
150540,PA,Ourém,18783.0,8.0,4.259170526539957,24.0,12.777511579619869,60.122175377378476,25.760262993998197,39.877824622621524,74.2397370060018,57.05878081431166,Prioridade moderada
521450,GO,Nerópolis,34273.0,5.0,1.4588743325649929,111.0,32.38701018294284,20.593375618440533,65.29423939107285,79.40662438155947,34.70576060892715,57.05619249524331,Prioridade moderada
231070,CE,Pentecoste,39903.0,17.0,4.260331303410771,51.0,12.780993910232313,60.138560828528234,25.767283590446077,39.861439171471766,74.23271640955392,57.047077790512844,Prioridade moderada
290205,BA,Araçás,11953.0,4.0,3.346440224211495,23.0,19.242031289216097,47.238133527704335,38.7931392947871,52.761866472295665,61.2068607052129,56.98436358875428,Prioridade moderada
312400,MG,Ervália,21091.0,10.0,4.741358873453131,20.0,9.482717746906262,66.92871486139228,19.117752430589192,33.07128513860772,80.88224756941081,56.976766354009264,Prioridade moderada
410345,PR,Cafelândia,20145.0,5.0,2.482005460412013,51.0,25.31645569620253,35.03582837283755,51.03955905234896,64.96417162716244,48.96044094765104,56.96230628740674,Prioridade moderada
330570,RJ,Sumidouro,15693.0,6.0,3.823360734085261,25.0,15.930669725355253,53.97031256515484,32.11722714853412,46.02968743484516,67.88277285146589,56.95623014315552,Prioridade moderada
210850,MA,Pindaré-Mirim,32542.0,14.0,4.302132628603036,41.0,12.599102698051748,60.72862562836564,25.400579523470938,39.27137437163436,74.59942047652906,56.935397424081714,Prioridade moderada
520910,GO,Goiatuba,36984.0,16.0,4.3261951113995245,46.0,12.43781094527363,61.06829007750919,25.075405255818207,38.93170992249081,74.92459474418179,56.9281523333363,Prioridade moderada
411155,PR,Ivaté,6788.0,4.0,5.892751915144372,1.0,1.473187978786093,83.18170448683705,2.9700391611193044,16.81829551316295,97.0299608388807,56.924128176021824,Prioridade moderada
312970,MG,Ibiraci,10996.0,5.0,4.547108039287013,12.0,10.913059294288832,64.18668266376977,22.0014105045593,35.81331733623023,77.9985894954407,56.90595341583546,Prioridade moderada
510780,MT,Santo Antônio de Leverger,16839.0,8.0,4.750875942751945,16.0,9.50175188550389,67.06305719539758,19.15612644520728,32.936942804602424,80.84387355479272,56.89040817969757,Prioridade moderada
291170,BA,Guanambi,93488.0,27.0,2.888071196303269,211.0,22.56974157111073,40.7678260084972,45.502011479740965,59.2321739915028,54.497988520259035,56.865081255880916,Prioridade moderada
353550,SP,Paraguaçu Paulista,42049.0,13.0,3.0916311921805515,89.0,21.165782777236082,43.64126573007949,42.671542687943294,56.35873426992051,57.328457312056706,56.84359579098861,Prioridade moderada
120040,AC,Rio Branco,389001.0,103.0,2.647808103321071,945.0,24.29299667610109,37.3762877446555,48.97620161713095,62.6237122553445,51.02379838286905,56.82375531910678,Prioridade moderada
314310,MG,Monte Carmelo,49500.0,14.0,2.8282828282828283,114.0,23.030303030303028,39.92385727673282,46.43053220459138,60.07614272326718,53.56946779540862,56.8228052593379,Prioridade moderada
522200,GO,Vianópolis,15644.0,5.0,3.196113525952442,32.0,20.45512656609563,45.11613158852035,41.23881529159364,54.88386841147965,58.76118470840636,56.822526559943,Prioridade moderada
211000,MA,Santa Luzia,58839.0,27.0,4.588793147402233,63.0,10.707184010605213,64.7751069508725,21.586353048449226,35.2248930491275,78.41364695155077,56.81927000033914,Prioridade moderada
291700,BA,Itiúba,35490.0,16.0,4.508312200619893,40.0,11.270780501549732,63.63904311712031,22.722598845508973,36.36095688287969,77.27740115449103,56.81917901868536,Prioridade moderada
412788,PR,Tunas do Paraná,6304.0,3.0,4.758883248730965,6.0,9.51776649746193,67.1760878081357,19.188412905150226,32.823912191864295,80.81158709484977,56.81774964335703,Prioridade moderada
311110,MG,Campina Verde,18188.0,7.0,3.8486914449087313,29.0,15.944578843193314,54.32787923901129,32.14526880056396,45.67212076098871,67.85473119943603,56.763425980212375,Prioridade moderada
410800,PR,Florestópolis,11653.0,4.0,3.4325924654595386,22.0,18.87925856002746,48.45425298692611,38.0617667694939,51.54574701307389,61.9382332305061,56.741990121789996,Prioridade moderada
520400,GO,Cabeceiras,7689.0,3.0,3.901677721420211,12.0,15.606710885680844,55.07583008746097,31.464105853574466,44.92416991253903,68.53589414642553,56.73003202948228,Prioridade moderada
291640,BA,Itapetinga,68724.0,22.0,3.2012106396600895,141.0,20.516850008730575,45.18808211558662,41.36325361475722,54.81191788441338,58.63674638524278,56.72433213482808,Prioridade moderada
261100,PE,Petrolândia,36104.0,13.0,3.600709062707733,64.0,17.726567693330377,50.82737598837005,35.737869843878286,49.17262401162995,64.26213015612171,56.71737708387583,Prioridade moderada
420140,SC,Araranguá,76611.0,25.0,3.2632389604625964,154.0,20.101551996449594,46.063669875788875,40.525986831582756,53.936330124211125,59.474013168417244,56.705171646314184,Prioridade moderada
231230,CE,São Benedito,50058.0,21.0,4.195133644971833,68.0,13.584242278956411,59.21823490346022,27.386682571139342,40.78176509653978,72.61331742886065,56.69754126270021,Prioridade moderada
270310,AL,Igaci,24445.0,13.0,5.318060953160155,14.0,5.7271425649417065,75.06940407789374,11.546277830210258,24.930595922106264,88.45372216978974,56.692159045948,Prioridade moderada
510622,MT,Nova Mutum,63455.0,15.0,2.3638799149003233,168.0,26.475455046883617,33.368375820856315,53.37617427647745,66.63162417914369,46.62382572352255,56.62772495133312,Prioridade moderada
510520,MT,Juscimeira,11622.0,5.0,4.302185510239202,15.0,12.906556530717605,60.72937210211774,26.02042569137563,39.27062789788226,73.97957430862436,56.625101103253314,Prioridade moderada
521550,GO,Ouvidor,7665.0,2.0,2.609262883235486,19.0,24.787997390737118,36.832185913675794,49.97415403625296,63.167814086324206,50.02584596374704,56.59683002503562,Prioridade moderada
231400,CE,Várzea Alegre,40878.0,15.0,3.669455452810803,71.0,17.368755809971134,51.79779557983358,35.01649869423961,48.20220442016642,64.9835013057604,56.59285286296341,Prioridade moderada
260990,PE,Ouricuri,68489.0,27.0,3.9422388996773203,106.0,15.476937902436887,55.64838905345949,31.202475397828128,44.35161094654051,68.79752460217188,56.5745677743562,Prioridade moderada
330550,RJ,Saquarema,95315.0,25.0,2.622882022766616,236.0,24.760006294916856,37.024432805477225,49.91772223532466,62.975567194522775,50.08227776467534,56.52892247959906,Prioridade moderada
230300,CE,Caridade,16234.0,7.0,4.311937908094123,21.0,12.935813724282369,60.86703631878386,26.07941002459249,39.13296368121614,73.92058997540751,56.526776828311824,Prioridade moderada
280610,SE,Rosário do Catete,9507.0,4.0,4.2074261070789944,13.0,13.674134848006732,59.39175450264541,27.56791161605258,40.60824549735459,72.43208838394742,56.520166940651,Prioridade moderada
210320,MA,Chapadinha,84395.0,31.0,3.6732033888263524,147.0,17.418093488950767,51.85070120195553,35.115966542741184,48.14929879804447,64.88403345725882,56.516666127651646,Prioridade moderada
250830,PB,Lagoa Seca,29209.0,14.0,4.79304324009723,28.0,9.58608648019446,67.65828803445085,19.32615026597896,32.34171196554915,80.67384973402105,56.5077808497851,Prioridade moderada
410570,PR,Clevelândia,14833.0,2.0,1.3483449066271151,50.0,33.70862266567788,19.033149398525243,67.95869286616949,80.96685060147476,32.041307133830514,56.50407886765264,Prioridade moderada
293100,BA,Tanhaçu,21787.0,10.0,4.589893055491808,24.0,11.015743333180337,64.79063318224743,22.208427953195397,35.20936681775257,77.7915720468046,56.500469432278585,Prioridade moderada
431720,RS,Santa Rosa,79488.0,22.0,2.767713365539452,189.0,23.77717391304348,39.068862662434256,47.936270645293774,60.931137337565744,52.063729354706226,56.497433346135985,Prioridade moderada
500769,MS,São Gabriel do Oeste,32207.0,14.0,4.346881112801565,41.0,12.73015183034744,61.360292333911104,25.66478277557026,38.639707666088896,74.33521722442974,56.48746244525932,Prioridade moderada
241090,RN,Riachuelo,7646.0,3.0,3.923620193565263,12.0,15.694480774261052,55.38556860351653,31.641055441817166,44.61443139648347,68.35894455818283,56.48668797733315,Prioridade moderada
520250,GO,Aruanã,8570.0,3.0,3.500583430571762,16.0,18.66977829638273,49.41400904813156,37.63944144817333,50.58599095186844,62.36055855182667,56.473274751847555,Prioridade moderada
150812,PA,Ulianópolis,39360.0,9.0,2.2865853658536586,107.0,27.184959349593495,32.27729097122617,54.806579353341675,67.72270902877383,45.193420646658325,56.45806483771608,Prioridade moderada
270670,AL,Penedo,60185.0,22.0,3.6553958627565004,106.0,17.612361884190413,51.59933131696559,35.50762378535932,48.40066868303441,64.49237621464067,56.44652244883754,Prioridade moderada
171620,TO,Paranã,10877.0,2.0,1.8387423002666177,33.0,30.33924795439919,25.955567254603746,61.16582258411039,74.04443274539625,38.83417741588961,56.43930508064293,Prioridade moderada
520590,GO,Corumbaíba,9484.0,2.0,2.108814846056516,27.0,28.46900042176297,29.767893824159103,57.39528651342278,70.2321061758409,42.60471348657722,56.41840983120906,Prioridade moderada
311230,MG,Capelinha,41858.0,17.0,4.061350279516461,62.0,14.811983372354149,57.32975757897564,29.86188545061938,42.67024242102436,70.13811454938062,56.40417848520249,Prioridade moderada
500755,MS,Santa Rita do Pardo,7165.0,2.0,2.7913468248429867,17.0,23.726448011165388,39.40247104372993,47.83400405255035,60.59752895627007,52.16599594744965,56.381762451859856,Prioridade moderada
510650,MT,Poconé,31203.0,12.0,3.8457840592250747,51.0,16.344582251706566,54.286838770949906,32.9517007053671,45.713161229050094,67.0482992946329,56.38073026184149,Prioridade moderada
316070,MG,Santos Dumont,43218.0,20.0,4.627701420704336,47.0,10.875098338655189,65.32433361754939,21.924878842307795,34.675666382450615,78.07512115769221,56.37539377007141,Prioridade moderada
350050,SP,Águas de Lindóia,18257.0,7.0,3.8341458070876926,30.0,16.432053458947255,54.12255395733896,33.12804813333709,45.87744604266104,66.87195186666291,56.37469895466198,Prioridade moderada
150810,PA,Tucuruí,96119.0,24.0,2.496904878327906,248.0,25.801350409388363,35.24614759142209,52.01713714008784,64.75385240857791,47.98286285991216,56.36835763424504,Prioridade moderada
291320,BA,Ibotirama,27723.0,10.0,3.6071132272842044,50.0,18.03556613642102,50.91777676087092,36.36083004306503,49.08222323912908,63.63916995693497,56.36069659803202,Prioridade moderada
290840,BA,Conceição do Coité,71601.0,27.0,3.7708970545104115,121.0,16.899205318361474,53.22973866122521,34.069855517479056,46.77026133877479,65.93014448252094,56.350202910647866,Prioridade moderada
432220,RS,Tupanciretã,20324.0,5.0,2.4601456406219246,53.0,26.077543790592404,34.72725657207303,52.5739602814862,65.27274342792697,47.4260397185138,56.34939157322039,Prioridade moderada
353660,SP,Paulo de Faria,7390.0,2.0,2.7063599458728014,18.0,24.357239512855212,38.20280176296684,49.10571919650894,61.79719823703316,50.89428080349106,56.34573952026211,Prioridade moderada
431740,RS,Santiago,50336.0,14.0,2.781309599491418,120.0,23.839796567069293,39.26078622056332,48.0625218348963,60.73921377943668,51.9374781651037,56.33834597227019,Prioridade moderada
313753,MG,Lagoa Grande,9235.0,4.0,4.331348132106118,12.0,12.994044396318353,61.14102978415268,26.196806703642018,38.85897021584732,73.80319329635799,56.331081756102655,Prioridade moderada
290630,BA,Canavieiras,34392.0,12.0,3.489183531053733,65.0,18.899744126541055,49.25308880466241,38.10306695362466,50.74691119533759,61.89693304637534,56.32192212085646,Prioridade moderada
230230,CE,Bela Cruz,34613.0,17.0,4.911449455406928,31.0,8.95617253633028,69.32970250312779,18.056204333516686,30.67029749687221,81.94379566648331,56.30704658167776,Prioridade moderada
230205,CE,Barroquinha,14998.0,8.0,5.334044539271903,9.0,6.000800106680891,75.2950273445326,12.097988560548108,24.7049726554674,87.9020114394519,56.30349204745965,Prioridade moderada
520215,GO,Araguapaz,7152.0,3.0,4.194630872483222,10.0,13.982102908277406,59.2111377995648,28.188794498990266,40.7888622004352,71.81120550100974,56.30003385072247,Prioridade moderada
315300,MG,Pratinha,3691.0,2.0,5.41858574911948,2.0,5.41858574911948,76.48840558881739,10.92420797923481,23.511594411182614,89.07579202076519,56.2936932159739,Prioridade moderada
510320,MT,Colíder,32054.0,10.0,3.1197354464341425,69.0,21.526174580395583,44.03798356341252,43.3981151173573,55.96201643658748,56.6018848826427,56.28195065961509,Prioridade moderada
150750,PA,São João do Araguaia,14293.0,6.0,4.19785909186315,20.0,13.992863639543833,59.25670713530924,28.21048880665758,40.74329286469076,71.78951119334242,56.26640202901659,Prioridade moderada
130040,AM,Barcelos,18210.0,7.0,3.8440417353102694,30.0,16.474464579901152,54.262244239381516,33.21355160737699,45.737755760618484,66.78644839262302,56.26210207662075,Prioridade moderada
210300,MA,Caxias,163546.0,42.0,2.568084820172918,416.0,25.436268695046042,36.25091904170585,51.281109556222596,63.74908095829415,48.718890443777404,56.23398570103578,Prioridade moderada
241335,RN,Serra do Mel,13819.0,6.0,4.341848180041971,18.0,13.025544540125914,61.28924778095194,26.260312964917947,38.71075221904806,73.73968703508206,56.22521962706506,Prioridade moderada
354770,SP,Santo Anastácio,17960.0,6.0,3.34075723830735,36.0,20.044543429844097,47.15791286664671,40.4110539935636,52.84208713335329,59.5889460064364,56.215516569894845,Prioridade moderada
350270,SP,Apiaí,24857.0,9.0,3.6207104638532406,45.0,18.103552319266203,51.10971447187763,36.49789444243081,48.89028552812237,63.50210555756919,56.19619554284578,Prioridade moderada
110094,RO,Cujubim,15877.0,5.0,3.1492095484033507,34.0,21.414624929142786,44.4540380784035,43.173224039368044,55.5459619215965,56.826775960631956,56.186368941114225,Prioridade moderada
411980,PR,Planalto,14722.0,4.0,2.717022143730471,36.0,24.453199293574244,38.3533086575635,49.299180119847996,61.6466913424365,50.700819880152004,56.173755611294254,Prioridade moderada
290410,BA,Boquira,19782.0,9.0,4.549590536851683,23.0,11.626731371954303,64.22172543865446,23.440218076564065,35.77827456134554,76.55978192343593,56.16902824239074,Prioridade moderada
330260,RJ,Mangaratiba,43660.0,18.0,4.122766834631242,64.0,14.658726523133303,58.19670969434093,29.552910051382998,41.80329030565907,70.447089948617,56.12519012713804,Prioridade moderada
421730,SC,Saudades,10799.0,3.0,2.7780350032410412,26.0,24.076303361422354,39.214562231918464,48.53933433351457,60.785437768081536,51.46066566648543,56.12305171728349,Prioridade moderada
352280,SP,Itaporanga,14245.0,4.0,2.808002808002808,34.0,23.86802386802387,39.637585823562645,48.11942984015771,60.362414176437355,51.88057015984229,56.121492168139824,Prioridade moderada
230820,CE,Meruoca,15853.0,7.0,4.415568031287453,20.0,12.615908660821296,62.3298724278772,25.43446139617465,37.6701275721228,74.56553860382535,56.11783308797408,Prioridade moderada
412863,PR,Doutor Ulysses,5744.0,3.0,5.222841225626741,4.0,6.963788300835654,73.72528856937456,14.039433026238049,26.274711430625445,85.96056697376196,56.1176392021937,Prioridade moderada
316690,MG,Serrania,7811.0,3.0,3.8407374215849446,13.0,16.64319549353476,54.21560076078447,33.55372368887618,45.78439923921553,66.44627631112382,56.11533777516968,Prioridade moderada
290650,BA,Candeias,74854.0,30.0,4.007801854276324,116.0,15.496833836535123,56.57387147547057,31.242586846108818,43.42612852452943,68.75741315389118,56.091770839210305,Prioridade moderada
291500,BA,Itaeté,13775.0,7.0,5.081669691470055,11.0,7.985480943738657,71.73252033387568,16.09922933447958,28.267479666124316,83.90077066552041,56.084125165822364,Prioridade moderada
261340,PE,São José da Coroa Grande,19511.0,11.0,5.637845318025729,8.0,4.1002511403823485,79.58345946675142,8.266362903255738,20.41654053324858,91.73363709674426,56.07508881499642,Prioridade moderada
412840,PR,Uraí,10308.0,2.0,1.9402405898331392,31.0,30.07372914241366,27.388310538254263,60.63052004229851,72.61168946174574,39.36947995770149,55.99058470972362,Prioridade moderada
430300,RS,Cachoeira do Sul,82222.0,31.0,3.7702804602174598,142.0,17.27031694680256,53.22103485610952,34.818039785534936,46.77896514389048,65.18196021446506,55.980462679177776,Prioridade moderada
260890,PE,Limoeiro,59236.0,21.0,3.5451414680262,112.0,18.9074211628064,50.04298741976858,38.11854433918424,49.95701258023142,61.88145566081576,55.91923412052359,Prioridade moderada
431060,RS,Itaqui,36811.0,15.0,4.074868925049578,56.0,15.212843986851757,57.52058590400797,30.670045536333134,42.47941409599203,69.32995446366687,55.904684279829446,Prioridade moderada
220196,PI,Brasileira,8684.0,4.0,4.606172270842929,10.0,11.515430677107323,65.02042953208773,23.215828910269273,34.97957046791227,76.78417108973073,55.8818707788215,Prioridade moderada
410440,PR,Cândido de Abreu,15081.0,5.0,3.315430011272462,31.0,20.555666069889266,46.80039536972432,41.44150922326192,53.19960463027568,58.55849077673808,55.879047703506885,Prioridade moderada
500190,MS,Bataguassu,24222.0,11.0,4.541326067211625,29.0,11.972586904467015,64.1050647203281,24.137484474637,35.8949352796719,75.862515525363,55.878725402517446,Prioridade moderada
330412,RJ,Quatis,14165.0,4.0,2.8238616307800917,34.0,24.00282386163078,39.86144793905047,48.39119506339898,60.13855206094953,51.60880493660102,55.87367849877528,Prioridade moderada
410190,PR,Assaí,13477.0,3.0,2.226014691696965,38.0,28.196186094828224,31.422279256695663,56.84527575690122,68.57772074330434,43.15472424309878,55.86622249320156,Prioridade moderada
290405,BA,Bonito,16425.0,8.0,4.87062404870624,16.0,9.74124809741248,68.75341370552815,19.638965796702916,31.246586294471854,80.36103420329708,55.80381024888447,Prioridade moderada
412820,PR,União da Vitória,56560.0,14.0,2.4752475247524752,150.0,26.520509193776522,34.94043379063428,53.46700625621775,65.05956620936573,46.53299374378225,55.796279976573985,Prioridade moderada
410470,PR,Carlópolis,17788.0,4.0,2.24870699347875,50.0,28.10883741848437,31.74260231935293,56.66917535888756,68.25739768064707,43.33082464111244,55.79411116087976,Prioridade moderada
210360,MA,Coroatá,61337.0,20.0,3.2606746335816883,129.0,21.031351386601887,46.02747200357451,42.40052059136314,53.97252799642549,57.59947940863686,55.786003702531175,Prioridade moderada
171190,TO,Lagoa da Confusão,16629.0,6.0,3.6081544290095615,31.0,18.6421312165494,50.93247429700973,37.583703205004085,49.06752570299027,62.416296794995915,55.74191124899309,Prioridade moderada
210675,MA,Miranda do Norte,24373.0,9.0,3.692610675747754,44.0,18.052763303655684,52.124653207543695,36.395500608453,47.875346792456305,63.604499391547,55.73992309200165,Prioridade moderada
311710,MG,Conceição da Aparecida,10705.0,4.0,3.7365716954694066,19.0,17.748715553479684,52.74520411552077,35.782521316009245,47.25479588447923,64.21747868399075,55.736137284234985,Prioridade moderada
314330,MG,Montes Claros,437601.0,140.0,3.1992614276475604,942.0,21.526459034600013,45.160567165026464,43.398688594835306,54.839432834973536,56.601311405164694,55.720372120069115,Prioridade moderada
260765,PE,Itambé,36652.0,17.0,4.63821892393321,42.0,11.45912910618793,65.47279801213473,23.102321419798898,34.52720198786527,76.8976785802011,55.712440284033185,Prioridade moderada
510615,MT,Nova Bandeirantes,14340.0,7.0,4.881450488145049,14.0,9.762900976290098,68.90623902364975,19.68261935561295,31.093760976350254,80.31738064438704,55.70557081036865,Prioridade moderada
110150,RO,Seringueiras,12965.0,3.0,2.3139220979560355,36.0,27.76706517547243,32.66317451156864,55.98014112799091,67.33682548843136,44.01985887200909,55.67834218022023,Prioridade moderada
231180,CE,Russas,74834.0,32.0,4.27613117032365,105.0,14.031055402624476,60.361590726851425,28.287485791166755,39.638409273148575,71.71251420883324,55.67546174099091,Prioridade moderada
315400,MG,Raul Soares,23874.0,9.0,3.7697914048755967,42.0,17.592359889419452,53.21413138256942,35.46729851212487,46.78586861743058,64.53270148787513,55.659285052652855,Prioridade moderada
292045,BA,Mansidão,14542.0,8.0,5.501306560308072,8.0,5.501306560308072,77.65608720350018,11.090978311471785,22.343912796499822,88.90902168852821,55.62646724251402,Prioridade moderada
230420,CE,Crato,139027.0,37.0,2.6613535500298506,353.0,25.390751436771275,37.56749439334814,51.18934391495377,62.43250560665186,48.81065608504623,55.621580845849046,Prioridade moderada
230540,CE,Icó,64745.0,26.0,4.015754112286663,103.0,15.908564367904859,56.68612503464706,32.07266136450409,43.31387496535294,67.92733863549591,55.620606800424426,Prioridade moderada
351600,SP,Flórida Paulista,13175.0,4.0,3.0360531309297913,30.0,22.770398481973434,42.85672941606451,45.906548369664904,57.14327058393549,54.093451630335096,55.61836110713529,Prioridade moderada
510558,MT,Marcelândia,11355.0,4.0,3.522677234698371,22.0,19.37472479084104,49.725883756640236,39.06065769836305,50.274116243359764,60.93934230163695,55.606729272498356,Prioridade moderada
314590,MG,Ouro Branco,40638.0,21.0,5.167577144544515,32.0,7.874403267877356,72.94518437908883,15.87528978841702,27.05481562091117,84.12471021158298,55.589762916247075,Prioridade moderada
293305,BA,Várzea da Roça,14294.0,6.0,4.197565412061005,21.0,14.691478942213516,59.2525615702375,29.618940977979193,40.7474384297625,70.3810590220208,55.56424872589165,Prioridade moderada
510250,MT,Cáceres,91767.0,25.0,2.724290867087297,230.0,25.063475977203133,38.455913485828916,50.52953610672576,61.544086514171084,49.47046389327424,55.50727520372266,Prioridade moderada
330430,RJ,Rio Bonito,59126.0,21.0,3.5517369685079325,114.0,19.28085782904306,50.13608907751941,38.87141602894283,49.86391092248059,61.12858397105717,55.496247446768876,Prioridade moderada
431580,RS,Roca Sales,10646.0,3.0,2.817959797106895,26.0,24.422318241593086,39.778138037054994,49.23692198643845,60.221861962945006,50.76307801356155,55.492469988253276,Prioridade moderada
230210,CE,Baturité,37147.0,12.0,3.2304089159286082,80.0,21.536059439524053,45.600243092845986,43.41804361198016,54.399756907154014,56.58195638801984,55.490856647586924,Prioridade moderada
230750,CE,Lavras da Mangabeira,32163.0,13.0,4.041911513229487,51.0,15.856729782669527,57.05536121270131,31.968159596728217,42.94463878729869,68.03184040327179,55.488239595285236,Prioridade moderada
521210,GO,Joviânia,7247.0,2.0,2.759762660411204,18.0,24.837863943700842,38.9566310236408,50.074688127804755,61.0433689763592,49.925311872195245,55.48434042427722,Prioridade moderada
130220,AM,Juruá,11093.0,4.0,3.6058775804561436,21.0,18.930857297394752,50.9003344502524,38.16579305320784,49.0996655497476,61.83420694679216,55.466936248269874,Prioridade moderada
314400,MG,Mutum,28749.0,12.0,4.174058228112282,43.0,14.957041984069011,58.92073568367421,30.154332689976943,41.07926431632579,69.84566731002306,55.462465813174425,Prioridade moderada
292210,BA,Mundo Novo,17197.0,6.0,3.4889806361574696,34.0,19.77089027155899,49.25022475344391,39.85935210054349,50.74977524655609,60.14064789945651,55.445211573006304,Prioridade moderada
290960,BA,Crisópolis,20346.0,10.0,4.91497100167109,20.0,9.82994200334218,69.37941242217757,19.81777826174957,30.620587577822434,80.18222173825043,55.401404658036434,Prioridade moderada
411320,PR,Lapa,45878.0,13.0,2.833602162256419,112.0,24.412572474824536,39.998944650684685,49.21727391071794,60.001055349315315,50.78272608928206,55.39189071929869,Prioridade moderada
230550,CE,Iguatu,102588.0,32.0,3.1192732093422233,230.0,22.41977619214723,44.03145865455218,45.19967189053206,55.96854134544782,54.80032810946794,55.38443472745788,Prioridade moderada
430270,RS,Butiá,19421.0,10.0,5.149065444621801,16.0,8.238504711394881,72.68387442158615,16.60934108495162,27.316125578413846,83.39065891504838,55.35339224673111,Prioridade moderada
330540,RJ,Sapucaia,18291.0,9.0,4.920452681646712,18.0,9.840905363293423,69.45679146178242,19.839881081526492,30.543208538217584,80.1601189184735,55.35166372834554,Prioridade moderada
241290,RN,São Tomé,10161.0,5.0,4.920775514221041,10.0,9.841551028442082,69.46134854549871,19.84118278287357,30.53865145450129,80.15881721712643,55.34873433581386,Prioridade moderada
290210,BA,Araci,50308.0,25.0,4.969388566430787,48.0,9.54122604754711,70.1475672428652,19.235708826280835,29.852432757134807,80.76429117371916,55.30836196542698,Prioridade moderada
240420,RN,Goianinha,28422.0,16.0,5.629441981563578,14.0,4.92576173386813,79.46483851335584,9.930643922295747,20.535161486644157,90.06935607770426,55.302258782174206,Prioridade moderada
210020,MA,Alcântara,18721.0,9.0,4.807435500240372,20.0,10.68319000053416,67.86144824675297,21.537979622539222,32.13855175324703,78.46202037746077,55.3002860653539,Prioridade moderada
330300,RJ,Miracema,28416.0,13.0,4.574887387387387,35.0,12.317004504504505,64.5788141428812,24.83185191085038,35.4211858571188,75.16814808914962,55.29466697313421,Prioridade moderada
320350,ES,Montanha,19830.0,8.0,4.034291477559253,32.0,16.137165910237012,56.9477972825668,32.53353638031724,43.0522027174332,67.46646361968277,55.25933316855799,Prioridade moderada
310560,MG,Barbacena,129695.0,25.0,1.9275993677474073,401.0,30.918693858668416,27.209867865793296,62.33402179032972,72.7901321342067,37.66597820967028,55.22805517193849,Prioridade moderada
311060,MG,Cambuí,31066.0,14.0,4.506534474988734,40.0,12.875812785682097,63.61394885721609,25.958444377361538,36.38605114278391,74.04155562263847,55.21380338271119,Prioridade moderada
521080,GO,Itajá,4276.0,1.0,2.3386342376052385,12.0,28.06361085126286,33.01200947478075,56.57799576897429,66.98799052521926,43.42200423102571,55.204997378122485,Prioridade moderada
220553,PI,Jurema,4501.0,1.0,2.221728504776716,13.0,28.882470562097314,31.361775719653956,58.228868192359904,68.63822428034604,41.771131807640096,55.20467804399307,Prioridade moderada
240860,RN,Paraná,4048.0,2.0,4.940711462450593,4.0,9.881422924901186,69.74276309988264,19.92156702142079,30.257236900117363,80.07843297857922,55.16783493934829,Prioridade moderada
351200,SP,Colina,18880.0,6.0,3.1779661016949152,42.0,22.24576271186441,44.859963722721126,44.848849824071465,55.140036277278874,55.151150175928535,55.14559322660371,Prioridade moderada
421540,SC,Salto Veloso,4495.0,1.0,2.224694104560623,13.0,28.921023359288096,31.403637934185202,58.30659304422956,68.5963620658148,41.69340695577044,55.14488451079262,Prioridade moderada
354490,SP,Sales Oliveira,11683.0,5.0,4.279722673970727,17.0,14.55105709150047,60.41228815978879,29.3358417389817,39.58771184021121,70.6641582610183,55.12593505061476,Prioridade moderada
291480,BA,Itabuna,196344.0,37.0,1.8844477040296623,615.0,31.322576702114656,26.60074177476272,63.14827487874277,73.39925822523728,36.85172512125723,55.125491673247254,Prioridade moderada
352880,SP,Maracaí,12804.0,5.0,3.9050296782255547,22.0,17.18213058419244,55.12314609269075,34.64025055958391,44.87685390730925,65.3597494404161,55.118301673862675,Prioridade moderada
240730,RN,Marcelino Vieira,8083.0,3.0,3.711493257453916,15.0,18.557466287269577,52.39119850828745,37.413013409027286,47.60880149171255,62.586986590972714,55.09789404134263,Prioridade moderada
410200,PR,Assis Chateaubriand,38357.0,13.0,3.389211877884089,80.0,20.856688479286703,47.84189542154267,42.04838923936249,52.15810457845733,57.95161076063751,55.05485766954742,Prioridade moderada
353520,SP,Palmeira d'Oeste,8971.0,4.0,4.458811726674841,12.0,13.376435180024522,62.94029763199753,26.967730454590793,37.05970236800247,73.0322695454092,55.045985956705834,Prioridade moderada
292130,BA,Milagres,11436.0,5.0,4.372158097236796,16.0,13.990905911157748,61.71710060954988,28.206541903711564,38.28289939045012,71.79345809628843,55.03817874336927,Prioridade moderada
430230,RS,Bom Jesus,11429.0,4.0,3.4998687549216903,23.0,20.12424534079972,49.40392073292938,40.571738034000376,50.59607926707062,59.428261965999624,55.01217061653512,Prioridade moderada
311840,MG,Conselheiro Pena,21052.0,7.0,3.32509975299259,45.0,21.375641269238077,46.936892817743555,43.09463054130262,53.063107182256445,56.90536945869738,54.98423832047691,Prioridade moderada
210255,MA,Campestre do Maranhão,12536.0,5.0,3.98851308232291,21.0,16.751754945756222,56.301592419496835,33.77258633848393,43.698407580503165,66.22741366151607,54.96291062100961,Prioridade moderada
522170,GO,Uruana,13857.0,6.0,4.329941545789132,20.0,14.433138485963774,61.12117450277657,29.098110450570598,38.87882549722343,70.9018895494294,54.890357523326415,Prioridade moderada
314770,MG,Passa Tempo,8716.0,4.0,4.5892611289582375,11.0,12.620468104635153,64.78171294821591,25.443653520245093,35.21828705178409,74.55634647975491,54.8873167657695,Prioridade moderada
280020,SE,Aquidabã,20556.0,8.0,3.891807744697412,36.0,17.513134851138354,54.936506135108964,35.30757587684385,45.063493864891036,64.69242412315614,54.87795899402359,Prioridade moderada
521770,GO,Pontalina,18763.0,8.0,4.263710494057453,28.0,14.922986729201087,60.18626126489899,30.085675164897907,39.81373873510101,69.9143248351021,54.86403178510155,Prioridade moderada
316430,MG,São Roque de Minas,7370.0,3.0,4.07055630936228,12.0,16.28222523744912,57.45970930020182,32.82598506216202,42.54029069979818,67.17401493783798,54.85715281881808,Prioridade moderada
261080,PE,Pedra,23671.0,12.0,5.0694943179417855,22.0,9.294072916226606,71.56065354948882,18.7374326460611,28.43934645051118,81.26256735393889,54.850956902225036,Prioridade moderada
261640,PE,Vitória de Santo Antão,144243.0,47.0,3.258390355164549,317.0,21.976803033769404,45.99522727734196,44.30661028084465,54.00477272265804,55.69338971915535,54.8490812209067,Prioridade moderada
291800,BA,Jequié,169201.0,34.0,2.009444388626545,520.0,30.73267888487657,28.365186881174015,61.95900396187065,71.63481311882599,38.04099603812935,54.83790457847767,Prioridade moderada
240720,RN,Macau,28350.0,11.0,3.880070546737213,50.0,17.636684303350968,54.77082460866974,35.55665930454644,45.22917539133026,64.44334069545356,54.83625804339191,Prioridade moderada
355330,SP,Tambaú,21650.0,10.0,4.618937644341801,27.0,12.471131639722863,65.20062471785796,25.142581861122476,34.79937528214204,74.85741813887752,54.82839671050978,Prioridade moderada
240990,RN,Pendências,12499.0,6.0,4.800384030722458,14.0,11.200896071685735,67.76191015961076,22.58170746135609,32.238089840389236,77.41829253864391,54.82819118951657,Prioridade moderada
240370,RN,Felipe Guerra,6472.0,2.0,3.0902348578491963,15.0,23.176761433868972,43.62155516506875,46.725801511923294,56.37844483493125,53.274198488076706,54.82632166150398,Prioridade moderada
311930,MG,Coromandel,30114.0,15.0,4.981071926678622,30.0,9.962143853357244,70.31248879964261,20.08430546491118,29.68751120035739,79.91569453508882,54.801602867723105,Prioridade moderada
290360,BA,Biritinga,15603.0,8.0,5.127219124527334,14.0,8.972633467922835,72.37549318165095,18.089390601774642,27.624506818349047,81.91060939822536,54.767558108287204,Prioridade moderada
292890,BA,São Desidério,34982.0,18.0,5.145503401749472,31.0,8.861700303012979,72.63359285503759,17.86574239883406,27.36640714496241,82.13425760116594,54.750332373064175,Prioridade moderada
352290,SP,Itapuí,14035.0,4.0,2.8500178126113287,35.0,24.93765586034913,40.23066690820448,50.27587487700209,59.76933309179552,49.72412512299791,54.74672910739672,Prioridade moderada
330380,RJ,Paraty,47668.0,21.0,4.405471175631451,67.0,14.055550893681296,62.187345867194175,28.336870234128035,37.812654132805825,71.66312976587196,54.73789194933889,Prioridade moderada
240895,RN,Rio do Fogo,10692.0,6.0,5.611672278338945,6.0,5.611672278338945,79.21400253320004,11.313482505992054,20.785997466799955,88.68651749400794,54.73625748040395,Prioridade moderada
290850,BA,Conceição do Jacuípe,37622.0,17.0,4.518632714900856,50.0,13.290096220296636,63.78472682847169,26.793665708465582,36.21527317152831,73.20633429153442,54.710803731531364,Prioridade moderada
260730,PE,Ipubi,30720.0,13.0,4.231770833333333,47.0,15.299479166666666,59.73540308216511,30.844707480692,40.26459691783489,69.155292519308,54.70994471857145,Prioridade moderada
260690,PE,Iguaracy,11347.0,5.0,4.406451044328898,16.0,14.100643341852471,62.201177630282224,28.42777943164232,37.798822369717776,71.57222056835768,54.685521469037724,Prioridade moderada
330030,RJ,Barra do Piraí,98506.0,28.0,2.8424664487442386,247.0,25.074614744279533,40.12407234479675,50.55199255824443,59.87592765520325,49.44800744175557,54.66196754847941,Prioridade moderada
315150,MG,Piumhi,38007.0,16.0,4.209750835372431,59.0,15.52345620543584,59.4245702167127,31.29625920790887,40.5754297832873,68.70374079209112,54.639585287689215,Prioridade moderada
431530,RS,Quaraí,23995.0,8.0,3.3340279224838505,52.0,21.67118149614503,47.06292228019586,43.690458134413326,52.93707771980414,56.309541865586674,54.62330979269541,Prioridade moderada
270010,AL,Água Branca,19550.0,9.0,4.603580562659847,25.0,12.787723785166241,64.98384514718477,25.78085143948573,35.016154852815234,74.21914856051427,54.61765170666475,Prioridade moderada
231360,CE,Ubajara,34424.0,15.0,4.3574250522891,50.0,14.524750174297003,61.509129901011995,29.282805347545082,38.490870098988005,70.71719465245492,54.60403237572146,Prioridade moderada
210340,MA,Coelho Neto,42841.0,12.0,2.8010550640741347,109.0,25.442916832006723,39.539511920122074,51.29451261639281,60.460488079877926,48.70548738360719,54.58298773174256,Prioridade moderada
510030,MT,Alto Araguaia,17751.0,8.0,4.5067883499521155,24.0,13.520365049856345,63.617532539761136,27.257902079672586,36.382467460238864,72.74209792032741,54.56228269028314,Prioridade moderada
150775,PA,Sapucaia,6212.0,2.0,3.219575016097875,14.0,22.537025112685125,45.447312464315026,45.43605305207497,54.552687535684974,54.56394694792503,54.558317241805,Prioridade moderada
313290,MG,Itamogi,11092.0,5.0,4.507753335737468,15.0,13.523260007212405,63.63115421662571,27.263738494876264,36.36884578337429,72.73626150512374,54.552553644249016,Prioridade moderada
290260,BA,Baixa Grande,18628.0,6.0,3.2209576980888985,42.0,22.54670388662229,45.46683031377361,45.45556606605482,54.53316968622639,54.54443393394518,54.538801810085786,Prioridade moderada
421500,SC,Rio Negrinho,40132.0,12.0,2.990132562543606,97.0,24.170238213894148,42.20851764601689,48.728712874781976,57.79148235398311,51.271287125218024,54.53138473960057,Prioridade moderada
310710,MG,Boa Esperança,41443.0,17.0,4.102019641435224,68.0,16.408078565740897,57.903843658537326,33.07971324822269,42.096156341462674,66.92028675177731,54.50822154661999,Prioridade moderada
410790,PR,Floresta,11522.0,4.0,3.471619510501649,24.0,20.829717063009895,49.00515622779464,41.994013176207964,50.99484377220536,58.005986823792036,54.5004152979987,Prioridade moderada
241230,RN,São José do Campestre,11298.0,5.0,4.42556204637989,16.0,14.161798548415648,62.47094729782372,28.551072155323542,37.52905270217628,71.44892784467646,54.48899027342637,Prioridade moderada
241440,RN,Touros,34767.0,18.0,5.177323323841574,31.0,8.916501279949378,73.08276081499481,17.976224597923693,26.917239185005187,82.02377540207631,54.47050729354075,Prioridade moderada
521680,GO,Petrolina de Goiás,9519.0,2.0,2.101061035823091,29.0,30.465385019434812,29.658441540952303,61.420122801203625,70.34155845904769,38.579877198796375,54.46071782892203,Prioridade moderada
521830,GO,Posse,36291.0,14.0,3.857705767270122,66.0,18.186327188559147,54.45512482980007,36.66477375918926,45.54487517019993,63.33522624081074,54.440050705505335,Prioridade moderada
170820,TO,Formoso do Araguaia,19473.0,7.0,3.5947208955990346,39.0,20.027730704051763,50.742847409189,40.377158486182694,49.257152590811,59.622841513817306,54.439997052314155,Prioridade moderada
520530,GO,Cavalcante,9730.0,4.0,4.110996916752312,16.0,16.44398766700925,58.03056629564747,33.152108243663456,41.96943370435253,66.84789175633654,54.40866273034453,Prioridade moderada
130002,AM,Alvarães,16806.0,6.0,3.570153516601214,34.0,20.23086992740688,50.39605587795876,40.786699873440824,49.60394412204124,59.213300126559176,54.40862212430021,Prioridade moderada
316370,MG,São Lourenço,46868.0,16.0,3.413843133907997,100.0,21.336519586924982,48.18958863673721,43.01575878142408,51.81041136326279,56.98424121857592,54.39732629091935,Prioridade moderada
250840,PB,Lastro,3316.0,1.0,3.01568154402895,8.0,24.1254523522316,42.569165414403635,48.638421774856056,57.430834585596365,51.361578225143944,54.39620640537015,Prioridade moderada
420730,SC,Imbituba,57256.0,26.0,4.541008802570909,77.0,13.448372222998463,64.10058623320218,27.112760035231133,35.89941376679782,72.88723996476887,54.393326865783344,Prioridade moderada
241410,RN,Tenente Ananias,10610.0,3.0,2.827521206409048,27.0,25.44769085768143,39.91310627167648,51.30413735092381,60.08689372832352,48.69586264907619,54.39137818869985,Prioridade moderada
211050,MA,São Bento,48166.0,24.0,4.982767927583772,50.0,10.380766515799527,70.33642943860605,20.92827495087597,29.663570561393954,79.07172504912403,54.36764780525899,Prioridade moderada
410560,PR,Cidade Gaúcha,11705.0,5.0,4.271678769756514,18.0,15.378043571123452,60.298740928732364,31.00309823683905,39.701259071267636,68.99690176316095,54.349080417214296,Prioridade moderada
261130,PE,Pombos,26942.0,15.0,5.567515403459283,17.0,6.309850790587187,78.59068694649385,12.721054080488575,21.409313053506153,87.27894591951143,54.34412948650879,Prioridade moderada
170930,TO,Guaraí,25831.0,8.0,3.097053927451512,61.0,23.615036196817776,43.717812710049934,47.60939086238814,56.282187289950066,52.39060913761186,54.33639821378097,Prioridade moderada
351070,SP,Cardoso,11476.0,6.0,5.228302544440571,10.0,8.71383757406762,73.80238019213792,17.567641883650957,26.197619807862083,82.43235811634904,54.31498896210556,Prioridade moderada
290640,BA,Candeal,7940.0,4.0,5.037783375314861,8.0,10.075566750629722,71.11302393660579,20.31297312410865,28.886976063394215,79.68702687589135,54.28700146964278,Prioridade moderada
241220,RN,São José de Mipibu,50053.0,22.0,4.395340938605078,73.0,14.584540387189579,62.0443480972484,29.403346158561565,37.9556519027516,70.59665384143844,54.27615287209502,Prioridade moderada
291875,BA,Lagoa Real,14550.0,7.0,4.810996563573883,17.0,11.683848797250858,67.91171598619499,23.55537038051706,32.08828401380501,76.44462961948294,54.266456816643974,Prioridade moderada
431490,RS,Porto Alegre,1388794.0,174.0,1.2528855971439967,5083.0,36.60010051886745,17.68565196671664,73.78809317430839,82.31434803328335,26.211906825691614,54.26312742948748,Prioridade moderada
260570,PE,Floresta,31702.0,13.0,4.100687653775787,53.0,16.718188126932056,57.88504140698102,33.7049135310367,42.11495859301898,66.29508646896329,54.20502253099114,Prioridade moderada
520725,GO,Doverlândia,6823.0,1.0,1.465630954125751,24.0,35.17514289901803,20.68875165091052,70.91528943518513,79.31124834908948,29.08471056481487,54.197979456952176,Prioridade moderada
290020,BA,Abaré,18269.0,8.0,4.379002682139142,27.0,14.779134052219607,61.813718326854215,29.795659165433335,38.186281673145785,70.20434083456666,54.195311253856225,Prioridade moderada
270440,AL,Major Isidoro,17828.0,7.0,3.9264078976890286,32.0,17.949293246578417,55.42491965442772,36.18689849796336,44.57508034557228,63.81310150203664,54.19409092380446,Prioridade moderada
240320,RN,Doutor Severiano,7262.0,3.0,4.131093362709997,12.0,16.524373450839988,58.314246425569735,33.31417101461499,41.685753574430265,66.685828985385,54.18579127990763,Prioridade moderada
130014,AM,Apuí,21781.0,8.0,3.6729259446306415,43.0,19.7419769523897,51.84678481765299,39.80106103962844,48.15321518234701,60.19893896037156,54.17607707135929,Prioridade moderada
210240,MA,Cajapió,10336.0,4.0,3.8699690402476783,19.0,18.38235294117647,54.6282323971217,37.05997394426073,45.3717676028783,62.94002605573927,54.15589682930879,Prioridade moderada
314870,MG,Pedra Azul,25045.0,8.0,3.194250349371132,58.0,23.15831503294071,45.08983110853663,46.68861241322878,54.91016889146337,53.31138758677122,54.110778239117295,Prioridade moderada
354150,SP,Presidente Venceslau,35810.0,13.0,3.630270874057526,72.0,20.106115610164757,51.24466860329831,40.535187362435195,48.75533139670169,59.464812637564805,54.11007201713325,Prioridade moderada
291240,BA,Ibipeba,17134.0,9.0,5.252713902182794,15.0,8.754523170304658,74.1469693374263,17.64966659187391,25.8530306625737,82.35033340812609,54.101682035349896,Prioridade moderada
520490,GO,Campos Belos,18227.0,6.0,3.2918198277280957,41.0,22.494102156141988,46.467115547537986,45.34951768545517,53.532884452462014,54.65048231454483,54.09168338350342,Prioridade moderada
421950,SC,Xanxerê,54891.0,16.0,2.914867646790913,138.0,25.140733453571624,41.14608296854857,50.68529201405588,58.85391703145143,49.31470798594412,54.08431250869778,Prioridade moderada
310890,MG,Brazópolis,14491.0,6.0,4.140501000621075,24.0,16.5620040024843,58.44704403319129,33.39003656174647,41.55295596680871,66.60996343825353,54.08145970253112,Prioridade moderada
355230,SP,Sud Mennucci,7464.0,2.0,2.679528403001072,20.0,26.795284030010716,37.82404944109391,54.02096952218069,62.17595055890609,45.97903047781931,54.077490518362694,Prioridade moderada
313860,MG,Lima Duarte,17782.0,8.0,4.498931503767855,25.0,14.059160949274547,63.50662580774377,28.34414833213058,36.49337419225623,71.65585166786943,54.07461293006283,Prioridade moderada
312360,MG,Elói Mendes,27429.0,12.0,4.374931641693099,41.0,14.947683109118087,61.75625178351197,30.135464612373447,38.24374821648803,69.86453538762655,54.05414180205729,Prioridade moderada
432110,RS,Tapes,14920.0,6.0,4.021447721179625,26.0,17.42627345844504,56.766495649127,35.13245787316513,43.233504350873,64.86754212683488,54.05052323885394,Prioridade moderada
260805,PE,Jatobá,14477.0,7.0,4.835255923188506,17.0,11.742764384886373,68.25415953575585,23.674147892279013,31.745840464244154,76.32585210772099,54.03584628598257,Prioridade moderada
220530,PI,Jerumenha,4606.0,2.0,4.342162396873643,7.0,15.19756838905775,61.29368324540273,30.639248975194285,38.70631675459727,69.36075102480572,54.033533889701495,Prioridade moderada
150320,PA,Igarapé-Açu,37925.0,18.0,4.746209624258405,47.0,12.392880685563611,66.99718774568029,24.98482304039178,33.00281225431971,75.01517695960823,54.00899460696397,Prioridade moderada
210920,MA,Presidente Juscelino,11616.0,5.0,4.304407713498622,18.0,15.495867768595042,60.76074057944321,31.2406391926826,39.23925942055679,68.75936080731739,53.99931011393709,Prioridade moderada
220770,PI,Parnaíba,170491.0,39.0,2.2875107776950103,505.0,29.620331865025133,32.29035402485959,59.71644275631739,67.7096459751404,40.28355724368261,53.996601609411506,Prioridade moderada
220640,PI,Monsenhor Gil,10513.0,5.0,4.756016360696281,13.0,12.365642537810329,67.13561900226503,24.929909229887937,32.86438099773497,75.07009077011206,53.967235883923514,Prioridade moderada
312090,MG,Curvelo,84297.0,30.0,3.5588455105163885,175.0,20.759932144678935,50.23643279624274,41.85332241353336,49.76356720375726,58.14667758646664,53.95512239511195,Prioridade moderada
420850,SC,Ituporanga,28461.0,10.0,3.5135799866483963,60.0,21.081479919890377,49.59746759220073,42.50158285164507,50.40253240779927,57.49841714835493,53.9504747780771,Prioridade moderada
293160,BA,Teolândia,15978.0,7.0,4.381023907873326,24.0,15.020653398422832,61.84224981844645,30.28257728227989,38.15775018155355,69.71742271772011,53.93758644963683,Prioridade moderada
210409,MA,Formosa da Serra Negra,18150.0,10.0,5.509641873278237,13.0,7.1625344352617075,77.7737479416873,14.4401176712844,22.226252058312696,85.5598823287156,53.89306719351415,Prioridade moderada
313865,MG,Lontra,8963.0,5.0,5.578489345085351,6.0,6.694187214102421,78.74559439594024,13.495900363055563,21.254405604059755,86.50409963694443,53.87925262050209,Prioridade moderada
431020,RS,Ijuí,87848.0,25.0,2.845824606137875,227.0,25.840087423731898,40.17147587712939,52.09523338526624,59.82852412287061,47.90476661473376,53.86664536880218,Prioridade moderada
412560,PR,São Mateus do Sul,43490.0,23.0,5.288572085536905,38.0,8.737640836974018,74.65314113188633,17.61563075133957,25.34685886811367,82.38436924866043,53.86561405838705,Prioridade moderada
312595,MG,Fervedouro,10705.0,5.0,4.670714619336758,14.0,13.078000934142924,65.93150514440096,26.366068338112076,34.06849485559904,73.63393166188793,53.851213258743485,Prioridade moderada
292595,BA,Rafael Jambeiro,20081.0,10.0,4.979831681689158,22.0,10.95562969971615,70.29498158167544,22.087235106066057,29.705018418324556,77.91276489393394,53.80889165612925,Prioridade moderada
251370,PB,Santa Rita,160852.0,49.0,3.0462785666326813,394.0,24.494566433740335,43.00107100436402,49.382578863284685,56.99892899563598,50.617421136715315,53.80817506617565,Prioridade moderada
240800,RN,Mossoró,278587.0,53.0,1.9024577600534125,906.0,32.52125906808286,26.85497055946836,65.56489354515509,73.14502944053164,34.43510645484491,53.79006794768828,Prioridade moderada
291180,BA,Guaratinga,19413.0,9.0,4.6360686138154845,26.0,13.393087106578067,65.44244437374246,27.001301780643068,34.55755562625754,72.99869821935692,53.77812692280723,Prioridade moderada
510420,MT,Guiratinga,10252.0,6.0,5.852516582130316,5.0,4.8770971517752635,82.61374513119146,9.83253307924202,17.386254868808535,90.16746692075797,53.776860894783255,Prioridade moderada
290830,BA,Conceição do Almeida,16134.0,6.0,3.718854592785422,32.0,19.833891161522253,52.495110641190955,39.98636583746689,47.504889358809045,60.01363416253311,53.75926176067108,Prioridade moderada
240620,RN,Lagoa d'Anta,6756.0,3.0,4.440497335701599,10.0,14.801657785671996,62.681772874850125,29.841068421666428,37.318227125149875,70.15893157833358,53.73857935174173,Prioridade moderada
315520,MG,Rio Espera,5447.0,1.0,1.8358729575913346,18.0,33.04571323664402,25.91506379918533,66.62222597066294,74.08493620081467,33.37777402933706,53.731355115075864,Prioridade moderada
355300,SP,Taguaí,13068.0,5.0,3.8261401897765537,25.0,19.13070094888277,54.0095471817273,38.56869036133655,45.9904528182727,61.43130963866345,53.710881228468075,Prioridade moderada
421870,SC,Tubarão,116725.0,37.0,3.1698436496037696,277.0,23.730991647033626,44.74530771491978,47.843164306813115,55.25469228508022,52.156835693186885,53.70576398913355,Prioridade moderada
293135,BA,Teixeira de Freitas,153738.0,45.0,2.9270577215782696,391.0,25.43287931415785,41.31815727495682,51.274276352235844,58.68184272504318,48.725723647764156,53.70378318640367,Prioridade moderada
280210,SE,Estância,67060.0,17.0,2.5350432448553533,189.0,28.183716075156575,35.78450630391831,56.820135416837324,64.2154936960817,43.179864583162676,53.69767913962218,Prioridade moderada
330220,RJ,Itaperuna,107297.0,29.0,2.702778269662712,290.0,27.027782696627117,38.152243053493684,54.489701384442924,61.847756946506316,45.510298615557076,53.67902778103169,Prioridade moderada
250630,PB,Guarabira,60057.0,25.0,4.162712090180994,101.0,16.81735684433122,58.76057433528251,33.90484387154639,41.23942566471749,66.09515612845361,53.66729089658555,Prioridade moderada
230580,CE,Ipu,43084.0,19.0,4.409989787392071,65.0,15.086807167393928,62.251130298233385,30.415947420598354,37.748869701766615,69.58405257940164,53.66646114058413,Prioridade moderada
353475,SP,Ouroeste,10660.0,3.0,2.8142589118198873,28.0,26.26641651031895,39.72589657997068,52.95473950459469,60.27410342002932,47.04526049540531,53.65968195771731,Prioridade moderada
290323,BA,Barro Alto,13922.0,6.0,4.3097256141359,22.0,15.802327251831633,60.83580772051248,31.85848068990895,39.16419227948752,68.14151931009104,53.65285579478928,Prioridade moderada
291510,BA,Itagi,14347.0,6.0,4.182058967031435,24.0,16.72823586812574,59.033673596220446,33.72517040609661,40.966326403779554,66.27482959390339,53.62057799884147,Prioridade moderada
354140,SP,Presidente Prudente,234706.0,34.0,1.4486208277589836,842.0,35.87466873450189,20.44863780849882,72.3255772976436,79.55136219150118,27.674422702356395,53.61289244692879,Prioridade moderada
431570,RS,Rio Pardo,35641.0,9.0,2.5251816727925704,101.0,28.338149883561066,35.645300991202895,57.131483639445065,64.3546990087971,42.868516360554935,53.61160768467602,Prioridade moderada
110120,RO,Ministro Andreazza,6519.0,2.0,3.067955207853965,16.0,24.54364166283172,43.30705706831185,49.48151759638677,56.69294293168815,50.51848240361323,53.60571266765069,Prioridade moderada
314320,MG,Monte Santo de Minas,21294.0,10.0,4.696158542312388,28.0,13.149243918474689,66.29066991366699,26.509698653093807,33.70933008633301,73.4903013469062,53.5998157166196,Prioridade moderada
520500,GO,Carmo do Rio Verde,9988.0,4.0,4.004805766920304,18.0,18.02162595114137,56.5315789003454,36.332725757128664,43.4684210996546,63.667274242871336,53.56784767126297,Prioridade moderada
411970,PR,Planaltina do Paraná,4125.0,1.0,2.4242424242424243,12.0,29.09090909090909,34.22044909434242,58.64909331106279,65.77955090565757,41.35090668893721,53.565228797297394,Prioridade moderada
172049,TO,São Valério,4554.0,1.0,2.1958717610891525,14.0,30.742204655248134,30.996783599947847,61.9782085110869,69.00321640005215,38.0217914889131,53.51250394448263,Prioridade moderada
240330,RN,Encanto,6289.0,3.0,4.770233741453331,8.0,12.720623310542216,67.3363106284763,25.645572683323692,32.6636893715237,74.35442731667631,53.509058344100005,Prioridade moderada
314160,MG,Mercês,10615.0,5.0,4.710315591144607,14.0,13.188883655204897,66.49050989833371,26.58961484309842,33.50949010166629,73.41038515690158,53.459937629283935,Prioridade moderada
270930,AL,União dos Palmares,60860.0,25.0,4.107788366743345,106.0,17.417022674991784,57.98527461146996,35.11380771478559,42.01472538853004,64.8861922852144,53.45045883687222,Prioridade moderada
310020,MG,Abaeté,23173.0,7.0,3.020756915375653,58.0,25.029128727398266,42.64080902771059,50.460289901580055,57.35919097228941,49.539710098419945,53.44945053535468,Prioridade moderada
210060,MA,Amarante do Maranhão,38335.0,18.0,4.695448023998956,51.0,13.303769401330378,66.28064028315963,26.82123169713238,33.71935971684037,73.17876830286762,53.449064009854,Prioridade moderada
291430,BA,Iramaia,11038.0,5.0,4.52980612429788,16.0,14.495379597753216,63.94244995205766,29.22359242714671,36.05755004794234,70.77640757285329,53.416978810397815,Prioridade moderada
510700,MT,Poxoréu,25103.0,7.0,2.788511333306776,67.0,26.690037047364857,39.36244542879884,53.80878501854022,60.63755457120116,46.19121498145978,53.414384776330465,Prioridade moderada
261485,PE,Tamandaré,24670.0,12.0,4.864207539521686,30.0,12.160518848804216,68.66283867733887,24.516367035684443,31.33716132266113,75.48363296431556,53.410397143488346,Prioridade moderada
521470,GO,Nova América,2380.0,1.0,4.201680672268908,4.0,16.80672268907563,59.31065231687499,33.883404749038384,40.68934768312501,66.11659525096161,53.40297146704331,Prioridade moderada
522060,GO,Silvânia,23150.0,9.0,3.8876889848812093,44.0,19.00647948164147,54.87836598822731,38.31825210927969,45.12163401177269,61.68174789072031,53.4016909512465,Prioridade moderada
261060,PE,Paudalho,59924.0,26.0,4.338829183632601,95.0,15.853414324811428,61.24663182311302,31.96147542619643,38.75336817688698,68.03852457380357,53.395946375345275,Prioridade moderada
210275,MA,Capinzal do Norte,11681.0,6.0,5.136546528550637,12.0,10.273093057101274,72.5071582129077,20.711198519658762,27.492841787092303,79.28880148034123,53.39082163371677,Prioridade moderada
250770,PB,Juazeirinho,17520.0,9.0,5.136986301369863,18.0,10.273972602739725,72.5133660175492,20.712971738710106,27.486633982450797,79.28702826128989,53.386831121870344,Prioridade moderada
120005,AC,Assis Brasil,8648.0,4.0,4.6253469010175765,12.0,13.876040703052729,65.2910973701029,27.974966455612172,34.708902629897096,72.02503354438782,53.36696808714246,Prioridade moderada
521280,GO,Mara Rosa,10806.0,4.0,3.701647233018693,22.0,20.359059781602813,52.252212664875984,41.04513864195007,47.747787335124016,58.95486135804993,53.35132434658698,Prioridade moderada
411560,PR,Matelândia,19223.0,7.0,3.641471154346356,40.0,20.80840659626489,51.40277103465314,41.951049941586305,48.59722896534686,58.048950058413695,53.323089511880276,Prioridade moderada
251430,PB,São José de Caiana,4966.0,1.0,2.0136931131695532,16.0,32.21908981071285,28.425161601724223,64.95570141176911,71.57483839827577,35.04429858823089,53.30956849325333,Prioridade moderada
314720,MG,Paraguaçu,22452.0,9.0,4.008551576696954,41.0,18.261179404952788,56.58445450861671,36.81568051188274,43.41554549138329,63.18431948811726,53.299932489750276,Prioridade moderada
521300,GO,Maurilândia,10145.0,5.0,4.9285362247412525,12.0,11.828486939379005,69.570898232707,23.846969926873737,30.429101767293005,76.15303007312626,53.29106592020963,Prioridade moderada
292010,BA,Mairi,18130.0,8.0,4.4125758411472695,28.0,15.444015444015443,62.28763486559844,31.136101661278516,37.71236513440156,68.86389833872148,53.288131736561525,Prioridade moderada
330480,RJ,São Fidélis,41212.0,9.0,2.1838299524410365,128.0,31.05891487916141,30.826802208761094,62.61671614303512,69.1731977912389,37.38328385696488,53.27824082410189,Prioridade moderada
431645,RS,Salto do Jacuí,10357.0,4.0,3.862122236168775,20.0,19.31061118084387,54.51746741881336,38.931400648214414,45.48253258118664,61.068599351785586,53.27556596648611,Prioridade moderada
270400,AL,Junqueiro,24382.0,11.0,4.51152489541465,36.0,14.764990566811584,63.68439330882565,29.76714501371513,36.31560669117435,70.23285498628488,53.274230838729615,Prioridade moderada
521530,GO,Orizona,17035.0,8.0,4.696213677722336,23.0,13.501614323451717,66.29144820154387,27.22009944177225,33.70855179845613,72.77990055822775,53.24422617834194,Prioridade moderada
261200,PE,Sairé,11213.0,6.0,5.350931953981985,10.0,8.918219923303308,75.53340899714392,17.979689490482333,24.466591002856077,82.02031050951767,53.243450756186874,Prioridade moderada
292975,BA,Saubara,11859.0,6.0,5.0594485201113075,13.0,10.962138460241166,71.41884771776498,22.100357174619432,28.581152282235024,77.89964282538057,53.240397553807796,Prioridade moderada
220570,PI,Luís Correia,31901.0,15.0,4.702046957775618,43.0,13.479201278956772,66.37379040507938,27.174913341404565,33.626209594920624,72.82508665859544,53.22564812675803,Prioridade moderada
311280,MG,Capitólio,10991.0,5.0,4.549176599035575,16.0,14.55736511691384,64.21588231924416,29.34855911298748,35.78411768075584,70.65144088701251,53.21777928388418,Prioridade moderada
120034,AC,Manoel Urbano,12923.0,5.0,3.869070649230055,25.0,19.345353246150275,54.615550767686486,39.00144282611978,45.384449232313514,60.99855717388022,53.19150320309687,Prioridade moderada
431600,RS,Rolante,21752.0,6.0,2.7583670467083485,59.0,27.12394262596543,38.936930630975304,54.68356581992426,61.063069369024696,45.31643418007574,53.18975177455022,Prioridade moderada
320210,ES,Ecoporanga,22611.0,9.0,3.9803635398699746,42.0,18.575029852726548,56.186554005902536,37.44842265616157,43.813445994097464,62.55157734383843,53.18251166896795,Prioridade moderada
260320,PE,Caetés,30571.0,16.0,5.233718229694809,30.0,9.813221680677767,73.87882765452879,19.784069044857386,26.12117234547121,80.21593095514261,53.16855165030691,Prioridade moderada
220120,PI,Barras,49703.0,23.0,4.6274872744099955,70.0,14.083656922117378,65.32131074232414,28.393533746402603,34.678689257675856,71.6064662535974,53.14257775563663,Prioridade moderada
412300,PR,Salto do Lontra,15706.0,7.0,4.456895453966637,24.0,15.280784413599898,62.913247650524475,30.80701768854375,37.086752349475525,69.19298231145625,53.13986733046589,Prioridade moderada
311030,MG,Caldas,14628.0,5.0,3.418102269619907,33.0,22.559474979491387,48.24971032067353,45.48131338852671,51.75028967932647,54.51868661147329,53.134488145399885,Prioridade moderada
260875,PE,Lagoa Grande,24951.0,11.0,4.408640936235021,39.0,15.630636046651436,62.23209000263667,31.512340475389188,37.76790999736333,68.48765952461082,53.127784760987076,Prioridade moderada
130320,AM,Novo Airão,16562.0,7.0,4.22654268808115,28.0,16.9061707523246,59.66160292230028,34.08389826826346,40.33839707769972,65.91610173173655,53.12724940471813,Prioridade moderada
314730,MG,Paraisópolis,21076.0,8.0,3.7957866767887642,42.0,19.927880053141013,53.58107895773865,40.1758533250365,46.41892104226135,59.8241466749635,53.12153385861242,Prioridade moderada
432040,RS,Serafina Corrêa,17407.0,5.0,2.8724076520939854,46.0,26.426150399264664,40.54672043263127,53.27677302126619,59.45327956736873,46.72322697873381,53.08825327305127,Prioridade moderada
421930,SC,Videira,59074.0,22.0,3.724142600805769,121.0,20.482784304431732,52.56975582001514,41.2945750229715,47.43024417998486,58.7054249770285,53.06783457850668,Prioridade moderada
292560,BA,Presidente Dutra,15677.0,8.0,5.103017158895197,17.0,10.843911462652294,72.0338598018307,21.862004148531177,27.9661401981693,78.13799585146882,53.05206802481906,Prioridade moderada
291650,BA,Itapicuru,33284.0,14.0,4.206225213315707,57.0,17.12534551135681,59.37480276403902,34.52576829899161,40.62519723596098,65.47423170100839,53.04971446848469,Prioridade moderada
410880,PR,Guaíra,33058.0,15.0,4.537479581341884,49.0,14.822433299050155,64.05076797484534,29.882953156821774,35.94923202515466,70.11704684317823,53.03313943416644,Prioridade moderada
270290,AL,Girau do Ponciano,37337.0,18.0,4.82095508476846,48.0,12.855880226049228,68.05228982657752,25.91825908971091,31.94771017342248,74.08174091028908,53.01472554185578,Prioridade moderada
313350,MG,Itapecerica,21456.0,9.0,4.194630872483222,37.0,17.244593586875467,59.2111377995648,34.766179882088,40.7888622004352,65.233820117912,53.0113411591736,Prioridade moderada
220030,PI,Alto Longá,13729.0,7.0,5.09869619054556,15.0,10.925777551169059,71.9728652923838,22.02705130637101,28.0271347076162,77.972948693629,53.000041700622596,Prioridade moderada
292000,BA,Maiquinique,9009.0,4.0,4.44000444000444,14.0,15.54001554001554,62.67481519110333,31.329643862747226,37.32518480889667,68.67035613725278,52.99777047307472,Prioridade moderada
261270,PE,Santa Maria do Cambucá,14586.0,8.0,5.484711367064308,12.0,8.227067050596462,77.42183053018647,16.586282044983825,22.57816946981353,83.41371795501618,52.99594371241486,Prioridade moderada
354540,SP,Salto Grande,9221.0,3.0,3.2534432274156817,22.0,23.858583667714996,45.92539394235847,48.10039780554305,54.07460605764153,51.89960219445695,52.987104126049246,Prioridade moderada
230050,CE,Alcântaras,11795.0,7.0,5.9347181008902075,6.0,5.086901229334464,83.77409644757417,10.255511229679275,16.225903552425834,89.74448877032073,52.98519616137328,Prioridade moderada
150050,PA,Almeirim,36442.0,9.0,2.4696778442456506,107.0,29.36172548158718,34.861812541228865,59.19507610305496,65.13818745877114,40.80492389694504,52.97155567785809,Prioridade moderada
314650,MG,Pains,8353.0,3.0,3.591524003352089,18.0,21.549144020112532,50.69772028522536,43.444422945313185,49.30227971477464,56.555577054686815,52.928928384730725,Prioridade moderada
240440,RN,Grossos,10281.0,5.0,4.863340142009532,13.0,12.644684369224784,68.65059455022006,25.492475025173807,31.349405449779937,74.5075249748262,52.92846521230307,Prioridade moderada
355720,SP,Chavantes,12415.0,4.0,3.2219089810712846,30.0,24.164317358034634,45.48025856275875,48.716776058826824,54.51974143724125,51.283223941173176,52.901482689207214,Prioridade moderada
290400,BA,Boninal,14125.0,6.0,4.247787610619469,24.0,16.991150442477878,59.96149487327256,34.255222641859696,40.03850512672744,65.74477735814031,52.89164124243388,Prioridade moderada
316990,MG,Ubá,107423.0,40.0,3.723597367416661,222.0,20.66596538916247,52.56205934079758,41.66387955373133,47.43794065920242,58.33612044626867,52.887030552735546,Prioridade moderada
293150,BA,Teofilândia,21825.0,12.0,5.49828178694158,18.0,8.247422680412372,77.61338969850856,16.62732026860028,22.386610301491444,83.37267973139973,52.879645016445586,Prioridade moderada
412250,PR,Roncador,11339.0,3.0,2.645735955551636,32.0,28.22118352588412,37.34703744091079,56.89567214231332,62.65296255908921,43.10432785768668,52.878645208387944,Prioridade moderada
260280,PE,Buíque,53489.0,28.0,5.234721157621193,54.0,10.095533661126588,73.89298492019947,20.353227665250863,26.107015079800533,79.64677233474913,52.87689370727483,Prioridade moderada
410540,PR,Chopinzinho,21604.0,3.0,1.3886317348639141,80.0,37.03017959637104,19.601835657400827,74.65515951000864,80.39816434259917,25.344840489991356,52.871502416295264,Prioridade moderada
500770,MS,Sete Quedas,11322.0,5.0,4.416180886769122,18.0,15.898251192368841,62.33852345617491,32.05186935719848,37.66147654382509,67.94813064280152,52.8048035933133,Prioridade moderada
130006,AM,Amaturá,11533.0,3.0,2.6012312494580767,33.0,28.613543744038846,36.7188118913108,57.6866948970232,63.2811881086892,42.3133051029768,52.797246605832996,Prioridade moderada
500080,MS,Anaurilândia,7688.0,4.0,5.202913631633716,8.0,10.405827263267431,73.44399194285249,20.978798986137193,26.55600805714751,79.02120101386281,52.78860453550516,Prioridade moderada
211210,MA,Timbiras,27328.0,10.0,3.659250585480094,58.0,21.223653395784545,51.653744333344,42.788213476628904,48.346255666656,57.211786523371096,52.77902109501355,Prioridade moderada
220840,PI,Piripiri,67887.0,31.0,4.566411831425752,101.0,14.877664354000029,64.459173743707,29.994302420101953,35.540826256293,70.00569757989805,52.77326191809553,Prioridade moderada
261220,PE,Salgueiro,65946.0,22.0,3.3360628392927545,155.0,23.504079095017136,47.09164703411237,47.38569440117771,52.90835296588763,52.61430559882229,52.761329282354964,Prioridade moderada
310150,MG,Além Paraíba,31159.0,13.0,4.172149298757983,55.0,17.651400879360697,58.89378936050939,35.586328842783175,41.10621063949061,64.41367115721683,52.75994089835372,Prioridade moderada
351440,SP,Dracena,46735.0,13.0,2.781641168289291,128.0,27.38846688777148,39.26546662424548,55.216863286332796,60.73453337575452,44.783136713667204,52.758835044710864,Prioridade moderada
292710,BA,Rodelas,10884.0,7.0,6.431459022418228,2.0,1.8375597206909227,90.78605913259254,3.704635396118677,9.213940867407459,96.29536460388132,52.75465273564439,Prioridade moderada
432230,RS,Tuparendi,8535.0,2.0,2.3432923257176332,26.0,30.462800234329233,33.0777627449707,61.414911712668285,66.9222372550293,38.585088287331715,52.75366277118051,Prioridade moderada
311340,MG,Caratinga,90890.0,31.0,3.410716250412587,209.0,22.994828914071956,48.14544975177728,46.359014166208254,51.85455024822272,53.640985833791746,52.747768041007234,Prioridade moderada
310230,MG,Alvinópolis,15358.0,6.0,3.906758692538091,30.0,19.533793462690454,55.14755274677528,39.38135009573741,44.85244725322472,60.61864990426259,52.73554857874365,Prioridade moderada
292600,BA,Remanso,42855.0,14.0,3.266830008167075,103.0,24.034535060086338,46.11436087267005,48.45512682405361,53.88563912732995,51.54487317594639,52.71525615163817,Prioridade moderada
230495,CE,Guaiúba,25158.0,14.0,5.564830272676684,20.0,7.949757532395261,78.5527838142251,16.02720870154848,21.447216185774906,83.97279129845151,52.71000374211321,Prioridade moderada
120070,AC,Xapuri,19170.0,8.0,4.173187271778821,34.0,17.73604590505999,58.908441320464256,35.75697851189601,41.091558679535744,64.24302148810399,52.667290083819864,Prioridade moderada
230393,CE,Choró,12352.0,6.0,4.857512953367875,16.0,12.953367875647668,68.56833833265664,26.114800292328805,31.431661667343363,73.88519970767119,52.65843068750728,Prioridade moderada
420280,SC,Braço do Norte,35985.0,17.0,4.7241906349868,50.0,13.89467833819647,66.68636911882068,28.01254109445302,33.31363088117932,71.98745890554699,52.650544893363154,Prioridade moderada
412500,PR,São João do Ivaí,10639.0,4.0,3.759751856377479,22.0,20.678635210076134,53.07241376601654,41.6894227056032,46.92758623398346,58.3105772943968,52.61908176419013,Prioridade moderada
291130,BA,Gentio do Ouro,11276.0,5.0,4.434196523589925,18.0,15.963107484923732,62.5928310190504,32.18262370186246,37.4071689809496,67.81737629813753,52.61227263954356,Prioridade moderada
240240,RN,Carnaúba dos Dantas,8296.0,3.0,3.616200578592093,18.0,21.697203471552555,51.04605322353996,43.74292006535693,48.95394677646004,56.25707993464307,52.60551335555156,Prioridade moderada
250780,PB,Junco do Seridó,7019.0,3.0,4.274113121527283,12.0,17.096452486109133,60.33310408070771,34.467518151892584,39.66689591929229,65.53248184810741,52.59968888369985,Prioridade moderada
350860,SP,Cachoeira Paulista,32534.0,13.0,3.995819757791849,62.0,19.056986537161123,56.4047329773195,38.420077494068536,43.5952670226805,61.579922505931464,52.58759476430598,Prioridade moderada
311090,MG,Campanha,16372.0,8.0,4.886391399951136,21.0,12.826777424871732,68.97598461478744,25.85958602120905,31.024015385212564,74.14041397879095,52.582214682001755,Prioridade moderada
260120,PE,Arcoverde,82487.0,32.0,3.879399178052299,164.0,19.881920787518034,54.76134761178366,40.083196569291715,45.23865238821634,59.916803430708285,52.57772790946231,Prioridade moderada
290390,BA,Bom Jesus da Lapa,68866.0,26.0,3.775447971422763,142.0,20.619754305462784,53.29397910969455,41.57071511698448,46.70602089030545,58.42928488301552,52.56765288666048,Prioridade moderada
150500,PA,Nova Timboteua,13175.0,8.0,6.072106261859583,6.0,4.554079696394687,85.71345883212902,9.18130967393298,14.286541167870979,90.81869032606701,52.552615746968996,Prioridade moderada
320400,ES,Pancas,19120.0,10.0,5.230125523012552,20.0,10.460251046025103,73.82811323962471,21.08852073815673,26.171886760375287,78.91147926184327,52.54168301110928,Prioridade moderada
220690,PI,Novo Oriente do Piauí,6158.0,3.0,4.871711594673595,8.0,12.991230919129586,68.76876543398626,26.19113455755484,31.23123456601374,73.80886544244515,52.52005000422945,Prioridade moderada
352900,SP,Marília,247348.0,60.0,2.425732166825687,745.0,30.119507738085613,34.241478204189036,60.72281255611522,65.75852179581096,39.27718744388478,52.51785461984787,Prioridade moderada
260390,PE,Carnaíba,19533.0,11.0,5.631495418010546,15.0,7.679311933650745,79.49382468928414,15.481973449299524,20.50617531071586,84.51802655070048,52.51210093070817,Prioridade moderada
211400,MA,Zé Doca,41815.0,21.0,5.022121248355853,50.0,11.957431543704413,70.89193836655295,24.1069303188782,29.10806163344705,75.8930696811218,52.500565657284426,Prioridade moderada
241080,RN,Riacho de Santana,4245.0,2.0,4.7114252061248525,6.0,14.134275618374557,66.50617315154886,28.49558420590507,33.493826848451135,71.50441579409492,52.49912132127303,Prioridade moderada
310410,MG,Arceburgo,9335.0,5.0,5.356186395286556,9.0,9.6411355115158,75.60758035038161,19.437132558232516,24.39241964961839,80.56286744176748,52.477643545692935,Prioridade moderada
292250,BA,Nazaré,28427.0,12.0,4.221338867977627,50.0,17.58891194990678,59.588146134658935,35.46034725028642,40.411853865341065,64.53965274971358,52.47575330752733,Prioridade moderada
250350,PB,Cacimba de Dentro,16332.0,8.0,4.898359049718344,21.0,12.858192505510655,69.14491918401296,25.92292078981353,30.855080815987037,74.07707921018647,52.46608001308675,Prioridade moderada
230810,CE,Mauriti,47501.0,26.0,5.47356897749521,42.0,8.841919117492264,77.26454528048302,17.82586229086691,22.73545471951698,82.17413770913309,52.454796214325036,Prioridade moderada
292265,BA,Nordestina,19711.0,9.0,4.565978387702298,30.0,15.219927959007661,64.45305528017158,30.684327267532602,35.54694471982842,69.31567273246739,52.431308726147904,Prioridade moderada
260392,PE,Carnaubeira da Penha,12712.0,7.0,5.506607929515419,11.0,8.653241032095657,77.73092098797494,17.445475462748288,22.26907901202506,82.55452453725171,52.411801774638384,Prioridade moderada
314300,MG,Monte Belo,13347.0,7.0,5.244624260133363,14.0,10.489248520266726,74.03277647404938,21.14698146096424,25.967223525950615,78.85301853903576,52.41012103249319,Prioridade moderada
250250,PB,Boqueirão,18216.0,10.0,5.4896794027228815,16.0,8.78348704435661,77.49195899986961,17.70805957459626,22.50804100013039,82.29194042540374,52.399990712767064,Prioridade moderada
310750,MG,Bom Jardim de Minas,6988.0,2.0,2.8620492272467084,19.0,27.189467658843732,40.40050157818044,54.815668386931726,59.59949842181956,45.184331613068274,52.39191501744392,Prioridade moderada
420020,SC,Agrolândia,11646.0,5.0,4.29331959471063,20.0,17.17327837884252,60.6042214125719,34.62240395960474,39.3957785874281,65.37759604039526,52.38668731391168,Prioridade moderada
210408,MA,Fernando Falcão,11219.0,5.0,4.456725198324271,18.0,16.044210713967377,62.91084433290065,32.34613288726278,37.08915566709935,67.65386711273722,52.37151138991828,Prioridade moderada
500793,MS,Sonora,14813.0,7.0,4.725578883413218,21.0,14.176736650239656,66.70596554372086,28.581188303465517,33.294034456279135,71.41881169653448,52.356423076406806,Prioridade moderada
410250,PR,Barbosa Ferraz,10580.0,7.0,6.616257088846881,1.0,0.945179584120983,93.39465667288633,1.9055411933532929,6.605343327113673,98.09445880664671,52.34990106688019,Prioridade moderada
250190,PB,Belém,16710.0,8.0,4.78755236385398,23.0,13.764213046080192,67.58077918092758,27.74951490069361,32.41922081907242,72.25048509930639,52.334852959189405,Prioridade moderada
220190,PI,Bom Jesus,30658.0,12.0,3.9141496509883225,61.0,19.896927392523974,55.251883037704665,40.11345082413557,44.748116962295335,59.88654917586443,52.31733306907988,Prioridade moderada
311130,MG,Campo do Meio,11625.0,6.0,5.161290322580645,13.0,11.18279569892473,72.85644000730966,22.545215977102096,27.143559992690342,77.45478402289791,52.29917200779413,Prioridade moderada
231310,CE,Tabuleiro do Norte,32122.0,10.0,3.113131187348235,82.0,25.527675736255524,43.944758269772265,51.46539187178827,56.055241730227735,48.53460812821173,52.29492492921973,Prioridade moderada
261450,PE,Surubim,67821.0,22.0,3.2438330310670733,167.0,24.62364164491824,45.78973703294812,49.6428025668775,54.21026296705188,50.3571974331225,52.28373020008719,Prioridade moderada
290580,BA,Camamu,31694.0,19.0,5.9948255190256825,17.0,5.3637912538650845,84.62256887010433,10.813738847621734,15.377431129895669,89.18626115237826,52.28184614113697,Prioridade moderada
210565,MA,Junco do Maranhão,5282.0,3.0,5.679666792881484,4.0,7.572889057175312,80.173808697934,15.267418270108168,19.826191302065993,84.73258172989183,52.27938651597891,Prioridade moderada
270640,AL,Pão de Açúcar,24291.0,9.0,3.705075954057058,52.0,21.407105512329668,52.300612269048706,43.15806442448839,47.699387730951294,56.84193557551161,52.27066165323146,Prioridade moderada
240470,RN,Ipanguaçu,14560.0,9.0,6.181318681318681,6.0,4.1208791208791204,87.25509427386416,8.307950202889218,12.74490572613584,91.69204979711078,52.21847776162331,Prioridade moderada
420700,SC,Içara,63489.0,29.0,4.567720392508939,98.0,15.435744774685379,64.47764530722979,31.11942747430938,35.52235469277021,68.88057252569062,52.201463609230416,Prioridade moderada
231090,CE,Piquet Carneiro,17285.0,8.0,4.628290425224183,26.0,15.041943881978595,65.33264796721434,30.32550022954144,34.66735203278566,69.67449977045857,52.17092590162211,Prioridade moderada
500110,MS,Aquidauana,48689.0,15.0,3.080777999137382,126.0,25.87853519275401,43.48806275981099,52.17274649377494,56.51193724018901,47.82725350622506,52.16959537320704,Prioridade moderada
313510,MG,Janaúba,73555.0,19.0,2.583101080823873,216.0,29.36578070831351,36.46288760477312,59.20325169392173,63.53711239522688,40.79674830607827,52.16693035065258,Prioridade moderada
431100,RS,Jaguarão,27396.0,10.0,3.6501679077237554,60.0,21.90100744634253,51.52553384222605,44.15380163310959,48.47446615777395,55.84619836689041,52.16033226233218,Prioridade moderada
320530,ES,Vitória,343378.0,32.0,0.9319175951866456,1406.0,40.946129338513245,13.154888433310227,82.54995926035751,86.84511156668978,17.45004073964249,52.147576153166135,Prioridade moderada
261170,PE,Riacho das Almas,21490.0,9.0,4.187994416007445,39.0,18.14797580269893,59.1174580096539,36.587454965166856,40.8825419903461,63.412545034833144,52.14754351258962,Prioridade moderada
260050,PE,Águas Belas,43822.0,25.0,5.704897083656611,33.0,7.530464150426726,80.5299578488901,15.181887003043414,19.470042151109894,84.81811299695659,52.14407757403324,Prioridade moderada
500345,MS,Deodápolis,14317.0,8.0,5.5877627994691625,12.0,8.381644199203743,78.87649787757908,16.897919250410983,21.123502122420916,83.10208074958902,52.11279143600497,Prioridade moderada
241250,RN,São Miguel,24422.0,12.0,4.913602489558595,32.0,13.102939972156253,69.36009459380679,26.416346999495982,30.639905406193208,73.58365300050401,52.11177920334861,Prioridade moderada
290520,BA,Caetité,54730.0,15.0,2.7407272062854013,155.0,28.32084779828248,38.687927785719666,57.09660155271451,61.312072214280334,42.90339844728549,52.107735330782916,Prioridade moderada
320080,ES,Baixo Guandu,32829.0,14.0,4.264522221206859,58.0,17.667306344999847,60.19771955278183,35.618395256916585,39.80228044721817,64.38160474308341,52.0919425951508,Prioridade moderada
500330,MS,Coxim,33440.0,12.0,3.588516746411483,75.0,22.428229665071772,50.655270040967395,45.21671462098797,49.344729959032605,54.78328537901203,52.06400766902232,Prioridade moderada
313090,MG,Inhapim,22925.0,11.0,4.798255179934569,32.0,13.95856052344602,67.73185943972899,28.1413315778273,32.26814056027101,71.8586684221727,52.06340449122185,Prioridade moderada
210197,MA,Boa Vista do Gurupi,7781.0,3.0,3.8555455596966968,16.0,20.562909651715717,54.42463147956399,41.456112737546,45.57536852043601,58.543887262454,52.059627891445004,Prioridade moderada
421720,SC,São Miguel do Oeste,47724.0,18.0,3.7716872014080964,101.0,21.163355963456542,53.24089232367204,42.6666500794875,46.75910767632796,57.3333499205125,52.04622879842023,Prioridade moderada
240230,RN,Caraúbas,20182.0,9.0,4.45941928451095,33.0,16.351204043206817,62.94887387907354,32.96505065144032,37.05112612092646,67.03494934855968,52.043037734743066,Prioridade moderada
210820,MA,Pedreiras,38252.0,11.0,2.875666631810102,105.0,27.449545121823693,40.592723979289644,55.34000082861479,59.407276020710356,44.65999917138521,52.03363759604778,Prioridade moderada
410760,PR,Faxinal,16596.0,7.0,4.217883827428296,30.0,18.076644974692694,59.53937500597357,36.4436475518399,40.46062499402643,63.5563524481601,52.008488721093265,Prioridade moderada
270140,AL,Campo Alegre,32558.0,18.0,5.528595122550525,29.0,8.907181030775847,78.04129078121889,17.95743439230473,21.95870921878111,82.04256560769527,52.00063741323819,Prioridade moderada
330080,RJ,Cachoeiras de Macacu,59861.0,29.0,4.844556556021449,82.0,13.698401296336513,68.38544666662287,27.61683429454207,31.61455333337713,72.38316570545793,51.99885951941753,Prioridade moderada
210130,MA,Bacuri,16591.0,8.0,4.82189138689651,23.0,13.862937737327467,68.06550660679284,27.9485500566928,31.934493393207163,72.0514499433072,51.992971668257184,Prioridade moderada
210160,MA,Barra do Corda,87757.0,30.0,3.4185307154984788,208.0,23.70181296078945,48.255758234954186,47.78433824926775,51.744241765045814,52.21566175073225,51.97995175788903,Prioridade moderada
311550,MG,Caxambu,21412.0,10.0,4.670278348589576,32.0,14.944890715486641,65.92534677478164,30.12983497205729,34.074653225218356,69.8701650279427,51.97240912658053,Prioridade moderada
500124,MS,Aral Moreira,11125.0,5.0,4.49438202247191,18.0,16.179775280898877,63.44240562434269,32.61943953817538,36.55759437565731,67.38056046182462,51.969077418740966,Prioridade moderada
521520,GO,Novo Brasil,3567.0,1.0,2.803476310625175,10.0,28.034763106251752,39.573690079664274,56.51983690966593,60.426309920335726,43.48016309033407,51.9532365053349,Prioridade moderada
110050,RO,Novo Horizonte do Oeste,7972.0,2.0,2.5087807325639737,24.0,30.105368790767688,35.413786380873674,60.69430755347066,64.58621361912633,39.30569244652934,51.94595303282783,Prioridade moderada
311300,MG,Caraí,19511.0,7.0,3.5877197478345546,44.0,22.551381272102915,50.64401966066,45.46499596790656,49.35598033934,54.53500403209344,51.94549218571672,Prioridade moderada
350100,SP,Altinópolis,17197.0,9.0,5.2334709542362035,19.0,11.048438681165319,73.87533713016585,22.27434382089195,26.124662869834154,77.72565617910806,51.925159524471105,Prioridade moderada
110007,RO,Corumbiara,7968.0,4.0,5.02008032128514,10.0,12.550200803212851,70.86312877216992,25.30199024306958,29.136871227830085,74.69800975693042,51.91744049238025,Prioridade moderada
230425,CE,Cruz,32288.0,14.0,4.33597621407334,56.0,17.34390485629336,61.20635948954022,34.96639761638872,38.79364051045978,65.03360238361128,51.91362144703553,Prioridade moderada
210990,MA,Santa Inês,88249.0,23.0,2.606261827329488,260.0,29.46209022198552,36.78982320282084,59.397417700781176,63.21017679717916,40.602582299218824,51.90637954819899,Prioridade moderada
260510,PE,Custódia,39609.0,21.0,5.301825342725138,42.0,10.603650685450276,74.8402232522258,21.377623385555538,25.159776747774202,78.62237661444446,51.89107668110933,Prioridade moderada
412710,PR,Telêmaco Borba,77479.0,22.0,2.839479084655197,216.0,27.878521922069204,40.08190290674343,56.204844904379414,59.91809709325657,43.795155095620586,51.85662609443858,Prioridade moderada
431640,RS,Rosário do Sul,37674.0,11.0,2.9197855284811807,103.0,27.3398099485056,41.215503468062515,55.118767851696596,58.784496531937485,44.881232148303404,51.832864340120445,Prioridade moderada
110026,RO,Rio Crespo,3767.0,1.0,2.654632333421821,11.0,29.20095566764003,37.472618134898454,58.87095409674973,62.527381865101546,41.12904590325027,51.82821388417591,Prioridade moderada
320450,ES,Santa Leopoldina,13813.0,6.0,4.343734163469196,24.0,17.374936653876784,61.31587020089589,35.028959662366475,38.68412979910411,64.97104033763353,51.82758506836882,Prioridade moderada
420340,SC,Campo Belo do Sul,7324.0,1.0,1.3653741125068268,28.0,38.230475150191154,19.27353256610629,77.07503046408786,80.7264674338937,22.92496953591214,51.82571848490292,Prioridade moderada
210805,MA,Paulino Neves,17578.0,9.0,5.120036409147798,21.0,11.946751621344863,72.27410243642407,24.085398927024382,27.725897563575927,75.91460107297561,51.82024931827577,Prioridade moderada
220260,PI,Castelo do Piauí,19669.0,8.0,4.067314047485891,38.0,19.319741725557982,57.413941741486596,38.949808397770994,42.586058258513404,61.050191602229006,51.818124930371205,Prioridade moderada
230530,CE,Ibiapina,24689.0,12.0,4.860464174328648,34.0,13.771315160597837,68.60999757665152,27.763833208029748,31.390002423348477,72.23616679197025,51.81308460765936,Prioridade moderada
210870,MA,Pio XII,22374.0,9.0,4.022526146419952,44.0,19.665683382497544,56.78171862999295,39.64724842807835,43.21828137000705,60.35275157192165,51.78551647096435,Prioridade moderada
290810,BA,Cocos,19865.0,9.0,4.530581424616159,32.0,16.10873395419079,63.95339404115088,32.47621577758323,36.04660595884912,67.52378422241677,51.78519509063294,Prioridade moderada
230560,CE,Independência,24463.0,10.0,4.087806074479826,47.0,19.212688550055184,57.703205867703254,38.73398249629474,42.296794132296746,61.26601750370526,51.781405818001005,Prioridade moderada
260810,PE,João Alfredo,28842.0,15.0,5.20074890784273,33.0,11.441647597254004,73.41343484198174,23.067077603750384,26.58656515801826,76.93292239624961,51.759743777133934,Prioridade moderada
211110,MA,São João dos Patos,25910.0,11.0,4.245465071401004,47.0,18.139714395986104,59.92871006004582,36.570799452213755,40.07128993995418,63.429200547786245,51.75024524387021,Prioridade moderada
522140,GO,Trindade,153560.0,33.0,2.1489971346704873,504.0,32.82104714769471,30.33510440848764,66.1692850751604,69.66489559151236,33.8307149248396,51.74780525817598,Prioridade moderada
314510,MG,Nova Resende,16919.0,9.0,5.31946332525563,18.0,10.63892665051126,75.08919987159184,21.448741938778955,24.910800128408155,78.55125806122105,51.7310290948146,Prioridade moderada
412060,PR,Prudentópolis,50946.0,17.0,3.336866486083304,125.0,24.535782985906643,47.10299126017277,49.46567401188964,52.89700873982723,50.53432598811036,51.71566736396879,Prioridade moderada
210650,MA,Matinha,22540.0,13.0,5.767524401064773,17.0,7.542147293700088,81.4140010063936,15.205440951043622,18.585998993606395,84.79455904895637,51.690279021281384,Prioridade moderada
220115,PI,Baixa Grande do Ribeiro,13983.0,8.0,5.721232925695488,11.0,7.866695272831295,80.76055353738825,15.859749988018038,19.239446462611753,84.14025001198196,51.68984823729686,Prioridade moderada
312050,MG,Cristina,10643.0,4.0,3.758338814244104,23.0,21.6104481819036,53.052467354754285,43.56801597205584,46.947532645245715,56.43198402794416,51.689758336594934,Prioridade moderada
291440,BA,Iraquara,24833.0,10.0,4.026899689928724,49.0,19.731808480650745,56.843455286982035,39.78056076423364,43.156544713017965,60.21943923576636,51.68799197439216,Prioridade moderada
260930,PE,Mirandiba,14605.0,8.0,5.47757617254365,14.0,9.585758301951387,77.3211105863266,19.325488638102687,22.678889413673403,80.67451136189732,51.67670038778536,Prioridade moderada
293080,BA,Souto Soares,17724.0,10.0,5.6420672534416605,15.0,8.463100880162491,79.64305603371838,17.062141016992076,20.35694396628162,82.93785898300793,51.647401474644774,Prioridade moderada
293040,BA,Serra Preta,18754.0,9.0,4.7989762184067395,27.0,14.396928655220218,67.74203757211593,29.0251091656874,32.25796242788407,70.9748908343126,51.616426631098335,Prioridade moderada
260090,PE,Amaraji,18335.0,9.0,4.908644668666485,25.0,13.635124079629124,69.29011031510566,27.48926346560927,30.709889684894335,72.51073653439073,51.61031310964253,Prioridade moderada
420840,SC,Itapiranga,17268.0,7.0,4.053741023859161,34.0,19.689599258744497,57.22234581880573,39.695464331309154,42.77765418119427,60.304535668690846,51.541094924942556,Prioridade moderada
500400,MS,Glória de Dourados,10817.0,6.0,5.546824443006378,10.0,9.244707405010631,78.29861468845102,18.63790868602925,21.701385311548975,81.36209131397075,51.53173831275986,Prioridade moderada
521710,GO,Piracanjuba,25373.0,8.0,3.152957868600481,66.0,26.011902415953966,44.50694912360777,52.441623162209325,55.49305087639223,47.558376837790675,51.52571385709145,Prioridade moderada
510617,MT,Nova Nazaré,4575.0,3.0,6.557377049180328,1.0,2.185792349726776,92.56350984535244,4.406694169547069,7.436490154647558,95.59330583045293,51.514897992550246,Prioridade moderada
150710,PA,São Caetano de Odivelas,17258.0,9.0,5.214972766253332,20.0,11.588828369451848,73.61421790633112,23.36380325145189,26.38578209366888,76.63619674854812,51.5109894211085,Prioridade moderada
211107,MA,São João do Soter,17253.0,9.0,5.216484089723526,20.0,11.59218686605228,73.63555165058031,23.370574190781703,26.36444834941969,76.6294258092183,51.496937079319,Prioridade moderada
290790,BA,Cipó,17875.0,8.0,4.475524475524476,30.0,16.783216783216783,63.17621371263217,33.836015371767004,36.82378628736783,66.163984628233,51.49388545780042,Prioridade moderada
411100,PR,Itambaracá,5819.0,1.0,1.7185083347654238,21.0,36.088675030073894,24.258352382567878,72.75702738258026,75.74164761743212,27.24297261741974,51.49231011742593,Prioridade moderada
280570,SE,Propriá,27213.0,9.0,3.3072428618674894,68.0,24.988057178554367,46.68482609883005,50.37748708874776,53.31517390116995,49.62251291125224,51.46884340621109,Prioridade moderada
250290,PB,Brejo dos Santos,5816.0,3.0,5.15818431911967,7.0,12.03576341127923,72.81259586356386,24.264852266118446,27.187404136436143,75.73514773388155,51.461275935158845,Prioridade moderada
521860,GO,Rialma,12665.0,5.0,3.9478878799842083,26.0,20.529016975917884,55.72812969370804,41.387782982046886,44.27187030629196,58.612217017953114,51.442043662122536,Prioridade moderada
500375,MS,Eldorado,11622.0,5.0,4.302185510239202,21.0,18.069179143004646,60.72937210211774,36.42859596792588,39.27062789788226,63.57140403207412,51.42101596497819,Prioridade moderada
310900,MG,Brumadinho,41090.0,19.0,4.623996106108542,65.0,15.818934047213435,65.27202963662904,31.891961028694567,34.72797036337096,68.10803897130543,51.418004667338195,Prioridade moderada
220335,PI,Dirceu Arcoverde,7259.0,4.0,5.5104008816641405,7.0,9.643201542912248,77.78446205491801,19.441297806825304,22.21553794508199,80.5587021931747,51.38712006912834,Prioridade moderada
110014,RO,Nova Brasilândia D'Oeste,16374.0,5.0,3.0536215952119217,44.0,26.87187003786491,43.104724720337884,54.17537170696378,56.895275279662116,45.82462829303622,51.35995178634917,Prioridade moderada
230945,CE,Ocara,25272.0,14.0,5.539727761949984,24.0,9.49667616334283,78.19843839815903,19.145893471678857,21.801561601840973,80.85410652832114,51.327834065081056,Prioridade moderada
312020,MG,Cristais,12634.0,6.0,4.749089757796422,19.0,15.038784233022003,67.03784352421836,30.31913017950601,32.96215647578164,69.680869820494,51.32151314813782,Prioridade moderada
311240,MG,Capetinga,6627.0,3.0,4.526935264825713,11.0,16.598762637694282,63.90192508563264,33.46414427077957,36.09807491436736,66.53585572922043,51.316965321793894,Prioridade moderada
351780,SP,Guaraçaí,7453.0,3.0,4.025224741714746,15.0,20.12612370857373,56.819811826444045,40.57552494098586,43.180188173555955,59.42447505901414,51.302331616285045,Prioridade moderada
310340,MG,Araçuaí,35185.0,14.0,3.978968310359528,72.0,20.46326559613472,56.166859036472204,41.255224085513845,43.833140963527796,58.744775914486155,51.288958439006976,Prioridade moderada
211023,MA,Santana do Maranhão,10759.0,5.0,4.647272051305884,17.0,15.800724974440003,65.60059137195023,31.855250398412792,34.39940862804977,68.14474960158721,51.27207911481849,Prioridade moderada
312830,MG,Guaranésia,19646.0,10.0,5.0900946757609695,25.0,12.725236689402422,71.85144686662042,25.654873543822966,28.14855313337958,74.34512645617704,51.24683979477831,Prioridade moderada
220790,PI,Pedro II,39072.0,15.0,3.839066339066339,84.0,21.4987714987715,54.19201186815206,43.342868789847934,45.80798813184794,56.657131210152066,51.232559671000004,Prioridade moderada
291880,BA,Laje,21705.0,9.0,4.14651002073255,42.0,19.350380096751902,58.53186697200932,39.01157727152588,41.46813302799068,60.98842272847412,51.228277878232404,Prioridade moderada
261240,PE,Sanharó,18812.0,11.0,5.847331490537955,14.0,7.44205826068467,82.54055271400102,15.003655196655844,17.459447285998976,84.99634480334416,51.22789604467157,Prioridade moderada
353190,SP,Morro Agudo,28521.0,13.0,4.558044949335577,47.0,16.479085586059394,64.34106737786585,33.22286784498644,35.658932622134145,66.77713215501356,51.21803238857385,Prioridade moderada
240030,RN,Afonso Bezerra,11158.0,6.0,5.377307761247536,12.0,10.754615522495072,75.90572818470828,21.68197794480499,24.09427181529172,78.318022055195,51.20614693524336,Prioridade moderada
290510,BA,Caém,10733.0,2.0,1.863411907202087,38.0,35.404826236839654,26.30380182878272,71.37834541840658,73.69619817121728,28.62165458159342,51.15892637640535,Prioridade moderada
430870,RS,Gaurama,5779.0,1.0,1.7304031839418583,21.0,36.33846686277903,24.426259303367793,73.26062334992812,75.5737406966322,26.739376650071875,51.15655867335204,Prioridade moderada
260450,PE,Chã Grande,21258.0,9.0,4.233700254022015,40.0,18.816445573431178,59.76263865967928,37.93513185751781,40.23736134032072,62.06486814248219,51.15111474140146,Prioridade moderada
430610,RS,Cruz Alta,60454.0,24.0,3.9699606312237403,125.0,20.676878287623648,56.03970722102589,41.685880639986266,43.96029277897411,58.314119360013734,51.13720606949392,Prioridade moderada
420370,SC,Canelinha,13618.0,8.0,5.87457776472316,10.0,7.343222205903951,82.92515935624172,14.804395524803818,17.07484064375828,85.19560447519618,51.13522255947723,Prioridade moderada
220470,PI,Inhuma,15268.0,9.0,5.894681687188893,11.0,7.204610951008645,83.20894502406749,14.524946560286626,16.79105497593251,85.47505343971338,51.133054207822944,Prioridade moderada
251120,PB,Pedras de Fogo,31356.0,17.0,5.421609899221839,33.0,10.52430156907769,76.53109429585285,21.217650601076947,23.468905704147147,78.78234939892306,51.1256275515351,Prioridade moderada
220660,PI,Monte Alegre do Piauí,10928.0,4.0,3.6603221083455346,25.0,22.87701317715959,51.66886988073297,46.12149026738158,48.33113011926703,53.87850973261842,51.10481992594272,Prioridade moderada
291760,BA,Jaguaquara,47624.0,18.0,3.7796069208802283,105.0,22.047707038467998,53.352686570950034,44.449557191671694,46.647313429049966,55.550442808328306,51.098878118689136,Prioridade moderada
310530,MG,Bandeira do Sul,6183.0,3.0,4.85201358563804,9.0,14.55604075691412,68.49070961385854,29.345889120346197,31.50929038614146,70.6541108796538,51.08170063289763,Prioridade moderada
240880,RN,Parazinho,4945.0,3.0,6.066734074823054,3.0,6.066734074823054,85.63762538776288,12.230915566639739,14.362374612237119,87.76908443336026,51.06572952279869,Prioridade moderada
250890,PB,Mamanguape,46966.0,20.0,4.258399693395222,88.0,18.736958650938977,60.11129434661775,37.77488124727781,39.88870565338225,62.22511875272219,51.05691220305222,Prioridade moderada
315450,MG,Riacho dos Machados,8858.0,6.0,6.773538044705351,1.0,1.1289230074508918,95.61482446206534,2.275979433921634,4.385175537934657,97.72402056607837,51.05459805200651,Prioridade moderada
231195,CE,Salitre,17303.0,10.0,5.7793446223198295,14.0,8.091082471247761,81.5808544842874,16.312128622752688,18.4191455157126,83.68787137724732,51.05350844647996,Prioridade moderada
240890,RN,Parelhas,22242.0,8.0,3.5967988490243683,52.0,23.379192518658392,50.77217966519647,47.13391524751585,49.22782033480353,52.86608475248415,51.04695254364384,Prioridade moderada
313210,MG,Itacarambi,17502.0,5.0,2.856816363844132,50.0,28.568163638441323,40.32663481721016,57.59520576413507,59.67336518278984,42.40479423586493,51.03907970932738,Prioridade moderada
250040,PB,Alagoa Nova,21823.0,11.0,5.040553544425606,29.0,13.288732071667507,71.15212746440852,26.79091549945733,28.847872535591478,73.20908450054267,51.028478518067075,Prioridade moderada
521720,GO,Piranhas,11940.0,4.0,3.3500837520938025,30.0,25.12562814070352,47.289565331377716,50.65483875798452,52.710434668622284,49.34516124201548,51.02779795531888,Prioridade moderada
355510,SP,Tupi Paulista,16259.0,7.0,4.30530782950981,30.0,18.451319269327755,60.7734465587759,37.19901437790363,39.2265534412241,62.80098562209637,51.01376953166023,Prioridade moderada
210550,MA,João Lisboa,25311.0,9.0,3.5557662676306743,60.0,23.705108450871162,50.192966403044615,47.790982163512716,49.807033596955385,52.209017836487284,51.008025716721335,Prioridade moderada
260540,PE,Feira Nova,22222.0,13.0,5.850058500585006,17.0,7.650076500765008,82.57904701125517,15.423032986973414,17.42095298874483,84.57696701302659,50.99896000088571,Prioridade moderada
312960,MG,Ibiaí,6172.0,4.0,6.480881399870382,2.0,3.240440699935191,91.48370221267821,6.532931246169098,8.51629778732179,93.4670687538309,50.991683270576345,Prioridade moderada
312940,MG,Ibertioga,5346.0,1.0,1.8705574261129816,19.0,35.54059109614665,26.40466751106668,71.652055871283,73.59533248893332,28.347944128717003,50.97163830882516,Prioridade moderada
220545,PI,Joca Marques,5552.0,3.0,5.403458213256485,6.0,10.80691642651297,76.27486627206187,21.787419840429944,23.72513372793813,78.21258015957005,50.96885694375409,Prioridade moderada
293075,BA,Sítio do Mato,13982.0,7.0,5.006436847375197,19.0,13.588900014304105,70.67053837785276,27.39607285709333,29.329461622147235,72.60392714290667,50.96669438252695,Prioridade moderada
260970,PE,Orobó,22412.0,11.0,4.908084954488666,32.0,14.278065322148848,69.28220942601227,28.785473247442923,30.717790573987727,71.21452675255708,50.9661586632724,Prioridade moderada
320190,ES,Domingos Martins,38236.0,13.0,3.399937231928026,95.0,24.845695156397113,47.9932938247754,50.09047634269784,52.0067061752246,49.90952365730216,50.95811491626338,Prioridade moderada
412570,PR,São Miguel do Iguaçu,30416.0,1.0,0.3287743293003682,141.0,46.35718043135192,4.640957144731801,93.45897690099208,95.3590428552682,6.541023099007916,50.95003297713806,Prioridade moderada
432253,RS,Vale do Sol,10069.0,3.0,2.9794418512265373,28.0,27.80812394478101,42.05760825727356,56.062918176480224,57.94239174272644,43.937081823519776,50.93973678312311,Prioridade moderada
290380,BA,Boa Vista do Tupim,17262.0,10.0,5.793071486502144,14.0,8.110300081103,81.77462201028993,16.350872526908223,18.22537798971007,83.64912747309178,50.937252731400925,Prioridade moderada
352710,SP,Lins,76844.0,14.0,1.8218728853261155,276.0,35.916922596429124,25.717439685574345,72.4107637276441,74.28256031442565,27.589236272355905,50.93589829339078,Prioridade moderada
290730,BA,Castro Alves,25470.0,12.0,4.7114252061248525,40.0,15.704750687082843,66.50617315154886,31.661760228783415,33.493826848451135,68.33823977121659,50.916033309833864,Prioridade moderada
231020,CE,Paracuru,41894.0,21.0,5.012650976273452,57.0,13.60576693559937,70.7582566190245,27.43007762599983,29.241743380975507,72.56992237400017,50.90583287748784,Prioridade moderada
312320,MG,Dores do Indaiá,12730.0,5.0,3.9277297721916735,27.0,21.209740769835037,55.44357914931756,42.76016475202684,44.55642085068244,57.23983524797316,50.8981280493278,Prioridade moderada
311400,MG,Carmo da Mata,11291.0,5.0,4.428305730227614,20.0,17.713222920910457,62.509676961368555,35.7109659475296,37.490323038631445,64.2890340524704,50.88967854555092,Prioridade moderada
352600,SP,Junqueirópolis,20939.0,11.0,5.253354983523568,25.0,11.939443144371745,74.15601880012356,24.070664580063323,25.84398119987644,75.92933541993668,50.88665830990656,Prioridade moderada
510517,MT,Juruena,10057.0,4.0,3.977329223426469,21.0,20.88097842298896,56.14372179145371,42.09735928599329,43.85627820854629,57.90264071400671,50.8794594612765,Prioridade moderada
210280,MA,Carolina,24619.0,11.0,4.468093748730655,43.0,17.466184654128924,63.07132205433962,35.21292134140895,36.92867794566038,64.78707865859104,50.85787830212571,Prioridade moderada
170765,TO,Figueirópolis,5334.0,3.0,5.62429696287964,5.0,9.373828271466067,79.39221176274606,18.898224433518784,20.607788237253942,81.10177556648122,50.85478190186758,Prioridade moderada
290350,BA,Belo Campo,19074.0,6.0,3.145643284051588,51.0,26.7379679144385,44.40369692172459,53.90541664619742,55.59630307827541,46.09458335380258,50.845443216038994,Prioridade moderada
520505,GO,Castelândia,2871.0,1.0,3.483106931382794,7.0,24.381748519679554,49.16731191715865,49.15513088810341,50.83268808284135,50.84486911189659,50.83877859736897,Prioridade moderada
210100,MA,Arari,30555.0,15.0,4.909180166912126,44.0,14.400261822942236,69.29766937366838,29.031829040413186,30.702330626331616,70.96817095958681,50.835250792959215,Prioridade moderada
320120,ES,Cachoeiro de Itapemirim,198342.0,43.0,2.1679724919583343,667.0,33.62878260781882,30.602959323335376,67.79773031292979,69.39704067666463,32.20226968707021,50.79965518186742,Prioridade moderada
231170,CE,Reriutaba,19051.0,9.0,4.724161461340612,30.0,15.747204871135374,66.68595730552005,31.747350520725163,33.31404269447995,68.25264947927484,50.783346086877394,Prioridade moderada
311350,MG,Carbonita,8603.0,3.0,3.487155643380216,21.0,24.410089503661514,49.2244632735659,49.21226808546258,50.7755367264341,50.78773191453742,50.78163432048576,Prioridade moderada
311440,MG,Carmo do Rio Claro,21506.0,11.0,5.11485166930159,28.0,13.019622430949502,72.20091498445956,26.2483736221975,27.79908501554044,73.7516263778025,50.77535569667147,Prioridade moderada
260850,PE,Lagoa de Itaenga,19863.0,10.0,5.034486230680159,27.0,13.59311282283643,71.06648165642775,27.40456614274287,28.933518343572246,72.59543385725713,50.76447610041469,Prioridade moderada
241480,RN,Vera Cruz,11053.0,6.0,5.428390482222021,12.0,10.856780964444042,76.62680856645026,21.887949869549807,23.373191433549735,78.1120501304502,50.74262078199997,Prioridade moderada
220230,PI,Canto do Buriti,19639.0,9.0,4.582718061001069,33.0,16.80329955700392,64.6893514245869,33.876503500553426,35.3106485754131,66.12349649944657,50.717072537429836,Prioridade moderada
270860,AL,São Miguel dos Campos,53380.0,17.0,3.184713375796178,142.0,26.601723491944547,44.95520780705811,53.63073936392381,55.04479219294189,46.36926063607619,50.707026414509045,Prioridade moderada
313690,MG,Juruaia,11652.0,6.0,5.1493305870236865,15.0,12.873326467559219,72.68761715456358,25.95343180442564,27.312382845436417,74.04656819557437,50.67947552050539,Prioridade moderada
260845,PE,Lagoa do Carro,18804.0,11.0,5.8498191874069345,15.0,7.97702616464582,82.57566888192869,16.082183970706634,17.424331118071308,83.91781602929336,50.671073573682335,Prioridade moderada
290500,BA,Caculé,23293.0,9.0,3.8638217490233115,51.0,21.8949899111321,54.541457632226944,44.14166990553255,45.458542367773056,55.85833009446745,50.65843623112025,Prioridade moderada
260270,PE,Buenos Aires,13276.0,7.0,5.2726724917143715,16.0,12.051822838204279,74.42870349496364,24.297229075839518,25.571296505036358,75.70277092416049,50.637033714598424,Prioridade moderada
250100,PB,Araruna,17360.0,10.0,5.76036866359447,15.0,8.640552995391706,81.31299107958667,17.419895586703205,18.687008920413334,82.5801044132968,50.633556666855064,Prioridade moderada
420010,SC,Abelardo Luz,17767.0,7.0,3.9398885574379467,38.0,21.387966454663136,55.615211774589824,43.11947888646129,44.384788225410176,56.88052111353871,50.63265466947445,Prioridade moderada
280350,SE,Lagarto,105957.0,29.0,2.736959332559435,316.0,29.823418934095905,38.63474072416841,60.12587899727433,61.36525927583159,39.87412100272567,50.61969013927863,Prioridade moderada
521930,GO,Santa Helena de Goiás,39601.0,10.0,2.5251887578596497,124.0,31.31234059745966,35.64540100355104,63.12763825115658,64.35459899644897,36.87236174884342,50.613480372646194,Prioridade moderada
210420,MA,Fortuna,17347.0,9.0,5.188216982763589,22.0,12.682308180088777,73.23653499898899,25.568326982470307,26.763465001011014,74.43167301752969,50.59756900927035,Prioridade moderada
210780,MA,Parnarama,32232.0,15.0,4.6537602382725245,53.0,16.443286175229584,65.69217819907041,33.15069399233449,34.30782180092959,66.84930600766552,50.57856390429755,Prioridade moderada
211020,MA,Santa Rita,38542.0,22.0,5.70805874111359,35.0,9.081002542680713,80.57458760083998,18.30786943850149,19.425412399160024,81.69213056149852,50.55877148032927,Prioridade moderada
293060,BA,Serrolândia,13863.0,5.0,3.606722931544399,33.0,23.804371348193033,50.91226737147893,47.991102376640605,49.08773262852107,52.008897623359395,50.548315125940235,Prioridade moderada
261190,PE,Rio Formoso,20388.0,12.0,5.885815185403178,16.0,7.847753580537572,83.08378605895378,15.821562350934148,16.916213941046223,84.17843764906586,50.54732579505604,Prioridade moderada
316710,MG,Serro,22624.0,9.0,3.9780763790664784,48.0,21.216407355021214,56.15426859209081,42.77360500497419,43.84573140790919,57.22639499502581,50.5360632014675,Prioridade moderada
221130,PI,Valença do Piauí,23025.0,10.0,4.3431053203040175,43.0,18.675352877307276,61.30699349149293,37.6506801521888,38.69300650850707,62.3493198478112,50.521163178159135,Prioridade moderada
432180,RS,Três de Maio,25466.0,11.0,4.319484803267101,48.0,18.848660959710987,60.97356780239485,38.0000800923795,39.02643219760515,61.9999199076205,50.51317605261283,Prioridade moderada
150300,PA,Faro,9167.0,5.0,5.454347114650377,10.0,10.908694229300753,76.99321070915374,21.99261026036636,23.006789290846257,78.00738973963364,50.50708951523995,Prioridade moderada
350880,SP,Cafelândia,16907.0,7.0,4.14029691843615,34.0,20.110013603832734,58.44416322228292,40.543045961616286,41.55583677771708,59.456954038383714,50.506395408050395,Prioridade moderada
510730,MT,São José do Rio Claro,14455.0,7.0,4.842615012106537,22.0,15.21964718090626,68.35803995843219,30.683761201308368,31.641960041567813,69.31623879869163,50.47909942012972,Prioridade moderada
320305,ES,Jaguaré,31551.0,19.0,6.021996133244588,22.0,6.972837627967419,85.00610750115962,14.057677036065813,14.993892498840381,85.94232296393419,50.468107731387285,Prioridade moderada
250160,PB,Barra de Santa Rosa,13024.0,9.0,6.91031941031941,1.0,0.7678132678132678,97.5456213626737,1.547959599637426,2.4543786373263003,98.45204040036258,50.45320951884444,Prioridade moderada
521910,GO,Santa Bárbara de Goiás,6306.0,2.0,3.1715826197272436,17.0,26.958452267681572,44.76985490458689,54.34992690081244,55.23014509541311,45.65007309918756,50.440109097300336,Prioridade moderada
291680,BA,Itarantim,17485.0,8.0,4.575350300257363,30.0,17.157563625965114,64.58534859098083,34.5907220343343,35.41465140901917,65.4092779656657,50.41196468734243,Prioridade moderada
210740,MA,Olho d'Água das Cunhãs,18288.0,10.0,5.468066491688539,20.0,10.936132983377078,77.18687254711422,22.047928505771914,22.81312745288578,77.95207149422808,50.38259947355693,Prioridade moderada
316470,MG,São Sebastião do Paraíso,75179.0,29.0,3.8574601950012637,167.0,22.21365008845555,54.451658347553334,44.784108765588776,45.548341652446666,55.215891234411224,50.38211644342894,Prioridade moderada
210670,MA,Mirador,21536.0,12.0,5.5720653789004455,22.0,10.215453194650818,78.65491410521683,20.594992949708047,21.345085894783168,79.40500705029196,50.37504647253756,Prioridade moderada
260190,PE,Bezerros,65007.0,25.0,3.845739689571892,145.0,22.305290199516975,54.28621245179844,44.96886096456207,45.71378754820156,55.03113903543793,50.37246329181974,Prioridade moderada
291210,BA,Ibicaraí,22131.0,11.0,4.970403506393747,32.0,14.459355654963627,70.1618940696664,29.15096590401206,29.838105930333597,70.84903409598795,50.34357001316077,Prioridade moderada
431365,RS,Palmares do Sul,13189.0,5.0,3.791037986200622,30.0,22.74622791720373,53.514046748867415,45.85781899843317,46.485953251132585,54.14218100156683,50.31406712634971,Prioridade moderada
292640,BA,Riacho de Santana,32060.0,14.0,4.366812227074236,60.0,18.714909544603866,61.64163865247271,37.730428869016535,38.35836134752729,62.269571130983465,50.31396623925538,Prioridade moderada
430780,RS,Estrela,33263.0,8.0,2.405074707633106,108.0,32.46850855304693,33.949878847767785,65.45854520557998,66.05012115223221,34.54145479442002,50.295787973326114,Prioridade moderada
354425,SP,Rosana,17434.0,2.0,1.1471836641046231,72.0,41.29861190776643,16.193570323983305,83.26058617923621,83.80642967601669,16.739413820763787,50.27292174839024,Prioridade moderada
240580,RN,João Câmara,34849.0,20.0,5.739045596717266,32.0,9.182472954747626,81.01199604818645,18.512440139507326,18.988003951813553,81.48755986049267,50.23778190615311,Prioridade moderada
352420,SP,Jaborandi,6280.0,2.0,3.184713375796178,17.0,27.070063694267514,44.95520780705811,54.574942521739366,55.04479219294189,45.425057478260634,50.23492483560126,Prioridade moderada
430420,RS,Candelária,29775.0,8.0,2.686817800167926,91.0,30.56255247691016,37.926946099523086,61.616018476462905,62.073053900476914,38.383981523537095,50.228517712007005,Prioridade moderada
520993,GO,Inaciolândia,6076.0,2.0,3.291639236339697,16.0,26.333113890717577,46.46456633119239,53.08920559757166,53.53543366880761,46.91079440242834,50.223114035617975,Prioridade moderada
500500,MS,Jardim,24504.0,12.0,4.897159647404505,37.0,15.099575579497225,69.12798849861042,30.441689338478618,30.87201150138958,69.55831066152138,50.21516108145548,Prioridade moderada
412190,PR,Ribeirão do Pinhal,13158.0,2.0,1.519987840097279,51.0,38.75968992248062,21.456049933753224,78.14196056464277,78.54395006624678,21.858039435357227,50.200994750802,Prioridade moderada
290755,BA,Caturama,9108.0,4.0,4.391743522178305,17.0,18.664909969257796,61.99356719989569,37.62962659601705,38.00643280010431,62.37037340398295,50.18840310204363,Prioridade moderada
230125,CE,Ararendá,11532.0,4.0,3.46860908775581,29.0,25.14741588622962,48.962661295234994,50.698764216498205,51.037338704765006,49.301235783501795,50.1692872441334,Prioridade moderada
261247,PE,Santa Cruz da Baixa Verde,11934.0,6.0,5.027652086475616,17.0,14.245014245014247,70.97001131933759,28.71884020751829,29.029988680662413,71.2811597924817,50.15557423657206,Prioridade moderada
293260,BA,Urandi,15776.0,6.0,3.8032454361054766,36.0,22.81947261663286,53.68636632130925,46.005484896323665,46.31363367869075,53.994515103676335,50.15407439118354,Prioridade moderada
290130,BA,Andaraí,13545.0,5.0,3.6913990402362495,32.0,23.624953857511997,52.107549839114974,47.629385487020365,47.892450160885026,52.370614512979635,50.13153233693233,Prioridade moderada
150304,PA,Floresta do Araguaia,18595.0,10.0,5.377789728421619,22.0,11.831137402527562,75.91253160213094,23.852313426454018,24.08746839786906,76.14768657354598,50.11757748570752,Prioridade moderada
312390,MG,Entre Rios de Minas,15157.0,4.0,2.6390446658309687,47.0,31.00877482351389,37.25258362846539,62.51563065295629,62.74741637153461,37.48436934704371,50.11589285928916,Prioridade moderada
421750,SC,Seara,19399.0,8.0,4.123923913603794,40.0,20.61961956801897,58.21304294619824,41.57044347786553,41.78695705380176,58.42955652213447,50.108256787968116,Prioridade moderada
351520,SP,Estrela d'Oeste,9696.0,3.0,3.094059405940594,27.0,27.846534653465344,43.67554223829285,56.140356569028626,56.32445776170715,43.859643430971374,50.09205059633926,Prioridade moderada
110005,RO,Cerejeiras,16966.0,6.0,3.536484734174231,42.0,24.755393139219613,49.920789525225445,49.90842182473589,50.079210474774555,50.09157817526411,50.08539432501934,Prioridade moderada
411950,PR,Piraquara,127433.0,21.0,1.6479247918514044,484.0,37.98074282171808,23.261999660978024,76.57155446099577,76.73800033902198,23.42844553900423,50.083222939013105,Prioridade moderada
290250,BA,Baianópolis,14138.0,6.0,4.243881737162258,28.0,19.804781440090537,59.90635981645035,39.92767881729944,40.09364018354965,60.07232118270056,50.08298068312511,Prioridade moderada
311370,MG,Carlos Chagas,18783.0,7.0,3.7267742107224615,44.0,23.425437895969758,52.60690345520616,47.22714882233002,47.39309654479384,52.77285117766998,50.082973861231906,Prioridade moderada
412660,PR,Siqueira Campos,24031.0,12.0,4.993549997919355,35.0,14.564520827264783,70.48862844533936,29.36298547287771,29.51137155466064,70.63701452712229,50.074193040891466,Prioridade moderada
350490,SP,Bananal,10097.0,5.0,4.951965930474398,15.0,14.855897791423194,69.90163044179582,29.95041966773968,30.098369558204183,70.04958033226032,50.07397494523225,Prioridade moderada
261600,PE,Venturosa,17563.0,9.0,5.12440926948699,24.0,13.66509138529864,72.33582944983559,27.54967942926995,27.664170550164414,72.45032057073004,50.05724556044723,Prioridade moderada
150549,PA,Palestina do Pará,7063.0,2.0,2.8316579357213647,21.0,29.73240832507433,39.971500074801774,59.942395913809236,60.028499925198226,40.057604086190764,50.04305200569449,Prioridade moderada
521973,GO,Santo Antônio de Goiás,8066.0,3.0,3.7193156459211507,19.0,23.55566575750062,52.50161883740236,47.48969634117021,47.49838116259764,52.51030365882979,50.00434241071372,Prioridade moderada
250210,PB,Boa Ventura,5246.0,4.0,7.624857033930613,0.0,0.0,100.0,0.0,0.0,100.0,50.0,Prioridade moderada
320016,ES,Água Doce do Norte,12585.0,9.0,7.151370679380214,0.0,0.0,100.0,0.0,0.0,100.0,50.0,Prioridade moderada
330120,RJ,Carmo,17741.0,7.0,3.945662589481991,39.0,21.982977284256805,55.69671763706315,44.319057956227695,44.30328236293685,55.680942043772305,49.99211220335458,Prioridade moderada
313930,MG,Manga,19148.0,7.0,3.6557342803425947,46.0,24.023396699394194,51.604108397698845,48.432671191831034,48.395891602301155,51.567328808168966,49.98161020523506,Prioridade moderada
521060,GO,Itaguaru,4837.0,2.0,4.134794293983874,10.0,20.673971469919373,58.36648853180172,41.68002031357833,41.63351146819828,58.31997968642167,49.97674557730997,Prioridade moderada
250130,PB,Aroeiras,19142.0,10.0,5.224114512590115,25.0,13.06028628147529,73.74326220570602,26.33035448970567,26.256737794293983,73.66964551029433,49.96319165229416,Prioridade moderada
291630,BA,Itapebi,9464.0,5.0,5.283178360101438,12.0,12.679628064243449,74.57700365287538,25.562923701197597,25.422996347124624,74.4370762988024,49.93003632296351,Prioridade moderada
291465,BA,Itabela,29588.0,14.0,4.7316479653913746,49.0,16.56076787886981,66.79163631196006,33.38754445917987,33.20836368803994,66.61245554082012,49.91040961443003,Prioridade moderada
353290,SP,Nova Europa,9459.0,5.0,5.285971032878741,12.0,12.686330478908975,74.61642484097817,25.576436188617617,25.38357515902183,74.42356381138238,49.903569485202105,Prioridade moderada
260950,PE,Nazaré da Mata,32187.0,17.0,5.281635442880667,41.0,12.738061950476899,74.55522393328867,25.68073007278688,25.444776066711327,74.31926992721313,49.88202299696223,Prioridade moderada
431270,RS,Nonoai,14074.0,2.0,1.4210601108426886,56.0,39.78968310359528,20.059592513025787,80.21849127738801,79.94040748697421,19.78150872261199,49.8609581047931,Prioridade moderada
412800,PR,Ubiratã,25732.0,11.0,4.274832892896005,51.0,19.819679776154203,60.34326432674442,39.95771479517992,39.65673567325558,60.04228520482008,49.84951043903783,Prioridade moderada
231010,CE,Palmácia,10252.0,5.0,4.8770971517752635,16.0,15.606710885680844,68.84478760932622,31.464105853574466,31.155212390673782,68.53589414642553,49.84555326854966,Prioridade moderada
354160,SP,Promissão,35973.0,15.0,4.169794012175799,74.0,20.570983793400604,58.860542287616745,41.47239071248325,41.139457712383255,58.52760928751675,49.83353349995001,Prioridade moderada
110029,RO,Santa Luzia D'Oeste,7837.0,2.0,2.5519969376036746,25.0,31.899961720045937,36.023823533026025,64.31231920912926,63.976176466973975,35.68768079087074,49.831928628922356,Prioridade moderada
313580,MG,Jequitinhonha,24516.0,10.0,4.078968836678087,52.0,21.210637950726056,57.57845999109254,42.761973524851015,42.42154000890746,57.238026475148985,49.82978324202823,Prioridade moderada
410240,PR,Bandeirantes,31747.0,11.0,3.464894320723218,81.0,25.514221816234603,48.91022388432882,51.438267927045224,51.08977611567118,48.561732072954776,49.82575409431298,Prioridade moderada
210407,MA,Feira Nova do Maranhão,8237.0,3.0,3.642102707296346,20.0,24.280684715308972,51.41168599520304,48.95137993365992,48.58831400479696,51.04862006634008,49.81846703556852,Prioridade moderada
522050,GO,Serranópolis,8237.0,4.0,4.856136943061794,13.0,15.782445064950831,68.54891466027073,31.818396956878946,31.451085339729275,68.18160304312106,49.816344191425166,Prioridade moderada
230330,CE,Cariús,17277.0,9.0,5.209237714881056,23.0,13.31249638247381,73.53326229249652,26.838825837274427,26.466737707503484,73.16117416272557,49.81395593511453,Prioridade moderada
412033,PR,Prado Ferreira,3816.0,1.0,2.620545073375262,12.0,31.446540880503147,36.99144457918304,63.398194420370565,63.00855542081696,36.601805579629435,49.8051805002232,Prioridade moderada
261520,PE,Terra Nova,9231.0,5.0,5.416531253385332,11.0,11.91636875744773,76.45940446005984,24.024145171970122,23.540595539940156,75.97585482802988,49.75822518398502,Prioridade moderada
410290,PR,Bituruna,15650.0,5.0,3.194888178913738,43.0,27.47603833865815,45.098834669061496,55.39341281176659,54.901165330938504,44.60658718823341,49.75387625958596,Prioridade moderada
421420,SC,Quilombo,11433.0,2.0,1.7493221376716521,43.0,37.61042595994052,24.6933180292421,75.8249724922721,75.3066819707579,24.175027507727904,49.7408547392429,Prioridade moderada
290670,BA,Cândido Sales,26469.0,11.0,4.155804903849786,55.0,20.77902451924893,58.663072940261706,41.8918138355163,41.336927059738294,58.1081861644837,49.72255661211099,Prioridade moderada
520430,GO,Caçu,14034.0,6.0,4.275331338178709,28.0,19.951546244833974,60.35030034808143,40.22356584858055,39.64969965191857,59.77643415141945,49.71306690166901,Prioridade moderada
520440,GO,Caiapônia,16628.0,5.0,3.0069761847486167,48.0,28.866971373586722,42.44628112646213,58.197620858343534,57.55371887353787,41.802379141656466,49.67804900759717,Prioridade moderada
250053,PB,Alcantil,5806.0,4.0,6.889424733034792,1.0,1.722356183258698,97.2506734510248,3.4723778549221223,2.749326548975205,96.52762214507788,49.638474347026545,Prioridade moderada
291915,BA,Lapão,27014.0,12.0,4.4421411120159915,51.0,18.879099726067963,62.70497631487191,38.061446550291315,37.29502368512809,61.938553449708685,49.61678856741839,Prioridade moderada
230670,CE,Jaguaretama,17604.0,7.0,3.9763690070438535,39.0,22.154055896387188,56.130167439169355,44.663963144821395,43.869832560830645,55.336036855178605,49.602934708004625,Prioridade moderada
120045,AC,Senador Guiomard,22402.0,11.0,4.910275868226051,35.0,15.623605035264708,69.31313622247063,31.4981655164148,30.686863777529368,68.5018344835852,49.59434913055728,Prioridade moderada
520170,GO,Aragarças,18601.0,8.0,4.300844040642976,37.0,19.891403687973767,60.710436004155675,40.10231469007473,39.289563995844325,59.89768530992527,49.5936246528848,Prioridade moderada
310820,MG,Bonfinópolis de Minas,5600.0,3.0,5.357142857142858,7.0,12.5,75.62108170401562,25.200782282097293,24.378918295984377,74.7992177179027,49.58906800694354,Prioridade moderada
150095,PA,Aurora do Pará,24193.0,9.0,3.7200843219112967,58.0,23.973876741206134,52.512469417908584,48.332835857037765,47.487530582091416,51.667164142962235,49.57734736252682,Prioridade moderada
510025,MT,Alta Floresta,62158.0,19.0,3.056726406898549,178.0,28.636700022523247,43.148552041074154,57.733379403627126,56.851447958925846,42.266620596372874,49.55903427764936,Prioridade moderada
270420,AL,Limoeiro de Anadia,25184.0,16.0,6.353240152477764,14.0,5.559085133418043,89.681926629074,11.207463530792953,10.318073370926001,88.79253646920705,49.555304920066526,Prioridade moderada
231300,CE,Solonópole,18785.0,9.0,4.791056694170881,31.0,16.502528613255258,67.63024608078054,33.27013045493814,32.36975391921946,66.72986954506186,49.54981173214066,Prioridade moderada
421210,SC,Palmitos,15781.0,3.0,1.9010202141816108,58.0,36.75305747417781,26.834678255021068,74.0964639686531,73.16532174497894,25.903536031346903,49.53442888816292,Prioridade moderada
210900,MA,Porto Franco,24571.0,8.0,3.255870741931545,67.0,27.267917463676692,45.95966058008627,54.9738281030652,54.04033941991373,45.0261718969348,49.53325565842427,Prioridade moderada
260070,PE,Aliança,37349.0,23.0,6.158130070416878,26.0,6.961364427427776,86.92776534380403,14.034546345755544,13.072234656195974,85.96545365424446,49.518844155220215,Prioridade moderada
290300,BA,Barra do Mendes,14376.0,6.0,4.173622704507513,30.0,20.868113522537563,58.914587860668824,42.07142284156477,41.085412139331176,57.92857715843523,49.50699464888321,Prioridade moderada
241260,RN,São Paulo do Potengi,17371.0,9.0,5.181048874561051,24.0,13.8161303321628,73.13535044772681,27.85418339855323,26.864649552273193,72.14581660144677,49.50523307685998,Prioridade moderada
432195,RS,Trindade do Sul,7785.0,2.0,2.5690430314707773,25.0,32.113037893384714,36.26444509034361,64.7418941094343,63.73555490965639,35.2581058905657,49.49683040011105,Prioridade moderada
251450,PB,São José de Piranhas,19561.0,11.0,5.623434384745155,21.0,10.735647461786208,79.38003566565037,21.643737147345977,20.619964334349632,78.35626285265403,49.48811359350183,Prioridade moderada
291770,BA,Jaguarari,34528.0,18.0,5.213160333642262,47.0,13.612140871177017,73.58863372494568,27.442927879021617,26.41136627505432,72.55707212097838,49.48421919801635,Prioridade moderada
410680,PR,Cruz Machado,15759.0,6.0,3.807348181991243,37.0,23.47864712227933,53.74428041658575,47.334421952540126,46.25571958341425,52.665578047459874,49.46064881543706,Prioridade moderada
270550,AL,Murici,25926.0,11.0,4.2428450204427985,53.0,20.442798734860755,59.89172559036439,41.213961612316794,40.10827440963561,58.786038387683206,49.44715639865941,Prioridade moderada
355580,SP,Urânia,8973.0,3.0,3.3433634236041456,24.0,26.746907388833165,47.19470160954947,53.923439186032326,52.80529839045053,46.076560813967674,49.4409296022091,Prioridade moderada
230565,CE,Ipaporanga,11963.0,6.0,5.01546434840759,18.0,15.046393045222771,70.79796999790811,30.33447002108176,29.202030002091888,69.66552997891824,49.433779990505066,Prioridade moderada
261618,PE,Vertente do Lério,7776.0,5.0,6.4300411522633745,4.0,5.1440329218107,90.76604456929172,10.370692297159383,9.233955430708278,89.62930770284062,49.43163156677445,Prioridade moderada
521483,GO,Nova Crixás,13153.0,3.0,2.2808484756329355,45.0,34.21272713449403,32.196309400325966,68.97499902345493,67.80369059967404,31.025000976545073,49.41434578810956,Prioridade moderada
316500,MG,São Tiago,11559.0,4.0,3.4605069642702655,30.0,25.953802232026995,48.84829224471407,52.32448955535386,51.15170775528593,47.67551044464614,49.41360909996604,Prioridade moderada
520640,GO,Crixás,17532.0,6.0,3.4223134839151266,46.0,26.23773671001597,48.30915554899469,52.896919232328344,51.69084445100531,47.103080767671656,49.39696260933849,Prioridade moderada
260800,PE,Jataúba,16328.0,9.0,5.512003919647232,19.0,11.636452719255267,77.80709043529289,23.459816921109685,22.192909564707108,76.54018307889032,49.366546321798715,Prioridade moderada
210542,MA,Itinga do Maranhão,22896.0,10.0,4.367575122292103,45.0,19.654088050314467,61.65240763197173,39.623871512731604,38.34759236802827,60.376128487268396,49.36186042764834,Prioridade moderada
210630,MA,Magalhães de Almeida,13933.0,7.0,5.024043637407593,21.0,15.07213091222278,70.91907468593536,30.386359171695588,29.080925314064643,69.61364082830441,49.34728307118453,Prioridade moderada
310800,MG,Bom Sucesso,17515.0,8.0,4.567513559805881,32.0,18.270054239223523,64.47472567018553,36.833572733182464,35.525274329814465,63.166427266817536,49.345850798316,Prioridade moderada
313180,MG,Itabirinha,10548.0,5.0,4.740235115661736,18.0,17.064846416382252,66.91285196917069,34.403798337334194,33.08714803082931,65.5962016626658,49.34167484674756,Prioridade moderada
350970,SP,Campos do Jordão,47956.0,8.0,1.668195846192343,185.0,38.57702894319793,23.54814455153265,77.77370459901576,76.45185544846734,22.22629540098424,49.33907542472579,Prioridade moderada
260710,PE,Ingazeira,4975.0,3.0,6.030150753768845,4.0,8.040201005025125,85.1212175964799,16.209548402555043,14.878782403520106,83.79045159744496,49.33461700048253,Prioridade moderada
522155,GO,Turvelândia,5171.0,1.0,1.9338619222587505,19.0,36.743376522916265,27.298269679783882,74.07694656505103,72.70173032021611,25.92305343494897,49.31239187758254,Prioridade moderada
430040,RS,Alegrete,74285.0,26.0,3.5000336541697514,192.0,25.846402369253553,49.40624844003802,52.10796471064341,50.59375155996198,47.89203528935659,49.242893424659286,Prioridade moderada
291060,BA,Esplanada,34163.0,14.0,4.098000761057285,74.0,21.6608611655885,57.84711340333914,43.669651702138566,42.15288659666086,56.330348297861434,49.24161744726115,Prioridade moderada
421175,SC,Otacílio Costa,17873.0,6.0,3.357018967157164,48.0,26.856151737257314,47.38746237816678,54.143682629247245,52.61253762183322,45.856317370752755,49.23442749629299,Prioridade moderada
353600,SP,Parapuã,10720.0,4.0,3.7313432835820897,26.0,24.25373134328358,52.67140019185167,48.8970402488455,47.32859980814833,51.1029597511545,49.21577977965141,Prioridade moderada
420940,SC,Laguna,44060.0,20.0,4.5392646391284615,82.0,18.61098502042669,64.0759657349807,37.52091052441177,35.9240342650193,62.47908947558823,49.20156187030376,Prioridade moderada
220290,PI,Corrente,28381.0,13.0,4.580529227299954,52.0,18.322116909199817,64.65845398978584,36.93853433407025,35.34154601021416,63.06146566592975,49.20150583807195,Prioridade moderada
410650,PR,Coronel Vivida,24010.0,10.0,4.164931278633903,51.0,21.241149521032902,58.79190025579445,42.823486760082034,41.20809974420555,57.176513239917966,49.19230649206176,Prioridade moderada
312800,MG,Guanhães,33517.0,16.0,4.773696929916162,57.0,17.006295312826325,67.38519677258107,34.28575564828704,32.61480322741893,65.71424435171296,49.16452378956595,Prioridade moderada
412020,PR,Porto Rico,3370.0,1.0,2.9673590504451037,10.0,29.673590504451038,41.88704822378708,59.82381550646243,58.11295177621292,40.17618449353757,49.14456813487524,Prioridade moderada
240170,RN,Bom Jesus,10308.0,6.0,5.820721769499418,10.0,9.701202949165697,82.16493161476279,19.558232271709198,17.835068385237207,80.4417677282908,49.138418056764,Prioridade moderada
210810,MA,Paulo Ramos,20798.0,10.0,4.8081546302529095,35.0,16.82854120588518,67.8715994394473,33.927392244385246,32.128400560552706,66.07260775561475,49.10050415808373,Prioridade moderada
211070,MA,São Domingos do Maranhão,35247.0,19.0,5.390529690470111,45.0,12.767044003745,76.09236808151296,25.73915970594668,23.90763191848704,74.26084029405332,49.08423610627018,Prioridade moderada
241210,RN,São João do Sabugi,6136.0,3.0,4.889178617992178,10.0,16.297262059973924,69.01532880418635,32.85630023741499,30.984671195813647,67.14369976258502,49.06418547919933,Prioridade moderada
210510,MA,Icatu,25332.0,14.0,5.526606663508606,30.0,11.842728564661298,78.01322182213308,23.87568193472032,21.986778177866924,76.12431806527968,49.0555481215733,Prioridade moderada
314915,MG,Pedras de Maria da Cruz,10601.0,8.0,7.54645788133195,1.0,0.9433072351664937,100.0,1.901766420684637,0.0,98.09823357931536,49.04911678965768,Prioridade moderada
412460,PR,São Carlos do Ivaí,6727.0,2.0,2.973093503790694,20.0,29.730935037906942,41.9679953959157,59.93942567467768,58.0320046040843,40.06057432532232,49.04628946470331,Prioridade moderada
260560,PE,Flores,20776.0,11.0,5.29457065845206,28.0,13.477088948787063,74.73781659875756,27.170654751587385,25.26218340124244,72.82934524841261,49.04576432482752,Prioridade moderada
310825,MG,Bonito de Minas,10525.0,15.0,14.251781472684087,1.0,0.9501187648456056,100.0,1.9154988908007444,0.0,98.08450110919925,49.042250554599626,Prioridade moderada
352740,SP,Lucélia,20378.0,11.0,5.397978211797036,26.0,12.758857591520266,76.19751092628262,25.72265538657492,23.802489073717382,74.27734461342507,49.03991684357123,Prioridade moderada
316970,MG,Turmalina,20769.0,9.0,4.333381482016467,42.0,20.222446916076848,61.16973241983062,40.76971855546581,38.83026758016938,59.23028144453419,49.03027451235178,Prioridade moderada
231330,CE,Tauá,64655.0,22.0,3.4026757404686414,173.0,26.757404686412496,48.031950434020175,53.9446023949001,51.968049565979825,46.0553976050999,49.01172358553986,Prioridade moderada
211230,MA,Tuntum,37364.0,19.0,5.085108660742962,56.0,14.987688684295042,71.78106460146364,30.216118355581813,28.21893539853636,69.78388164441819,49.00140852147727,Prioridade moderada
521270,GO,Mambaí,8493.0,4.0,4.709760979630284,15.0,17.661603673613563,66.48268103810784,35.60689831451402,33.51731896189216,64.39310168548599,48.95521032368907,Prioridade moderada
412720,PR,Terra Boa,18168.0,4.0,2.2016732716864817,64.0,35.22677234698371,31.078677347900154,71.01937763338736,68.92132265209985,28.980622366612636,48.95097250935624,Prioridade moderada
330022,RJ,Areal,12239.0,6.0,4.902361304028107,20.0,16.341204346760357,69.20141474670928,32.94489063759758,30.798585253290724,67.05510936240242,48.92684730784657,Prioridade moderada
351770,SP,Guará,18748.0,7.0,3.733731598037124,46.0,24.535950501386818,52.70511348405896,49.46601173358122,47.29488651594104,50.53398826641878,48.91443739117991,Prioridade moderada
500380,MS,Fátima do Sul,21504.0,8.0,3.720238095238095,53.0,24.64657738095238,52.51464007223306,49.68904244609958,47.48535992776694,50.31095755390042,48.89815874083368,Prioridade moderada
150720,PA,São Domingos do Capim,32554.0,19.0,5.8364563494501445,32.0,9.82982122012656,82.38703992655549,19.817534755227957,17.612960073444512,80.18246524477205,48.89771265910828,Prioridade moderada
230195,CE,Barreira,23474.0,14.0,5.9640453267444835,21.0,8.946067990116726,84.1880776688368,18.03583293598171,15.811922331163203,81.96416706401828,48.88804469759074,Prioridade moderada
500230,MS,Brasilândia,11833.0,7.0,5.915659596044959,11.0,9.29603650807065,83.50506782718983,18.74139137010532,16.494932172810167,81.25860862989468,48.876770401352424,Prioridade moderada
430890,RS,Getúlio Vargas,16955.0,5.0,2.9489826010026543,51.0,30.079622530227073,41.627647453306544,60.64240148095369,58.372352546693456,39.35759851904631,48.864975532869884,Prioridade moderada
353010,SP,Mirandópolis,28754.0,8.0,2.782221603950755,90.0,31.29999304444599,39.27366001646032,63.10274481153946,60.72633998353968,36.89725518846054,48.81179758600011,Prioridade moderada
120042,AC,Rodrigues Alves,15560.0,9.0,5.784061696658098,16.0,10.282776349614394,81.64744040022252,20.730720643370525,18.35255959977748,79.26927935662948,48.81091947820348,Prioridade moderada
250625,PB,Gado Bravo,8398.0,6.0,7.14455822814956,1.0,1.1907597046915932,100.0,2.400646085458185,0.0,97.59935391454181,48.799676957270904,Prioridade moderada
313535,MG,Japonvar,8385.0,7.0,8.348240906380441,1.0,1.1926058437686344,100.0,2.4043680173736237,0.0,97.59563198262637,48.797815991313186,Prioridade moderada
210760,MA,Palmeirândia,21657.0,13.0,6.002678117929538,19.0,8.773144941589324,84.73341564778649,17.68720924818206,15.266584352213513,82.31279075181794,48.78968755201573,Prioridade moderada
220370,PI,Esperantina,42710.0,23.0,5.385155701240928,56.0,13.111683446499649,76.016509197512,26.43397439096134,23.983490802488006,73.56602560903866,48.774758205763334,Prioridade moderada
261630,PE,Vicência,27151.0,14.0,5.156347832492357,40.0,14.732422378549593,72.78667213724262,29.701485507978102,27.21332786275738,70.2985144920219,48.75592117738964,Prioridade moderada
350190,SP,Amparo,69792.0,19.0,2.722375057313159,222.0,31.808803301237965,38.42887003910315,64.12853813188445,61.57112996089685,35.871461868115546,48.7212959145062,Prioridade moderada
320090,ES,Barra de São Francisco,45415.0,17.0,3.743256633270946,112.0,24.661455466255642,52.83956826468705,49.719037597179735,47.16043173531295,50.280962402820265,48.7206970690666,Prioridade moderada
220480,PI,Ipiranga do Piauí,9627.0,5.0,5.193725979017347,14.0,14.542432741248572,73.31429963340733,29.31845450913989,26.68570036659267,70.68154549086012,48.68362292872639,Prioridade moderada
521150,GO,Itumbiara,113322.0,42.0,3.7062529782390006,283.0,24.9730855438485,52.31722706619036,50.347303336217394,47.68277293380964,49.652696663782606,48.66773479879612,Prioridade moderada
290320,BA,Barreiras,171634.0,53.0,3.0879662537725623,503.0,29.30654765372828,43.58953169681188,59.08383414892127,56.41046830318812,40.91616585107873,48.66331707713343,Prioridade moderada
220380,PI,Flores do Piauí,4512.0,3.0,6.648936170212766,2.0,4.432624113475177,93.85595246952292,8.936447617765,6.144047530477081,91.063552382235,48.60379995635604,Prioridade moderada
260515,PE,Dormentes,17850.0,8.0,4.481792717086835,35.0,19.607843137254903,63.26469580466666,39.53063887387812,36.73530419533334,60.46936112612188,48.60233266072761,Prioridade moderada
330370,RJ,Paraíba do Sul,44479.0,24.0,5.395804761797702,59.0,13.264686706086017,76.16683064681983,26.742438537624324,23.833169353180168,73.25756146237568,48.54536540777792,Prioridade moderada
310910,MG,Bueno Brandão,11168.0,5.0,4.477077363896848,22.0,19.69914040114613,63.19813418434924,39.71469987150004,36.80186581565076,60.28530012849996,48.543582972075356,Prioridade moderada
241050,RN,Rafael Fernandes,5682.0,3.0,5.279831045406547,8.0,14.079549454417458,74.52975317537617,28.385252834463692,25.47024682462383,71.6147471655363,48.542496995080064,Prioridade moderada
431940,RS,São Pedro do Sul,15863.0,7.0,4.412784466998676,32.0,20.172728991993946,62.29057981460867,40.669484109039324,37.70942018539133,59.330515890960676,48.519968038176,Prioridade moderada
261460,PE,Tabira,29180.0,14.0,4.797806716929403,51.0,17.477724468814255,67.72552896498541,35.236186330005815,32.274471035014585,64.76381366999419,48.51914235250439,Prioridade moderada
521140,GO,Itauçu,7636.0,3.0,3.92875851231011,18.0,23.572551073860662,55.45810077821993,47.52373819567851,44.54189922178007,52.47626180432149,48.509080513050776,Prioridade moderada
231380,CE,Uruburetama,21331.0,12.0,5.625615301673621,25.0,11.72003187848671,79.41082134780132,23.62831773671867,20.589178652198683,76.37168226328133,48.480430457740006,Prioridade moderada
260080,PE,Altinho,21134.0,12.0,5.678054320052995,24.0,11.35610864010599,80.15104713589238,22.894625712892406,19.848952864107616,77.1053742871076,48.477163575607605,Prioridade moderada
320280,ES,Itapemirim,44020.0,17.0,3.8618809631985465,106.0,24.079963652885052,54.51406162518769,48.546713710173805,45.48593837481231,51.453286289826195,48.46961233231925,Prioridade moderada
251390,PB,São Bento,33845.0,17.0,5.022898507903679,54.0,15.95508937804698,70.90291011200361,32.16645869660521,29.09708988799639,67.83354130339478,48.465315595695586,Prioridade moderada
171360,TO,Monte do Carmo,5667.0,2.0,3.5292041644609142,15.0,26.469031233456857,49.81801747455884,53.36322346659036,50.18198252544116,46.63677653340964,48.409379529425394,Prioridade moderada
240270,RN,Cerro Corá,11334.0,5.0,4.411505205576143,23.0,20.292923945650255,62.27252184319856,40.91180465771927,37.72747815680144,59.08819534228073,48.40783674954108,Prioridade moderada
220540,PI,Joaquim Pires,14265.0,8.0,5.608131791097091,17.0,11.917280056081317,79.16402524453558,24.025982407046843,20.83597475546442,75.97401759295316,48.40499617420879,Prioridade moderada
314990,MG,Perdões,22075.0,11.0,4.983012457531144,36.0,16.308040770101925,70.33988120751017,32.8780307915924,29.660118792489826,67.12196920840759,48.39104400044871,Prioridade moderada
110003,RO,Cabixi,5664.0,3.0,5.296610169491525,8.0,14.124293785310734,74.76660620453521,28.475460205759656,25.233393795464792,71.52453979424034,48.378966794852566,Prioridade moderada
314240,MG,Moema,7812.0,4.0,5.1203277009728625,12.0,15.360983102918587,72.27821429296594,30.968703265250134,27.72178570703406,69.03129673474987,48.376541220891966,Prioridade moderada
251150,PB,Pilar,12889.0,8.0,6.206843044456513,10.0,7.758553805570641,87.61539453125144,15.641730022249853,12.38460546874856,84.35826997775015,48.37143772324936,Prioridade moderada
351110,SP,Catanduva,119275.0,27.0,2.263676378117795,422.0,35.38042339132257,31.953909183671236,71.32914775465142,68.04609081632876,28.670852245348584,48.35847153083867,Prioridade moderada
240560,RN,Jardim de Piranhas,14446.0,7.0,4.845632008860584,25.0,17.305828603073515,68.40062768926605,34.88963350698781,31.599372310733955,65.11036649301218,48.35486940187307,Prioridade moderada
261550,PE,Tracunhaém,14439.0,9.0,6.233118637024725,11.0,7.618256111919108,87.9862990946369,15.358881091658441,12.013700905363095,84.64111890834155,48.327409906852324,Prioridade moderada
420480,SC,Curitibanos,41741.0,13.0,3.1144438322033494,123.0,29.46743010469323,43.96328747955517,59.40818323850349,56.03671252044483,40.59181676149651,48.31426464097067,Prioridade moderada
311880,MG,Coração de Jesus,26138.0,12.0,4.59101691024562,50.0,19.129237126023416,64.80649744318426,38.565739202842295,35.193502556815744,61.434260797157705,48.313881676986725,Prioridade moderada
220110,PI,Avelino Lopes,11118.0,5.0,4.497211728728189,22.0,19.78773160640403,63.48234957463684,39.89330528556507,36.51765042536316,60.10669471443493,48.31217256989905,Prioridade moderada
410160,PR,Arapoti,26325.0,13.0,4.938271604938271,44.0,16.714150047483383,69.70832222921604,33.696772510154794,30.291677770783963,66.3032274898452,48.29745263031458,Prioridade moderada
270280,AL,Flexeiras,9745.0,5.0,5.13083632632119,15.0,15.392508978963571,72.42655336796432,31.032261404327098,27.573446632035683,68.9677385956729,48.27059261385429,Prioridade moderada
500740,MS,Rio Verde de Mato Grosso,20454.0,12.0,5.866823115283074,21.0,10.26694045174538,82.81569522684804,20.69879448221544,17.184304773151965,79.30120551778455,48.24275514546826,Prioridade moderada
210095,MA,Arame,26089.0,12.0,4.599639694890567,50.0,19.16516539537736,64.92821611291923,38.6381728423432,35.07178388708077,61.3618271576568,48.21680552236879,Prioridade moderada
431800,RS,São Borja,61311.0,28.0,4.56688033142503,119.0,19.409241408556376,64.4657870593621,39.13024535981574,35.5342129406379,60.86975464018426,48.20198379041108,Prioridade moderada
140015,RR,Bonfim,15570.0,11.0,7.064868336544637,3.0,1.9267822736030829,99.72722399844491,3.8845136465660577,0.2727760015550871,96.11548635343394,48.19413117749451,Prioridade moderada
316570,MG,Senador Firmino,7977.0,5.0,6.268020559107433,6.0,7.5216246709289205,88.47897236690639,15.164066059178516,11.52102763309361,84.83593394082149,48.17848078695755,Prioridade moderada
310190,MG,Alpinópolis,18673.0,8.0,4.284260697263428,40.0,21.42130348631714,60.47634660275798,43.1866884285928,39.52365339724202,56.8133115714072,48.16848248432461,Prioridade moderada
310350,MG,Araguari,123432.0,31.0,2.5115043100654613,418.0,33.86480005185041,35.45223222453689,68.27355625067514,64.54776777546311,31.726443749324858,48.137105762393986,Prioridade moderada
330310,RJ,Natividade,15551.0,7.0,4.501318243199794,31.0,19.934409362741945,63.54031686702702,40.189016821812935,36.45968313297298,59.810983178187065,48.13533315558002,Prioridade moderada
421170,SC,Orleans,24686.0,13.0,5.266142752977395,36.0,14.583164546706636,74.33653012574382,29.400572378044327,25.66346987425618,70.59942762195567,48.131448748105925,Prioridade moderada
140040,RR,Normandia,16323.0,11.0,6.738957299516021,7.0,4.288427372419285,95.12668490202704,8.645737963594,4.873315097972963,91.354262036406,48.11378856718948,Prioridade moderada
310950,MG,Cabo Verde,11269.0,4.0,3.549560741858195,30.0,26.621705563936462,50.10536960303931,53.67102447158888,49.89463039696069,46.32897552841112,48.11180296268591,Prioridade moderada
210270,MA,Cantanhede,25059.0,10.0,3.9905822259467656,59.0,23.544435133085916,56.33080031691706,47.46705469950886,43.66919968308294,52.53294530049114,48.101072491787036,Prioridade moderada
110006,RO,Colorado do Oeste,16508.0,5.0,3.028834504482675,50.0,30.28834504482675,42.75483175253286,61.063199132777555,57.24516824746714,38.936800867222445,48.0909845573448,Prioridade moderada
240310,RN,Currais Novos,42922.0,19.0,4.426634360001864,88.0,20.502306509482317,62.48608400748071,41.3339330101032,37.51391599251929,58.6660669898968,48.08999149120804,Prioridade moderada
260920,PE,Maraial,9322.0,5.0,5.36365586783952,13.0,13.945505256382752,75.71301894130148,28.11501134239561,24.286981058698515,71.8849886576044,48.085984858151456,Prioridade moderada
350550,SP,Barretos,126957.0,19.0,1.4965697047031672,521.0,41.03751663949211,21.125481050821044,82.73420177838287,78.87451894917896,17.265798221617132,48.07015858539805,Prioridade moderada
150270,PA,Conceição do Araguaia,47144.0,15.0,3.18174104870185,138.0,29.272017648057016,44.91325063024854,59.01421949651158,55.08674936975146,40.98578050348842,48.03626493661994,Prioridade moderada
260825,PE,Jucati,12023.0,8.0,6.65391333277884,6.0,4.99043499958413,93.9262097740414,10.061029273398239,6.073790225958604,89.93897072660177,48.006380476280185,Prioridade moderada
231126,CE,Quiterianópolis,20545.0,11.0,5.35410075444147,29.0,14.115356534436604,75.57813957925468,28.4574421486813,24.42186042074532,71.5425578513187,47.98220913603201,Prioridade moderada
140047,RR,Rorainópolis,37787.0,14.0,3.704977902453225,97.0,25.670204038425915,52.299228178957705,51.752737848750904,47.700771821042295,48.247262151249096,47.9740169861457,Prioridade moderada
292465,BA,Pintadas,10654.0,7.0,6.570302233902759,6.0,5.631687629059508,92.74596091600688,11.353834705656752,7.254039083993121,88.64616529434325,47.950102189168184,Prioridade moderada
290900,BA,Cordeiros,7748.0,5.0,6.453278265358803,5.0,6.453278265358803,91.09405815317662,13.010212845687816,8.905941846823382,86.98978715431218,47.94786450056778,Prioridade moderada
421360,SC,Porto União,33694.0,13.0,3.8582536950198847,83.0,24.63346589897311,54.462859342438186,49.66260887787916,45.537140657561814,50.33739112212084,47.93726588984133,Prioridade moderada
110070,RO,Campo Novo de Rondônia,9095.0,5.0,5.497526113249038,12.0,13.194062671797692,77.60272265759345,26.60005606466565,22.397277342406554,73.39994393533435,47.89861063887045,Prioridade moderada
171650,TO,Pedro Afonso,14895.0,6.0,4.028197381671702,35.0,23.497818059751594,56.8617734196022,47.37307176225071,43.1382265803978,52.62692823774929,47.88257740907355,Prioridade moderada
293300,BA,Valente,25132.0,14.0,5.570587299060958,32.0,12.73277096928219,78.6340496259062,25.67006312357516,21.3659503740938,74.32993687642484,47.84794362525932,Prioridade moderada
432100,RS,Tapera,10824.0,4.0,3.695491500369549,28.0,25.868440502586843,52.165318741375636,52.152394966646284,47.834681258624364,47.847605033353716,47.84114314598904,Prioridade moderada
260370,PE,Canhotinho,25103.0,14.0,5.577022666613552,32.0,12.747480380830977,78.72489085759769,25.699718217810258,21.275109142402314,74.30028178218974,47.78769546229603,Prioridade moderada
354190,SP,Queluz,9074.0,4.0,4.408199250606128,19.0,20.938946440379105,62.225855196897726,42.214226436839205,37.774144803102274,57.785773563160795,47.77995918313154,Prioridade moderada
210667,MA,Milagres do Maranhão,9065.0,5.0,5.515719801434088,12.0,13.237727523441809,77.85954358199807,26.688087138238725,22.140456418001932,73.31191286176127,47.7261846398816,Prioridade moderada
312810,MG,Guapé,14076.0,7.0,4.973003694231316,24.0,17.050298380221655,70.19859815282307,34.37446858598097,29.801401847176933,65.62553141401904,47.713466630597985,Prioridade moderada
350340,SP,Arealva,8290.0,4.0,4.8250904704463204,15.0,18.094089264173704,68.11066466304581,36.47881633114205,31.88933533695419,63.52118366885795,47.705259502906074,Prioridade moderada
500690,MS,Porto Murtinho,12721.0,7.0,5.502712050939392,17.0,13.363729266567095,77.67592701824836,26.942114537891932,22.32407298175164,73.05788546210806,47.69097922192985,Prioridade moderada
292273,BA,Nova Fátima,8283.0,4.0,4.829168175781722,15.0,18.109380659181454,68.1682252875347,36.50964474045244,31.831774712465304,63.49035525954756,47.66106498600644,Prioridade moderada
240200,RN,Caicó,63338.0,26.0,4.1049606871072655,147.0,23.20881619249108,57.94535926881531,46.79042591137457,42.05464073118469,53.20957408862543,47.63210740990506,Prioridade moderada
220020,PI,Água Branca,18095.0,8.0,4.421110804089527,38.0,21.000276319425257,62.40811384986459,42.33787131117756,37.59188615013541,57.66212868882244,47.62700741947893,Prioridade moderada
430650,RS,Dom Feliciano,13280.0,7.0,5.271084337349397,20.0,15.060240963855422,74.4062852107784,30.36238829168349,25.593714789221593,69.63761170831651,47.61566324876905,Prioridade moderada
241280,RN,São Rafael,7889.0,3.0,3.802763341361389,20.0,25.351755609075926,53.67956110311667,51.11072588586091,46.32043889688333,48.88927411413909,47.60485650551121,Prioridade moderada
260770,PE,Itapetim,14236.0,7.0,4.917111548187693,25.0,17.561112672098904,69.40962823820857,35.404302166475546,30.59037176179143,64.59569783352445,47.59303479765794,Prioridade moderada
210596,MA,Lagoa Grande do Maranhão,11731.0,6.0,5.114653482226579,19.0,16.196402693717502,72.19811738854104,32.65296144300392,27.801882611458964,67.34703855699608,47.57446058422752,Prioridade moderada
316040,MG,Santo Antônio do Monte,28456.0,13.0,4.568456564520663,57.0,20.030924936744448,64.4880370636812,40.38359825919443,35.511962936318795,59.61640174080557,47.56418233856218,Prioridade moderada
291085,BA,Filadélfia,18637.0,9.0,4.829103396469389,34.0,18.243279497773248,68.16731086695617,36.779593178786634,31.83268913304383,63.220406821213366,47.5265479771286,Prioridade moderada
292320,BA,Oliveira dos Brejinhos,21323.0,13.0,6.09670309055949,20.0,9.379543216245368,86.0606660734471,18.909746119849775,13.939333926552905,81.09025388015023,47.51479390335157,Prioridade moderada
261500,PE,Taquaritinga do Norte,25511.0,11.0,4.311865469797342,56.0,21.951315118968285,60.86601378447679,44.25522504950644,39.13398621552321,55.74477495049356,47.439380583008386,Prioridade moderada
330500,RJ,São João da Barra,38740.0,15.0,3.871966959215281,97.0,25.038719669592155,54.65643489190596,50.47962584126873,45.34356510809404,49.52037415873127,47.431969633412656,Prioridade moderada
312450,MG,Estiva,11880.0,6.0,5.05050505050505,20.0,16.835016835016834,71.29260227988003,33.94044751797616,28.70739772011997,66.05955248202383,47.3834751010719,Prioridade moderada
210070,MA,Anajatuba,26250.0,16.0,6.095238095238095,25.0,9.523809523809524,86.03998629434665,19.200596024455084,13.960013705653353,80.79940397554492,47.379708840599136,Prioridade moderada
210455,MA,Governador Edison Lobão,18963.0,9.0,4.746084480303749,36.0,18.984337921214998,66.99542122171925,38.27361333778422,33.004578778280745,61.72638666221578,47.365482720248266,Prioridade moderada
315560,MG,Rio Pardo de Minas,29103.0,16.0,5.4977150121980545,40.0,13.744287530495138,77.60538914292682,27.709343814284214,22.394610857073175,72.29065618571579,47.34263352139448,Prioridade moderada
130020,AM,Atalaia do Norte,15889.0,6.0,3.7761973692491657,41.0,25.80401535653597,53.3045575608896,52.02250984031666,46.6954424391104,47.97749015968334,47.336466299396875,Prioridade moderada
314560,MG,Oliveira,40576.0,15.0,3.6967665615141954,107.0,26.37026813880126,52.18331742193506,53.16411088691662,47.81668257806494,46.83588911308338,47.32628584557416,Prioridade moderada
220970,PI,São Francisco do Piauí,5358.0,3.0,5.599104143337066,7.0,13.064576334453154,79.03659155328246,26.339003504991577,20.963408446717537,73.66099649500842,47.31220247086298,Prioridade moderada
260250,PE,Brejinho,8033.0,5.0,6.224324660774306,7.0,8.714054525084029,87.8621638952835,17.56807927047739,12.137836104716499,82.4319207295226,47.28487841711955,Prioridade moderada
230090,CE,Apuiarés,13193.0,8.0,6.0638217236413245,13.0,9.853710300917152,85.5965148270522,19.86569663714181,14.403485172947796,80.13430336285819,47.26889426790299,Prioridade moderada
230835,CE,Milhã,14713.0,7.0,4.757697274519133,28.0,19.030789098076532,67.15934667295164,38.367261817370995,32.84065332704836,61.632738182629005,47.23669575483868,Prioridade moderada
412000,PR,Porecatu,11271.0,4.0,3.5489308845710226,31.0,27.50421435542543,50.09647857835594,55.450217424896906,49.90352142164406,44.549782575103094,47.226651998373576,Prioridade moderada
291730,BA,Ituberá,22154.0,13.0,5.86801480545274,25.0,11.284643856639883,82.83251704812278,22.750548236975078,17.16748295187722,77.24945176302492,47.20846735745107,Prioridade moderada
431410,RS,Passo Fundo,214811.0,57.0,2.6534953982803486,726.0,33.79715191493918,37.45656923205637,68.137173373068,62.54343076794363,31.862826626932005,47.20312869743782,Prioridade moderada
412410,PR,Santo Antônio da Platina,45628.0,11.0,2.410800385728062,162.0,35.504514771631456,34.03070214902664,71.57932374331133,65.96929785097336,28.420676256688665,47.194987053831014,Prioridade moderada
420640,SC,Guaraciaba,11071.0,4.0,3.613043085538795,30.0,27.097823141540964,51.001482256042806,54.63090730470013,48.998517743957194,45.36909269529987,47.18380521962853,Prioridade moderada
221000,PI,São João do Piauí,22137.0,6.0,2.710394362379726,74.0,33.42819713601663,38.25975132515584,67.39333744862267,61.74024867484416,32.606662551377326,47.17345561311075,Prioridade moderada
431535,RS,Quinze de Novembro,4003.0,1.0,2.498126405196103,14.0,34.97376967274544,35.263390585601414,70.50930840856601,64.73660941439859,29.490691591433986,47.113650502916286,Prioridade moderada
315600,MG,Rio Vermelho,12770.0,5.0,3.9154267815191854,32.0,25.05873140172279,55.26991092958593,50.519970745629664,44.73008907041407,49.480029254370336,47.1050591623922,Prioridade moderada
291300,BA,Ibitiara,15049.0,7.0,4.651471858595255,30.0,19.934879393979664,65.6598755797154,40.18996443420394,34.340124420284596,59.81003556579606,47.07507999304033,Prioridade moderada
250280,PB,Brejo do Cruz,14095.0,6.0,4.2568286626463285,32.0,22.70308620078042,60.08911777828839,45.77084259820439,39.91088222171161,54.22915740179561,47.07001981175361,Prioridade moderada
352170,SP,Itaberá,18263.0,11.0,6.0231068280129225,19.0,10.403548157476864,85.02178599659351,20.974204166231118,14.978214003406492,79.02579583376888,47.00200491858769,Prioridade moderada
293240,BA,Uibaí,13886.0,5.0,3.6007489557828025,38.0,27.3656920639493,50.827939116434706,55.17094781620033,49.172060883565294,44.82905218379967,47.000556533682484,Prioridade moderada
421625,SC,São João do Oeste,6467.0,2.0,3.0926240915416727,20.0,30.92624091541673,43.65528143317225,62.34923712904852,56.34471856682775,37.65076287095148,46.99774071888962,Prioridade moderada
231110,CE,Porteiras,17877.0,9.0,5.034401745259272,31.0,17.340717122559713,71.06528906569683,34.95997094568513,28.93471093430317,65.04002905431487,46.98736999430902,Prioridade moderada
120032,AC,Jordão,9884.0,5.0,5.058680696074464,17.0,17.19951436665318,71.4080091633764,34.67529735294651,28.591990836623594,65.3247026470535,46.95834674183855,Prioridade moderada
430070,RS,Anta Gorda,6080.0,1.0,1.644736842105263,25.0,41.118421052631575,23.216998768776723,82.89731013847795,76.78300123122328,17.10268986152205,46.942845546372666,Prioridade moderada
311580,MG,Centralina,10447.0,5.0,4.786062984588877,20.0,19.14425193835551,67.55975519965659,38.59601000416931,32.44024480034341,61.40398999583069,46.92211739808705,Prioridade moderada
293315,BA,Várzea Nova,13866.0,8.0,5.769508149430262,17.0,12.260204817539305,81.44200346987596,24.717340187258277,18.557996530124043,75.28265981274173,46.920328171432885,Prioridade moderada
241110,RN,Ruy Barbosa,3253.0,4.0,12.296341838303103,1.0,3.074085459575776,100.0,6.197548670666412,0.0,93.80245132933359,46.901225664666796,Prioridade moderada
315990,MG,Santo Antônio do Amparo,17657.0,6.0,3.3980857450302997,51.0,28.883728832757548,47.967158355608255,58.23140494475674,52.032841644391745,41.76859505524326,46.9007183498175,Prioridade moderada
420870,SC,Jacinto Machado,10818.0,2.0,1.8487705675725643,43.0,39.748567202810136,26.097125626578382,80.13559904826651,73.90287437342161,19.864400951733487,46.88363766257755,Prioridade moderada
261160,PE,Recife,1588376.0,181.0,1.1395286758299044,7103.0,44.71863085314812,16.085513005147025,90.15555840669319,83.91448699485298,9.844441593306811,46.879464294079895,Prioridade moderada
421050,SC,Maravilha,30743.0,12.0,3.9033275867677193,78.0,25.371629313990177,55.09911947987997,51.15079251871553,44.90088052012003,48.84920748128447,46.87504400070225,Prioridade moderada
521375,GO,Montividiu,13094.0,6.0,4.5822514128608525,27.0,20.620131357873838,64.68276424965441,41.57147527824207,35.31723575034559,58.42852472175793,46.872880236051756,Prioridade moderada
316860,MG,Teófilo Otoni,142851.0,55.0,3.8501655571189564,368.0,25.76110772763229,54.34868771152416,51.93600537517724,45.65131228847584,48.06399462482276,46.8576534566493,Prioridade moderada
261610,PE,Verdejante,9483.0,5.0,5.272593061267531,15.0,15.817779183802594,74.42758225991905,31.889632751783992,25.57241774008095,68.11036724821601,46.84139249414848,Prioridade moderada
150805,PA,Trairão,15550.0,8.0,5.144694533762058,26.0,16.720257234726688,72.6221749269003,33.70908498184076,27.3778250730997,66.29091501815924,46.83437004562947,Prioridade moderada
251398,PB,São Francisco,3176.0,4.0,12.594458438287154,1.0,3.1486146095717884,100.0,6.347804101283954,0.0,93.65219589871604,46.82609794935802,Prioridade moderada
420150,SC,Armazém,9289.0,3.0,3.2296264398751213,28.0,30.14318010550113,45.58919771153918,60.77053753030245,54.41080228846082,39.22946246969755,46.82013237907918,Prioridade moderada
210570,MA,Lago da Pedra,45865.0,19.0,4.142592390711871,109.0,23.76539845197863,58.47656596029841,47.91253057884845,41.52343403970159,52.08746942115155,46.80545173042657,Prioridade moderada
210720,MA,Nina Rodrigues,14589.0,8.0,5.483583521831517,21.0,14.394406744807732,77.40590993990676,29.0200248364682,22.594090060093237,70.9799751635318,46.78703261181252,Prioridade moderada
261410,PE,Sertânia,34271.0,19.0,5.544045986402498,48.0,14.006010913016837,78.25939417493178,28.236994532769288,21.740605825068215,71.76300546723071,46.751805646149464,Prioridade moderada
210930,MA,Presidente Vargas,10791.0,5.0,4.633490872022982,22.0,20.387359836901123,65.40605713750463,41.10219332452159,34.59394286249537,58.89780667547841,46.74587476898689,Prioridade moderada
261570,PE,Triunfo,15141.0,8.0,5.283666864804174,24.0,15.851000594412522,74.5838993536292,31.956609194654785,25.416100646370793,68.04339080534521,46.729745725858,Prioridade moderada
270690,AL,Pilar,36525.0,13.0,3.5592060232717317,102.0,27.926078028747433,50.24152177095448,56.300720991625994,49.75847822904552,43.699279008374006,46.728878618709764,Prioridade moderada
210830,MA,Penalva,33496.0,16.0,4.776689754000478,65.0,19.40530212562694,67.42744328357415,39.12230351889955,32.57255671642585,60.87769648110045,46.725126598763154,Prioridade moderada
210690,MA,Monção,28563.0,12.0,4.201239365612856,67.0,23.456919791338443,59.30442286069214,47.29061829361114,40.69557713930786,52.70938170638886,46.702479422848356,Prioridade moderada
220880,PI,Regeneração,17400.0,9.0,5.172413793103448,29.0,16.666666666666668,73.0134581969806,33.6010430427964,26.986541803019406,66.39895695720361,46.69274938011151,Prioridade moderada
220225,PI,Canavieira,3404.0,2.0,5.875440658049354,4.0,11.750881316098708,82.93733990256314,23.69051213358148,17.06266009743686,76.30948786641852,46.68607398192769,Prioridade moderada
210440,MA,Gonçalves Dias,17580.0,9.0,5.1194539249146755,30.0,17.064846416382252,72.26588012670435,34.403798337334194,27.734119873295654,65.5962016626658,46.66516076798073,Prioridade moderada
431880,RS,São Lourenço do Sul,43278.0,15.0,3.4659642312491337,124.0,28.65197097832617,48.925326672037464,57.764166606221444,51.074673327962536,42.235833393778556,46.655253360870546,Prioridade moderada
412260,PR,Rondon,9255.0,3.0,3.2414910858995136,28.0,30.253916801728796,45.756678286600476,60.993789640084216,54.243321713399524,39.006210359915784,46.624766036657654,Prioridade moderada
291740,BA,Jacaraci,14910.0,7.0,4.694835680751174,30.0,20.12072434607646,66.2719964855223,40.564639488285394,33.728003514477706,59.435360511714606,46.581682013096156,Prioridade moderada
230130,CE,Araripe,20194.0,9.0,4.456769337426959,44.0,21.788650094087355,62.911467397616235,43.92728217935154,37.088532602383765,56.07271782064846,46.58062521151611,Prioridade moderada
520545,GO,Cezarina,8301.0,4.0,4.818696542585231,16.0,19.274786170340924,68.02040839135645,38.85917518501933,31.979591608643545,61.14082481498067,46.56020821181211,Prioridade moderada
500430,MS,Iguatemi,13960.0,5.0,3.5816618911174785,39.0,27.93696275071633,50.5585073474794,56.32266527230914,49.4414926525206,43.67733472769086,46.55941369010573,Prioridade moderada
432010,RS,Sarandi,23374.0,6.0,2.566954736031488,82.0,35.08171472576367,36.234966847136775,70.72693239092935,63.765033152863225,29.27306760907065,46.51905038096694,Prioridade moderada
353630,SP,Patrocínio Paulista,14888.0,7.0,4.701773240193445,30.0,20.150456743686192,66.36992662541225,40.6245818625964,33.63007337458775,59.3754181374036,46.502745755995676,Prioridade moderada
240590,RN,João Dias,2073.0,1.0,4.82392667631452,4.0,19.29570670525808,68.09423662043534,38.90135229267311,31.90576337956466,61.09864770732689,46.502205543445776,Prioridade moderada
290150,BA,Anguera,11490.0,7.0,6.0922541340295915,12.0,10.443864229765012,85.99786489113468,21.05548389104735,14.002135108865318,78.94451610895266,46.473325608908986,Prioridade moderada
311410,MG,Carmo de Minas,14125.0,7.0,4.95575221238938,26.0,18.4070796460177,69.9550773521513,37.10982452868133,30.044922647848693,62.89017547131867,46.46754905958368,Prioridade moderada
290080,BA,Alcobaça,25601.0,11.0,4.296707159876568,59.0,23.04597476661068,60.652040063114235,46.46212740576511,39.347959936885765,53.53787259423489,46.44291626556033,Prioridade moderada
270800,AL,Santana do Ipanema,47418.0,19.0,4.0069172044371335,119.0,25.09595512252731,56.56138381562038,50.59501609632762,43.43861618437962,49.40498390367238,46.421800044026,Prioridade moderada
230200,CE,Barro,19569.0,11.0,5.621135469364812,27.0,13.797332515713629,79.34758432499297,27.816285824176077,20.652415675007035,72.18371417582392,46.41806492541548,Prioridade moderada
210680,MA,Mirinzal,14298.0,8.0,5.595188138201147,20.0,13.987970345502866,78.98131347833962,28.200623619636083,21.018686521660385,71.79937638036392,46.409031451012154,Prioridade moderada
421105,SC,Monte Carlo,9218.0,5.0,5.424170101974398,14.0,15.187676285528314,76.56723395213847,30.6193058754057,23.432766047861534,69.3806941245943,46.40673008622792,Prioridade moderada
431370,RS,Palmeira das Missões,34227.0,14.0,4.090338037222076,84.0,24.54202822333246,57.738946889831844,49.47826480138308,42.261053110168156,50.52173519861692,46.39139415439254,Prioridade moderada
231160,CE,Redenção,28382.0,14.0,4.932703826368826,53.0,18.673807342681982,69.62972782743552,37.64756425766068,30.370272172564484,62.35243574233932,46.3613539574519,Prioridade moderada
230185,CE,Banabuiú,17667.0,11.0,6.226297617026094,17.0,9.622459953585782,87.89001401798761,19.39948146468123,12.10998598201239,80.60051853531877,46.35525225866558,Prioridade moderada
172065,TO,Silvanópolis,5259.0,2.0,3.8030043734550296,14.0,26.62103061418521,53.68296349654401,53.669663730650264,46.31703650345599,46.330336269349736,46.32368638640286,Prioridade moderada
314910,MG,Pedralva,10891.0,7.0,6.427325314479846,9.0,8.263703975759801,90.72770797898609,16.66014437894597,9.27229202101391,83.33985562105403,46.30607382103397,Prioridade moderada
210325,MA,Cidelândia,13141.0,7.0,5.32683966212617,21.0,15.980518986378511,75.19332376524902,32.217726378451765,24.80667623475098,67.78227362154823,46.294474928149604,Prioridade moderada
314140,MG,Medina,20455.0,9.0,4.399902224395014,46.0,22.488389146907846,62.10873491212233,45.33799990130435,37.89126508787767,54.66200009869565,46.276632593286664,Prioridade moderada
330400,RJ,Piraí,29066.0,15.0,5.160668822679419,50.0,17.202229408931398,72.8476669549452,34.68077104809372,27.152333045054803,65.31922895190628,46.23578099848054,Prioridade moderada
230840,CE,Missão Velha,38997.0,18.0,4.6157396722824835,82.0,21.027258507064648,65.15548235133278,42.39226909007316,34.84451764866722,57.60773090992684,46.22612427929703,Prioridade moderada
411330,PR,Laranjeiras do Sul,33179.0,9.0,2.7125591488592184,114.0,34.35908255221676,38.290309310933495,69.27006070488181,61.709690689066505,30.729939295118186,46.219814992092346,Prioridade moderada
260440,PE,Chã de Alegria,13496.0,8.0,5.927682276229993,16.0,11.855364552459987,83.67477920223027,23.90115687691504,16.32522079776973,76.09884312308496,46.212031960427346,Prioridade moderada
431120,RS,Júlio de Castilhos,18545.0,7.0,3.7746023186842814,50.0,26.961445133459154,53.28204193039296,54.35596070552127,46.71795806960704,45.64403929447873,46.18099868204288,Prioridade moderada
330395,RJ,Pinheiral,25096.0,13.0,5.180108383806185,43.0,17.134204654128148,73.12207454112657,34.543628885246534,26.877925458873435,65.45637111475347,46.16714828681345,Prioridade moderada
320340,ES,Mimoso do Sul,25088.0,12.0,4.783163265306122,50.0,19.929846938775512,67.51882295001394,40.1798186895684,32.48117704998606,59.8201813104316,46.150679180208826,Prioridade moderada
421480,SC,Rio do Sul,77451.0,27.0,3.4860750668164386,225.0,29.05062555680366,49.20920992475742,58.56787918525925,50.79079007524258,41.43212081474075,46.11145544499166,Prioridade moderada
311160,MG,Campos Gerais,26749.0,14.0,5.23384051740252,45.0,16.82305880593667,73.88055385989288,33.91633938298638,26.119446140107115,66.08366061701362,46.10155337856037,Prioridade moderada
412730,PR,Terra Rica,14961.0,7.0,4.678831628901811,31.0,20.72054007085088,66.04608432585638,41.77390552743888,33.953915674143616,58.22609447256112,46.09000507335237,Prioridade moderada
150145,PA,Belterra,19075.0,10.0,5.242463958060288,32.0,16.775884665792923,74.00228178986237,33.82123336417776,25.997718210137634,66.17876663582224,46.08824242297994,Prioridade moderada
500797,MS,Taquarussu,3740.0,2.0,5.347593582887701,6.0,16.0427807486631,75.48628476693182,32.34324998771846,24.513715233068183,67.65675001228155,46.085232622674866,Prioridade moderada
210500,MA,Humberto de Campos,26550.0,16.0,6.0263653483992465,30.0,11.299435028248588,85.06778305938228,22.78036816460773,14.932216940617721,77.21963183539228,46.075924388005,Prioridade moderada
210880,MA,Pirapemas,18132.0,11.0,6.066622545775425,20.0,11.030222810500772,85.6360510509479,22.237619485636266,14.363948949052102,77.76238051436374,46.06316473170792,Prioridade moderada
430520,RS,Cerro Largo,14014.0,6.0,4.281432852861425,33.0,23.54788069073783,60.43642893427822,47.474001159366956,39.56357106572178,52.525998840633044,46.04478495317741,Prioridade moderada
291340,BA,Igaporã,16069.0,8.0,4.978530088991226,30.0,18.669487833717096,70.27660838342771,37.638855857261504,29.723391616572286,62.361144142738496,46.04226787965539,Prioridade moderada
522026,GO,São Miguel do Passa Quatro,4671.0,2.0,4.281738385784629,11.0,23.549561121815458,60.44074181723934,47.477389013585146,39.55925818276066,52.522610986414854,46.04093458458776,Prioridade moderada
171670,TO,Colméia,9155.0,4.0,4.369197160021846,21.0,22.938285090114693,61.67530421154014,46.24501827845272,38.32469578845986,53.75498172154728,46.03983875500357,Prioridade moderada
421490,SC,Rio Fortuna,5044.0,1.0,1.9825535289452816,20.0,39.65107057890563,27.98559724705838,79.93903975288596,72.01440275294162,20.06096024711404,46.03768150002783,Prioridade moderada
430570,RS,Condor,6538.0,1.0,1.5295197308045274,28.0,42.82655246252677,21.590601485800317,86.34100996007639,78.40939851419968,13.658990039923609,46.034194277061644,Prioridade moderada
291010,BA,Dom Basílio,12329.0,6.0,4.866574742477086,24.0,19.466298969908344,68.69625396098425,39.24527697431001,31.30374603901575,60.75472302568999,46.02923453235287,Prioridade moderada
210050,MA,Alto Parnaíba,11392.0,5.0,4.389044943820225,26.0,22.823033707865168,61.95547424252216,46.01266427911023,38.04452575747784,53.98733572088977,46.0159307391838,Prioridade moderada
320050,ES,Apiacá,7462.0,3.0,4.02036987402841,19.0,25.46234253551327,56.75128082852954,51.33367605037241,43.24871917147046,48.66632394962759,45.957521560549026,Prioridade moderada
260160,PE,Belém do São Francisco,18648.0,11.0,5.8987558987558995,23.0,12.333762333762333,83.26645633074793,24.865636743382147,16.73354366925207,75.13436325661786,45.933953462934966,Prioridade moderada
270940,AL,Viçosa,24414.0,13.0,5.324813631522897,40.0,16.384041943147373,75.16472444843583,33.03125391280059,24.835275551564166,66.9687460871994,45.902010819381786,Prioridade moderada
260780,PE,Itaquitinga,17142.0,12.0,7.000350017500875,8.0,4.66690001166725,98.81648758429294,9.408762490107497,1.1835124157070567,90.59123750989251,45.88737496279978,Prioridade moderada
210592,MA,Lagoa do Mato,10806.0,5.0,4.627059041273367,23.0,21.284471589857485,65.31526583109499,42.91082676203871,34.68473416890501,57.08917323796129,45.88695370343315,Prioridade moderada
510623,MT,Nova Olímpia,16204.0,7.0,4.319921007158726,38.0,23.45099975314737,60.97972522828544,47.27868312612675,39.02027477171456,52.72131687387325,45.87079582279391,Prioridade moderada
250700,PB,Itaporanga,24766.0,12.0,4.845352499394331,49.0,19.78518937252685,68.39668215173826,39.88817998296915,31.60331784826174,60.11182001703085,45.857568932646295,Prioridade moderada
260150,PE,Belém de Maria,10798.0,7.0,6.4826819781441,9.0,8.334876829042416,91.50911905900512,16.803633305343634,8.490880940994884,83.19636669465636,45.84362381782562,Prioridade moderada
291190,BA,Iaçu,25315.0,13.0,5.135295279478569,45.0,17.776022121271975,72.48949566202299,35.83757306559363,27.51050433797701,64.16242693440637,45.83646563619169,Prioridade moderada
241400,RN,Tangará,13583.0,8.0,5.889715085032761,17.0,12.51564455569462,83.13883678961199,25.23232268545412,16.861163210388014,74.76767731454588,45.814420262466946,Prioridade moderada
521805,GO,Porteirão,4276.0,1.0,2.3386342376052385,16.0,37.418147801683816,33.01200947478075,75.43732769196572,66.98799052521926,24.56267230803428,45.77533141662677,Prioridade moderada
231390,CE,Uruoca,14308.0,8.0,5.591277606933184,21.0,14.677103718199607,78.92611267216242,29.589959626728724,21.073887327837582,70.41004037327127,45.74196385055443,Prioridade moderada
261320,PE,São João,24895.0,15.0,6.025306286402892,29.0,11.64892548704559,85.05283340881451,23.48496280155281,14.947166591185493,76.51503719844719,45.73110189481634,Prioridade moderada
311100,MG,Campestre,21155.0,10.0,4.727014890096904,44.0,20.79886551642638,66.72623612108839,41.93181452752658,33.27376387891161,58.06818547247342,45.67097467569251,Prioridade moderada
290682,BA,Canudos,16693.0,7.0,4.193374468340023,41.0,24.561193314562992,59.1934024800298,49.51690282470445,40.8065975199702,50.48309717529555,45.644847347632876,Prioridade moderada
291230,BA,Ibicuí,14264.0,8.0,5.608524957936063,21.0,14.722378014582166,79.1695751621775,29.68123544161768,20.830424837822505,70.31876455838233,45.574594698102416,Prioridade moderada
170700,TO,Dianópolis,17966.0,7.0,3.8962484693309585,48.0,26.717132361126573,54.99919111650547,53.86341086677815,45.00080888349453,46.13658913322185,45.56869900835819,Prioridade moderada
313540,MG,Jeceaba,6476.0,1.0,1.5441630636195183,28.0,43.236565781346506,21.79730582368167,87.1676224705033,78.20269417631833,12.832377529496696,45.517535852907514,Prioridade moderada
313250,MG,Itamarandiba,34210.0,16.0,4.67699503069278,73.0,21.33878982753581,66.02015902445483,43.020335728572995,33.97984097554517,56.979664271427005,45.47975262348609,Prioridade moderada
521100,GO,Itapirapuã,8133.0,3.0,3.6886757654002214,23.0,28.279847534735033,52.069108267857786,57.01394245550109,47.930891732142214,42.98605754449891,45.45847463832057,Prioridade moderada
260380,PE,Capoeiras,18854.0,12.0,6.3646971464941124,18.0,9.547045719741169,89.84365281478465,19.247441649634087,10.156347185215353,80.75255835036592,45.454452767790634,Prioridade moderada
211223,MA,Trizidela do Vale,23097.0,14.0,6.061393254535221,27.0,11.689829848032213,85.56223471439039,23.567428553201786,14.437765285609615,76.43257144679822,45.43516836620392,Prioridade moderada
431405,RS,Parobé,53569.0,14.0,2.6134518098153783,192.0,35.84162482032519,36.89131653005049,72.25895869869038,63.10868346994951,27.74104130130962,45.42486238562957,Prioridade moderada
251610,PB,Soledade,14409.0,8.0,5.552085502116733,22.0,15.268235130821013,78.37287945820667,30.781717549095177,21.62712054179333,69.21828245090482,45.42270149634908,Prioridade moderada
310840,MG,Botelhos,15141.0,9.0,5.944125222904695,19.0,12.548708803909914,83.90688677283285,25.298982279101708,16.09311322716715,74.70101772089829,45.39706547403272,Prioridade moderada
172080,TO,Sítio Novo do Tocantins,11446.0,6.0,5.242005940940067,20.0,17.473353136466887,73.9958164498493,35.22737345042432,26.0041835501507,64.77262654957568,45.38840504986319,Prioridade moderada
410530,PR,Céu Azul,11255.0,4.0,3.5539760106619283,33.0,29.320302087960908,50.167695251590395,59.11156394912205,49.832304748409605,40.88843605087795,45.36037039964378,Prioridade moderada
520840,GO,Goianápolis,14758.0,7.0,4.743190134164521,31.0,21.00555630844288,66.95456481902272,42.348516099472356,33.04543518097728,57.651483900527644,45.34845954075246,Prioridade moderada
313990,MG,Maria da Fé,14567.0,7.0,4.805382027871216,30.0,20.59449440516235,67.83246156374939,41.51978957714938,32.16753843625061,58.48021042285062,45.323874429550614,Prioridade moderada
291490,BA,Itacaré,29496.0,14.0,4.746406292378627,62.0,21.019799294819634,66.99996390013136,42.37723085137055,33.00003609986864,57.62276914862945,45.31140262424904,Prioridade moderada
520740,GO,Edéia,11982.0,5.0,4.172926055750292,30.0,25.037556334501755,58.904754011918904,50.477280484921984,41.095245988081096,49.522719515078016,45.308982751579556,Prioridade moderada
421920,SC,Vidal Ramos,6266.0,2.0,3.191828917969997,20.0,31.91828917969997,45.05565033966246,64.34926851477127,54.94434966033754,35.65073148522873,45.297540572783134,Prioridade moderada
210860,MA,Pinheiro,88091.0,31.0,3.5190882155952363,261.0,29.628452395817963,49.6752213953643,59.7328142545994,50.3247786046357,40.2671857454006,45.29598217501815,Prioridade moderada
310280,MG,Andrelândia,12163.0,4.0,3.28866233659459,38.0,31.242292197648606,46.422544607140495,62.98641629332877,53.577455392859505,37.01358370667123,45.295519549765366,Prioridade moderada
420800,SC,Itá,7370.0,2.0,2.7137042062415198,26.0,35.27815468113975,38.306472866801215,71.12296763468436,61.693527133198785,28.877032365315642,45.285279749257214,Prioridade moderada
231280,CE,Senador Sá,7551.0,5.0,6.621639517944644,6.0,7.945967421533572,93.4706346935257,16.019567600856448,6.529365306474304,83.98043239914355,45.25489885280893,Prioridade moderada
260830,PE,Jupi,16022.0,10.0,6.241418050181001,17.0,10.610410685307702,88.10345307337566,21.391251968326255,11.896546926624339,78.60874803167374,45.25264747914904,Prioridade moderada
270130,AL,Cajueiro,16572.0,9.0,5.430847212165098,27.0,16.292541636495294,76.66148760725696,32.84678356826585,23.33851239274304,67.15321643173415,45.245864412238596,Prioridade moderada
510600,MT,Nortelândia,5890.0,4.0,6.791171477079796,4.0,6.791171477079796,95.86373685172325,13.691426706742165,4.136263148276754,86.30857329325784,45.222418220767295,Prioridade moderada
261400,PE,Serrita,18764.0,10.0,5.329354082285227,32.0,17.053933063312726,75.22881715740913,34.38179633456037,24.771182842590875,65.61820366543964,45.194693254015256,Prioridade moderada
290685,BA,Capela do Alto Alegre,11035.0,6.0,5.437245129134571,18.0,16.311735387403715,76.75180018894198,32.885479371291446,23.248199811058015,67.11452062870856,45.18136021988329,Prioridade moderada
240070,RN,Alto do Rodrigues,12874.0,7.0,5.437315519652012,21.0,16.311946558956034,76.75279381692849,32.885905106356574,23.247206183071512,67.11409489364343,45.18065053835747,Prioridade moderada
510190,MT,Brasnorte,17645.0,8.0,4.533862283933126,40.0,22.66931141966563,63.99970643883819,45.70275052576444,36.00029356116181,54.29724947423556,45.148771517698684,Prioridade moderada
260140,PE,Barreiros,42083.0,17.0,4.039635957512535,110.0,26.138820901551693,57.02323961553981,52.69749877205907,42.97676038446019,47.30250122794093,45.13963080620056,Prioridade moderada
211178,MA,Serrano do Maranhão,10475.0,5.0,4.773269689737471,22.0,21.002386634844868,67.37916587788185,42.34212583913245,32.620834122118154,57.65787416086755,45.13935414149285,Prioridade moderada
431670,RS,Santa Bárbara do Sul,8269.0,2.0,2.4186721489902046,31.0,37.48941830934817,34.14181944954952,75.58101349570843,65.85818055045047,24.418986504291567,45.13858352737102,Prioridade moderada
315270,MG,Prados,9369.0,3.0,3.2020493115593975,30.0,32.02049311559398,45.199920753814425,64.55531804571834,54.800079246185575,35.44468195428166,45.12238060023362,Prioridade moderada
211190,MA,Sucupira do Norte,10471.0,5.0,4.775093114315729,22.0,21.010409702989207,67.4049052211644,42.35830084661564,32.5950947788356,57.64169915338436,45.118396966109984,Prioridade moderada
290440,BA,Brejolândia,9363.0,5.0,5.340168749332479,16.0,17.088539997863933,75.38147629721375,34.45156608040643,24.61852370278625,65.54843391959358,45.08347881118991,Prioridade moderada
350750,SP,Botucatu,151053.0,28.0,1.853654015478011,627.0,41.50860956088261,26.166060061015333,83.6839545901108,73.83393993898467,16.3160454098892,45.074992674436935,Prioridade moderada
241500,RN,Vila Flor,3304.0,2.0,6.053268765133172,4.0,12.106537530266344,85.44754994804025,24.407537319222563,14.552450051959752,75.59246268077743,45.07245636636859,Prioridade moderada
110180,RO,Vale do Paraíso,6790.0,3.0,4.418262150220913,16.0,23.5640648011782,62.367902436301534,47.506629338857934,37.632097563698466,52.493370661142066,45.062734112420266,Prioridade moderada
510360,MT,Dom Aquino,7890.0,5.0,6.337135614702154,8.0,10.139416983523446,89.45459601657952,20.441699189533928,10.545403983420485,79.55830081046608,45.05185239694328,Prioridade moderada
150670,PA,Santana do Araguaia,30455.0,14.0,4.596946314234116,68.0,22.32802495485142,64.89019652596535,45.01469565411568,35.10980347403465,54.98530434588432,45.04755390995949,Prioridade moderada
230426,CE,Deputado Irapuan Pinheiro,9173.0,4.0,4.360623569170391,22.0,23.983429630437154,61.55427995820886,48.35209507957184,38.44572004179114,51.64790492042816,45.046812481109654,Prioridade moderada
210845,MA,Peritoró,20903.0,7.0,3.3488016074247717,65.0,31.096014926087165,47.27146666024673,62.691512159453644,52.72853333975327,37.308487840546356,45.018510590149816,Prioridade moderada
230570,CE,Ipaumirim,12459.0,6.0,4.815795810257645,26.0,20.868448511116462,67.97946184163855,42.072098199504275,32.02053815836145,57.927901800495725,44.97421997942858,Prioridade moderada
250910,PB,Mari,22170.0,13.0,5.863779882724402,30.0,13.531799729364007,82.77273715309482,27.28095510917164,17.227262846905177,72.71904489082836,44.97315386886677,Prioridade moderada
210940,MA,Primeira Cruz,13920.0,8.0,5.747126436781609,20.0,14.367816091954023,81.12606466331175,28.96641641620379,18.87393533668825,71.03358358379622,44.95375946024223,Prioridade moderada
220820,PI,Pio IX,17948.0,9.0,5.014486293737464,35.0,19.50078003120125,70.78416384151228,39.314792951789855,29.21583615848772,60.685207048210145,44.95052160334893,Prioridade moderada
314225,MG,Miravânia,3982.0,4.0,10.045203415369162,2.0,5.022601707684581,100.0,10.125879370003938,0.0,89.87412062999606,44.93706031499803,Prioridade moderada
220560,PI,Landri Sales,5309.0,3.0,5.65078169146732,8.0,15.068751177246186,79.76606847664107,30.37954541447028,20.233931523358933,69.62045458552973,44.92719305444433,Prioridade moderada
354380,SP,Rinópolis,9334.0,4.0,4.285408185129634,23.0,24.641097064495394,60.49254446717912,49.67799378515002,39.50745553282088,50.32200621484998,44.914730873835424,Prioridade moderada
430490,RS,Casca,9698.0,4.0,4.124561765312436,25.0,25.778511033202722,58.22204681961743,51.97109152835079,41.77795318038257,48.02890847164921,44.90343082601589,Prioridade moderada
420440,SC,Coronel Freitas,10604.0,3.0,2.8291210863824974,37.0,34.89249339871746,39.935690073791726,70.34545035364768,60.064309926208274,29.654549646352322,44.8594297862803,Prioridade moderada
220920,PI,Santa Filomena,6210.0,3.0,4.830917874396135,13.0,20.933977455716587,68.19292391988525,42.20420865278774,31.807076080114754,57.79579134721226,44.801433713663506,Prioridade moderada
354240,SP,Regente Feijó,20620.0,11.0,5.33462657613967,36.0,17.458777885548013,75.30324333927193,35.19798883241524,24.69675666072807,64.80201116758477,44.74938391415642,Prioridade moderada
230740,CE,Jucás,24624.0,12.0,4.8732943469785575,51.0,20.71150097465887,68.79110746304214,41.75568214382593,31.208892536957862,58.24431785617407,44.72660519656597,Prioridade moderada
220830,PI,Piracuruca,29721.0,14.0,4.710474075569462,65.0,21.870058208001076,66.49274705421332,44.09140603173041,33.507252945786675,55.90859396826959,44.70792345702813,Prioridade moderada
251010,PB,Nova Floresta,9840.0,5.0,5.081300813008131,19.0,19.308943089430894,71.72731326939152,38.92803767153241,28.272686730608484,61.07196232846759,44.67232452953804,Prioridade moderada
291077,BA,Feira da Mata,5831.0,3.0,5.144915108900703,11.0,18.864688732635912,72.62528855127549,38.03239308565533,27.37471144872451,61.96760691434467,44.67115918153459,Prioridade moderada
290395,BA,Bom Jesus da Serra,10018.0,5.0,4.991016170892394,20.0,19.964064683569575,70.45286110708848,40.24880380450756,29.54713889291152,59.75119619549244,44.64916754420198,Prioridade moderada
261620,PE,Vertentes,23127.0,9.0,3.8915553249448696,64.0,27.67328231071907,54.9329429942259,55.791069003475656,45.0670570057741,44.208930996524344,44.637994001149224,Prioridade moderada
230510,CE,Guaramiranga,5826.0,3.0,5.1493305870236865,11.0,18.880878819086853,72.68761715456358,38.065033313157606,27.312382845436417,61.934966686842394,44.6236747661394,Prioridade moderada
241240,RN,São José do Seridó,4733.0,2.0,4.225649693640397,12.0,25.35389816184238,59.64899747059476,51.11504540632453,40.35100252940524,48.88495459367547,44.617978561540355,Prioridade moderada
310510,MG,Bambuí,24203.0,8.0,3.3053753666900794,77.0,31.814237904392016,46.658464657823394,64.13949463195443,53.341535342176606,35.860505368045565,44.60102035511109,Prioridade moderada
313120,MG,Ipanema,20181.0,9.0,4.4596402556860415,48.0,23.784748030325552,62.95199309387356,47.95154053974214,37.04800690612644,52.04845946025786,44.54823318319215,Prioridade moderada
330411,RJ,Porto Real,21089.0,8.0,3.7934468206173837,60.0,28.450851154630378,53.54804969952581,57.358696455055735,46.45195030047419,42.641303544944265,44.54662692270922,Prioridade moderada
150660,PA,Santa Maria do Pará,25815.0,13.0,5.035831880689521,51.0,19.755955839628122,71.08547676483099,39.829243351135766,28.914523235169014,60.170756648864234,44.54263994201662,Prioridade moderada
240700,RN,Luís Gomes,9271.0,3.0,3.2358968827526695,30.0,32.358968827526695,45.677710877196354,65.23770626365388,54.322289122803646,34.76229373634612,44.54229142957489,Prioridade moderada
410510,PR,Centenário do Sul,10903.0,5.0,4.585893790699807,25.0,22.929468953499036,64.73417981939029,46.22724439529908,35.26582018060971,53.77275560470092,44.51928789265531,Prioridade moderada
260460,PE,Condado,25416.0,15.0,5.901794145420207,35.0,13.770853005980484,83.30934402393913,27.762901475398344,16.690655976060867,72.23709852460166,44.463877250331265,Prioridade moderada
521350,GO,Monte Alegre de Goiás,6534.0,3.0,4.591368227731864,15.0,22.95684113865932,64.81145661807275,46.282428433603855,35.188543381927246,53.717571566396145,44.453057474161696,Prioridade moderada
230020,CE,Acaraú,69317.0,26.0,3.750883621622401,200.0,28.852950935556937,52.947230338419494,58.169354777840475,47.052769661580506,41.830645222159525,44.441707441870015,Prioridade moderada
410150,PR,Arapongas,124838.0,31.0,2.4832182508531053,471.0,37.72889665005847,35.05294804417755,76.0638168177499,64.94705195582245,23.936183182250105,44.441617569036275,Prioridade moderada
241340,RN,Serra Negra do Norte,7800.0,3.0,3.8461538461538463,22.0,28.205128205128208,54.29205865929326,56.86330361088622,45.70794134070674,43.13669638911378,44.42231886491026,Prioridade moderada
250070,PB,São João do Rio do Peixe,18500.0,10.0,5.405405405405405,32.0,17.2972972972973,76.3023527103581,34.872433860631936,23.697647289641907,65.12756613936807,44.41260671450499,Prioridade moderada
250300,PB,Caaporã,21942.0,13.0,5.924710600674506,30.0,13.672409078479628,83.6328312225008,27.56443235668285,16.367168777499202,72.43556764331714,44.40136821040817,Prioridade moderada
230150,CE,Arneiroz,7615.0,3.0,3.939592908732764,21.0,27.577150361129352,55.61103841661029,55.59726097691853,44.38896158338971,44.40273902308147,44.39585030323559,Prioridade moderada
290550,BA,Caldeirão Grande,13597.0,5.0,3.6772817533279403,40.0,29.418254026623522,51.90827113119162,59.309041187549724,48.09172886880838,40.690958812450276,44.39134384062933,Prioridade moderada
420660,SC,Guarujá do Sul,4893.0,1.0,2.0437359493153484,20.0,40.87471898630697,28.849244331527174,82.40599152126646,71.15075566847283,17.594008478733542,44.372382073603184,Prioridade moderada
220700,PI,Oeiras,39687.0,21.0,5.291405246050345,72.0,18.14196084360118,74.69313384225093,36.5753284311942,25.30686615774907,63.4246715688058,44.36576886327744,Prioridade moderada
311390,MG,Carmo da Cachoeira,11767.0,4.0,3.3993371292597945,37.0,31.4438684456531,47.98482281436644,63.39280662446504,52.01517718563356,36.60719337553496,44.31118528058426,Prioridade moderada
210955,MA,Ribamar Fiquene,7601.0,5.0,6.5780818313379825,7.0,9.209314563873175,92.85577720968458,18.566554503321257,7.144222790315425,81.43344549667874,44.288834143497084,Prioridade moderada
411830,PR,Paranapoema,2352.0,1.0,4.2517006802721085,6.0,25.51020408163265,60.0167315111235,51.43016792264754,39.9832684888765,48.56983207735246,44.276550283114474,Prioridade moderada
412490,PR,São João do Caiuá,5607.0,2.0,3.5669698591046908,17.0,30.31924380238987,50.35111557487515,61.12549296174839,49.64888442512485,38.87450703825161,44.26169573168823,Prioridade moderada
211280,MA,Viana,53176.0,26.0,4.889423800210622,112.0,21.062133293214984,69.01878978050672,42.4625788415059,30.981210219493278,57.5374211584941,44.25931568899369,Prioridade moderada
355090,SP,São Simão,13560.0,6.0,4.424778761061947,33.0,24.336283185840706,62.459890492992244,49.063469929746944,37.540109507007756,50.936530070253056,44.238319788630406,Prioridade moderada
260430,PE,Cedro,10843.0,6.0,5.533523932491009,18.0,16.600571797473023,78.11086554320529,33.46779165011538,21.889134456794707,66.53220834988463,44.21067140333967,Prioridade moderada
251540,PB,São Vicente do Seridó,10652.0,5.0,4.693954187007135,24.0,22.53098009763425,66.25955337690691,45.42386592341984,33.74044662309309,54.57613407658016,44.158290349836626,Prioridade moderada
210200,MA,Bom Jardim,33936.0,22.0,6.482791136256482,34.0,10.01885902876002,91.51065992785166,20.19864680790448,8.489340072148337,79.80135319209552,44.14534663212193,Prioridade moderada
210150,MA,Barão de Grajaú,19493.0,11.0,5.643051351767301,31.0,15.903144718616941,79.65694750196415,32.06173501236408,20.343052498035846,67.93826498763592,44.14065874283588,Prioridade moderada
230410,CE,Crateús,80130.0,36.0,4.492699363534257,192.0,23.961063272182702,63.418653319728556,48.30700310158673,36.581346680271444,51.69299689841327,44.13717178934236,Prioridade moderada
421600,SC,São Carlos,10462.0,4.0,3.823360734085261,30.0,28.675205505639457,53.97031256515484,57.811008867361416,46.02968743484516,42.188991132638584,44.109339283741875,Prioridade moderada
290610,BA,Canápolis,10641.0,5.0,4.698806503148201,24.0,22.554271215111363,66.32804835737359,45.47082227387164,33.67195164262641,54.52917772612836,44.10056468437739,Prioridade moderada
355360,SP,Tapiratiba,11903.0,6.0,5.040746030412501,24.0,20.162984121650005,71.15484458413634,40.649837840566924,28.84515541586366,59.350162159433076,44.09765878764837,Prioridade moderada
211300,MA,Vitorino Freire,31920.0,19.0,5.9523809523809526,44.0,13.784461152882205,84.02342411557291,27.79033635118499,15.976575884427092,72.20966364881501,44.09311976662105,Prioridade moderada
231325,CE,Tarrafas,7574.0,4.0,5.281225244256667,14.0,18.484288354898336,74.54943359607208,37.265482117703954,25.450566403927922,62.734517882296046,44.092542143111984,Prioridade moderada
160080,AP,Vitória do Jari,11899.0,8.0,6.723254054962601,10.0,8.404067568703253,94.90501891867382,16.943126166634038,5.094981081326182,83.05687383336596,44.07592745734607,Prioridade moderada
261050,PE,Passira,29744.0,20.0,6.7240451855836465,25.0,8.405056481979559,94.9161864672959,16.9451198776878,5.083813532704099,83.0548801223122,44.06934682750815,Prioridade moderada
231080,CE,Pereiro,15858.0,9.0,5.675368898978434,25.0,15.764913608273426,80.1131399058811,31.783052443053723,19.8868600941189,68.21694755694628,44.05190382553259,Prioridade moderada
230030,CE,Acopiara,45937.0,23.0,5.006857217493524,94.0,20.462807758451795,70.6764722952247,41.25430105609241,29.3235277047753,58.74569894390759,44.03461332434145,Prioridade moderada
110037,RO,Alto Alegre dos Parecis,12237.0,6.0,4.9031625398381955,26.0,21.24703767263218,69.2127249395256,42.835357642201835,30.7872750604744,57.164642357798165,43.97595870913628,Prioridade moderada
350420,SP,Auriflama,13856.0,6.0,4.330254041570439,35.0,25.259815242494227,61.12558567299183,50.92536835296798,38.87441432700817,49.07463164703202,43.974522987020094,Prioridade moderada
522205,GO,Vicentinópolis,9175.0,5.0,5.4495912806539515,16.0,17.43869209809264,76.92607766439373,35.15749462788506,23.07392233560627,64.84250537211494,43.958213853860606,Prioridade moderada
315430,MG,Resplendor,17629.0,6.0,3.40348289749844,56.0,31.765840376652108,48.043344210390536,64.04192218718923,51.956655789609464,35.95807781281077,43.957366801210114,Prioridade moderada
210975,MA,Santa Filomena do Maranhão,6833.0,3.0,4.390458071125421,17.0,24.87926240304405,61.975421856064315,50.15815001266255,38.024578143935685,49.84184998733745,43.93321406563656,Prioridade moderada
230070,CE,Alto Santo,14372.0,7.0,4.870581686612859,31.0,21.569718897856944,68.75281572496085,43.4859031864746,31.247184275039146,56.5140968135254,43.88064054428227,Prioridade moderada
120033,AC,Mâncio Lima,20479.0,10.0,4.883050930221202,44.0,21.48542409297329,68.92883076037036,43.31595958444382,31.07116923962964,56.68404041555618,43.87760482759291,Prioridade moderada
260940,PE,Moreno,57654.0,17.0,2.9486245533701045,202.0,35.03659763416242,41.622593276108546,70.63597351071779,58.377406723891454,29.36402648928221,43.87071660658683,Prioridade moderada
292205,BA,Mulungu do Morro,13648.0,6.0,4.3962485345838225,34.0,24.912075029308326,62.05715966331881,50.22430232070975,37.94284033668119,49.77569767929025,43.85926900798572,Prioridade moderada
315190,MG,Pocrane,8438.0,4.0,4.740459824602986,19.0,22.517184166864187,66.91602394603578,45.39605246360262,33.08397605396422,54.60394753639738,43.8439617951808,Prioridade moderada
317090,MG,Varzelândia,19210.0,12.0,6.246746486205101,23.0,11.972930765226444,88.17866893128317,24.138177719447697,11.82133106871683,75.8618222805523,43.84157667463457,Prioridade moderada
211140,MA,São Luís Gonzaga do Maranhão,18123.0,10.0,5.517850245544336,31.0,17.10533576118744,77.8896167931151,34.485427390388615,22.110383206884904,65.51457260961138,43.81247790824814,Prioridade moderada
150745,PA,São Geraldo do Araguaia,24929.0,14.0,5.615949296000641,41.0,16.446708652573307,79.27437663758171,33.15759392084686,20.72562336241829,66.84240607915314,43.78401472078571,Prioridade moderada
210230,MA,Buriti Bravo,22938.0,12.0,5.23149359142035,44.0,19.182143168541284,73.84742480468871,38.67240109555431,26.152575195311286,61.32759890444569,43.74008704987849,Prioridade moderada
292240,BA,Mutuípe,20590.0,10.0,4.856726566294317,45.0,21.85526954832443,68.55723774364374,44.06159116830999,31.44276225635626,55.93840883169001,43.690585544023136,Prioridade moderada
352920,SP,Martinópolis,25240.0,14.0,5.546751188589541,43.0,17.0364500792393,78.29758063384608,34.34654954453831,21.70241936615392,65.6534504554617,43.67793491080781,Prioridade moderada
315110,MG,Pirapetinga,11454.0,4.0,3.4922297887200977,36.0,31.43006809848088,49.29608958063994,63.36498426090468,50.70391041936006,36.63501573909532,43.66946307922769,Prioridade moderada
355020,SP,São Miguel Arcanjo,32924.0,15.0,4.555947029522537,79.0,23.99465435548536,64.31145327762232,48.37472482774113,35.68854672237768,51.62527517225887,43.65691094731827,Prioridade moderada
314450,MG,Nazareno,8407.0,5.0,5.947424765076722,12.0,14.273819436184132,83.9534628964925,28.77691327561961,16.046537103507504,71.2230867243804,43.63481191394395,Prioridade moderada
320503,ES,Vargem Alta,20390.0,12.0,5.88523786169691,30.0,14.713094654242276,83.07563659489699,29.662519606195936,16.92436340510301,70.33748039380407,43.63092189945354,Prioridade moderada
430900,RS,Giruá,16273.0,6.0,3.6870890432003933,49.0,30.111227186136546,52.046710200023035,60.706118445167704,47.953289799976965,39.293881554832296,43.623585677404634,Prioridade moderada
270210,AL,Colônia Leopoldina,15915.0,8.0,5.026704366949419,33.0,20.735155513666353,70.95663337186929,41.80337117482681,29.043366628130713,58.19662882517319,43.61999772665195,Prioridade moderada
430140,RS,Arvorezinha,10547.0,4.0,3.7925476438797765,31.0,29.392244240068266,53.535356978918166,59.2566038300951,46.464643021081834,40.7433961699049,43.60401959549337,Prioridade moderada
290040,BA,Água Fria,14833.0,9.0,6.067552079822018,20.0,13.483449066271152,85.64917229336359,27.183477146467794,14.350827706636409,72.8165228535322,43.58367528008431,Prioridade moderada
521890,GO,Rubiataba,20186.0,9.0,4.458535618745666,50.0,24.769642326364806,62.93640011034689,49.93714907777132,37.06359988965311,50.06285092222868,43.5632254059409,Prioridade moderada
412180,PR,Ribeirão Claro,12856.0,3.0,2.3335407591785935,51.0,39.67019290603609,32.940110263105744,79.9775915611053,67.05988973689426,20.0224084388947,43.54114908789448,Prioridade moderada
260470,PE,Correntes,17670.0,10.0,5.659309564233164,29.0,16.411997736276174,79.88644737643604,33.08761454129356,20.11355262356396,66.91238545870644,43.5129690411352,Prioridade moderada
250690,PB,Itabaiana,23558.0,12.0,5.093811019611172,48.0,20.375244078444688,71.90390653578189,41.07776719723814,28.096093464218114,58.92223280276186,43.50916313348999,Prioridade moderada
420470,SC,Cunha Porã,11242.0,3.0,2.6685643123999285,42.0,37.359900373599004,37.669281048077515,75.31989723167311,62.330718951922485,24.68010276832689,43.505410860124684,Prioridade moderada
412620,PR,Sapopema,6778.0,1.0,1.475361463558572,31.0,45.73620537031572,20.826106892027514,92.20705231572926,79.17389310797249,7.792947684270743,43.483420396121616,Prioridade moderada
320170,ES,Conceição do Castelo,12472.0,7.0,5.6125721616420785,21.0,16.837716484926233,79.2267052276409,33.94589018114453,20.773294772359094,66.05410981885547,43.41370229560728,Prioridade moderada
355430,SP,Teodoro Sampaio,22598.0,12.0,5.310204442871051,43.0,19.028232586954598,74.95850208735064,38.36210773095615,25.041497912649362,61.63789226904385,43.339695090846604,Prioridade moderada
310630,MG,Belo Oriente,24546.0,13.0,5.296178603438443,47.0,19.14772264320052,74.76051424607319,38.60300716234247,25.239485753926814,61.39699283765753,43.31823929579217,Prioridade moderada
291460,BA,Irecê,78781.0,25.0,3.173353981289905,268.0,34.01835467942778,44.79485932971227,68.58313198971402,55.20514067028773,31.41686801028598,43.31100434028686,Prioridade moderada
241330,RN,Serra de São Bento,5866.0,3.0,5.114217524718717,12.0,20.45687009887487,72.1919634405877,41.24233036279135,27.8080365594123,58.75766963720865,43.282853098310476,Prioridade moderada
291470,BA,Itaberaba,68425.0,23.0,3.361344537815126,224.0,32.73657289002558,47.44852185349999,65.99897968508346,52.55147814650001,34.001020314916545,43.276249230708274,Prioridade moderada
350640,SP,Bilac,7464.0,1.0,1.339764201500536,35.0,46.89174705251876,18.912024720546956,94.53669666381623,81.08797527945305,5.46330333618377,43.27563930781841,Prioridade moderada
130400,AM,Silves,12619.0,6.0,4.754734923528013,29.0,22.981218797052065,67.11753031816902,46.33157531854009,32.88246968183098,53.66842468145991,43.27544718164545,Prioridade moderada
510629,MT,Paranaíta,12079.0,5.0,4.1394155145293485,33.0,27.3201423958937,58.43172138180416,55.079116834785054,41.56827861819584,44.920883165214946,43.2445808917054,Prioridade moderada
431810,RS,São Francisco de Assis,17934.0,7.0,3.9032006245121,52.0,28.995204639232742,55.09732728890027,58.45614714705295,44.90267271109973,41.54385285294705,43.22326278202339,Prioridade moderada
210450,MA,Governador Archer,10476.0,5.0,4.772814051164567,24.0,22.90950744558992,67.3727341132887,46.187000746111885,32.6272658867113,53.812999253888115,43.22013257029971,Prioridade moderada
293030,BA,Serra Dourada,17574.0,8.0,4.552179355866621,43.0,24.467964037783087,64.25826904024696,49.32894676818863,35.74173095975304,50.67105323181137,43.206392095782206,Prioridade moderada
320230,ES,Guaçuí,31418.0,13.0,4.137755426825387,86.0,27.372843592844866,58.40828769126336,55.18536574601484,41.59171230873664,44.81463425398516,43.203173281360904,Prioridade moderada
500150,MS,Bandeirantes,8342.0,5.0,5.993766482857828,12.0,14.385039558858788,84.60761958413,29.001140003372583,15.392380415869994,70.99885999662742,43.195620206248705,Prioridade moderada
320150,ES,Colatina,129301.0,45.0,3.4802515061755126,414.0,32.01831385681472,49.12700491981741,64.55092452363574,50.87299508018259,35.44907547636426,43.161035278273424,Prioridade moderada
290800,BA,Coaraci,17557.0,7.0,3.987013726718688,50.0,28.478669476562054,56.2804276128688,57.41477993301201,43.7195723871312,42.58522006698799,43.1523962270596,Prioridade moderada
430240,RS,Bom Retiro do Sul,12587.0,5.0,3.972352427107333,36.0,28.600937475172795,56.07346965685329,57.66127987005658,43.92653034314671,42.33872012994342,43.13262523654507,Prioridade moderada
312670,MG,Francisco Sá,23753.0,12.0,5.051993432408539,50.0,21.049972635035573,71.31361218245907,42.438062193571,28.686387817540933,57.561937806429,43.12416281198497,Prioridade moderada
520780,GO,Firminópolis,10274.0,6.0,5.839984426708195,16.0,15.57329180455519,82.43684203669211,31.39673089457324,17.563157963307887,68.60326910542676,43.083213534367324,Prioridade moderada
421820,SC,Timbó,49768.0,17.0,3.4158495418742967,162.0,32.551036810802124,48.217910961677426,65.62492733804473,51.782089038322574,34.37507266195527,43.07858085013892,Prioridade moderada
292660,BA,Ribeira do Pombal,56316.0,31.0,5.504652319056751,101.0,17.93451239434619,77.70331571736338,36.157099374839504,22.29668428263662,63.842900625160496,43.06979245389856,Prioridade moderada
211085,MA,São Francisco do Brejão,9202.0,4.0,4.346881112801565,24.0,26.08128667680939,61.360292333911104,52.581506174339076,38.639707666088896,47.418493825660924,43.02910074587491,Prioridade moderada
260360,PE,Camutanga,7962.0,5.0,6.279829188646069,10.0,12.559658377292138,88.64566221688173,25.321057304292687,11.354337783118268,74.67894269570732,43.016640239412794,Prioridade moderada
410110,PR,Andirá,19989.0,8.0,4.002201210665866,57.0,28.515683625994296,56.49481315289909,57.48940277470792,43.50518684710091,42.51059722529208,43.007892036196495,Prioridade moderada
251420,PB,São José da Lagoa Tapada,7251.0,5.0,6.895600606812854,6.0,8.274720728175424,97.33785168539684,16.682354841272517,2.662148314603158,83.31764515872749,42.98989673666532,Prioridade moderada
411170,PR,Jaboti,5655.0,2.0,3.5366931918656057,18.0,31.83023872679045,49.92373210049955,64.17175329128224,50.07626789950045,35.82824670871776,42.952257304109104,Prioridade moderada
421780,SC,Taió,18909.0,10.0,5.288486963879634,37.0,19.567401766354646,74.6519395600838,39.44910653921836,25.348060439916196,60.55089346078164,42.94947695034892,Prioridade moderada
510794,MT,Tabaporã,9895.0,6.0,6.06366851945427,14.0,14.14855987872663,85.5943522066675,28.524382168720543,14.405647793332506,71.47561783127946,42.940632812305985,Prioridade moderada
431890,RS,São Luiz Gonzaga,35865.0,13.0,3.6247037501742643,112.0,31.22821692457828,51.16608344302557,62.958039661952256,48.83391655697443,37.041960338047744,42.93793844751109,Prioridade moderada
411710,PR,Nova Londrina,13074.0,6.0,4.5892611289582375,32.0,24.476059354443937,64.78171294821591,49.34526743320261,35.21828705178409,50.65473256679739,42.93650980929074,Prioridade moderada
292340,BA,Palmas de Monte Alto,20666.0,9.0,4.354979192877189,54.0,26.12987515726314,61.47460430791939,52.67946359172571,38.52539569208061,47.32053640827429,42.92296605017745,Prioridade moderada
211102,MA,São João do Carú,12360.0,5.0,4.045307443365696,35.0,28.317152103559874,57.10329794262237,57.08915080086767,42.89670205737763,42.91084919913233,42.90377562825498,Prioridade moderada
230520,CE,Hidrolândia,18186.0,9.0,4.948861761794787,40.0,21.99494116353239,69.85781219770494,44.34317788557756,30.142187802295055,55.65682211442244,42.89950495835875,Prioridade moderada
250030,PB,Alagoa Grande,26655.0,15.0,5.627462014631401,46.0,17.257550178202962,79.43688942834129,34.79230118106098,20.56311057165871,65.20769881893902,42.88540469529887,Prioridade moderada
250400,PB,Campina Grande,443911.0,103.0,2.3202849219776036,1795.0,40.43603334902717,32.75299172347325,81.52157382243675,67.24700827652674,18.47842617756325,42.862717227044996,Prioridade moderada
291670,BA,Itaquara,8464.0,4.0,4.725897920604915,20.0,23.629489603024574,66.71046905206165,47.638529833832315,33.289530947938346,52.361470166167685,42.82550055705302,Prioridade moderada
290430,BA,Brejões,13224.0,8.0,6.049606775559589,19.0,14.367816091954023,85.39585754032818,28.96641641620379,14.60414245967182,71.03358358379622,42.81886302173402,Prioridade moderada
291720,BA,Ituaçu,18506.0,11.0,5.944018156273641,28.0,15.130228034151086,83.9053754272013,30.50348660537012,16.094624572798693,69.49651339462989,42.79556898371429,Prioridade moderada
110160,RO,Theobroma,8459.0,5.0,5.910864168341412,13.0,15.368246837687671,83.43737588022371,30.98334740912778,16.562624119776288,69.01665259087221,42.78963835532425,Prioridade moderada
431290,RS,Nova Bassano,9867.0,4.0,4.053917097395358,28.0,28.37741968176751,57.22483126144217,57.210654010234066,42.77516873855783,42.789345989765934,42.78225736416188,Prioridade moderada
210580,MA,Lago do Junco,9687.0,5.0,5.161556725508413,20.0,20.646226902033654,72.86020053378883,41.624085528394424,27.139799466211173,58.375914471605576,42.75785696890837,Prioridade moderada
290200,BA,Aracatu,14440.0,7.0,4.847645429362881,33.0,22.85318559556787,68.42904900271036,46.073452371701435,31.570950997289643,53.926547628298565,42.748749312794104,Prioridade moderada
291550,BA,Itajuípe,19191.0,7.0,3.6475431191704444,60.0,31.26465530717524,51.48848249695885,63.031501721675276,48.51151750304115,36.968498278324724,42.74000789068293,Prioridade moderada
412535,PR,São Jorge do Patrocínio,6690.0,2.0,2.9895366218236177,24.0,35.874439461883405,42.20010538539985,72.32511506969628,57.79989461460015,27.67488493030372,42.737389772451934,Prioridade moderada
410390,PR,Campina da Lagoa,16014.0,9.0,5.620082427875609,28.0,17.484700886724116,79.33271965951431,35.25025122511424,20.66728034048569,64.74974877488576,42.708514557685724,Prioridade moderada
231050,CE,Pedra Branca,42227.0,24.0,5.683567385795818,72.0,17.050702157387455,80.22886921495488,34.375282626016634,19.771130785045116,65.62471737398337,42.697924079514245,Prioridade moderada
150563,PA,Piçarra,13366.0,7.0,5.237168936106539,27.0,20.20050875355379,73.92753760280843,40.72548984687278,26.072462397191572,59.27451015312722,42.67348627515939,Prioridade moderada
210640,MA,Mata Roma,17581.0,11.0,6.256754450827598,23.0,13.08230476082134,88.3199407118928,26.374745122040284,11.680059288107202,73.62525487795972,42.65265708303346,Prioridade moderada
241370,RN,Sítio Novo,4746.0,3.0,6.321112515802782,6.0,12.642225031605564,89.22841498998893,25.487516846621794,10.771585010011066,74.51248315337821,42.64203408169464,Prioridade moderada
510718,MT,Ribeirão Cascalheira,10541.0,6.0,5.692059576890238,18.0,17.076178730670712,80.34874443458637,34.42664499214506,19.651255565413635,65.57335500785494,42.61230528663429,Prioridade moderada
292870,BA,Santo Antônio de Jesus,109791.0,30.0,2.7324644096510644,415.0,37.79909100017306,38.571290683433745,76.20533302052357,61.428709316566255,23.794666979476432,42.611688148021344,Prioridade moderada
240485,RN,Itajá,7551.0,5.0,6.621639517944644,8.0,10.594623228711429,93.4706346935257,21.359423467808593,6.529365306474304,78.6405765321914,42.584970919332854,Prioridade moderada
316680,MG,Serra do Salitre,12286.0,5.0,4.069672798307017,35.0,28.487709588149112,57.44723771535182,57.433005363724924,42.55276228464818,42.566994636275076,42.55987846046163,Prioridade moderada
510305,MT,Cláudia,9301.0,5.0,5.375766046661649,18.0,19.352757767981938,75.88396544143774,39.01637080552641,24.116034558562262,60.98362919447359,42.54983187651793,Prioridade moderada
251210,PB,Pombal,33866.0,15.0,4.429221047658419,88.0,25.984763479596054,62.52259752295628,52.38690936808745,37.47740247704372,47.61309063191255,42.54524655447813,Prioridade moderada
150380,PA,Jacundá,37726.0,16.0,4.2411069289084455,103.0,27.302125854848114,59.86719080280443,55.04279436051574,40.13280919719557,44.95720563948426,42.545007418339914,Prioridade moderada
421030,SC,Major Vieira,7543.0,1.0,1.3257324671881214,36.0,47.72636881877237,18.71395366752784,96.21934637735677,81.28604633247215,3.7806536226432286,42.53334997755769,Prioridade moderada
291410,BA,Ipupiara,10349.0,5.0,4.831384674847811,24.0,23.190646439269496,68.19951324483644,46.75379455177004,31.80048675516356,53.24620544822996,42.52334610169676,Prioridade moderada
510350,MT,Diamantino,22623.0,12.0,5.3043362949210975,45.0,19.891261105954115,74.87566769084337,40.102027235799966,25.124332309156628,59.897972764200034,42.51115253667833,Prioridade moderada
230860,CE,Monsenhor Tabosa,17705.0,8.0,4.518497599548151,45.0,25.416548997458346,63.782819548901436,51.241353411776494,36.217180451098564,48.758646588223506,42.487913519661035,Prioridade moderada
240140,RN,Baía Formosa,9115.0,6.0,6.582556226001096,10.0,10.970927043335163,92.91893747503838,22.11807550814903,7.081062524961624,77.88192449185097,42.481493508406295,Prioridade moderada
231135,CE,Quixelô,16998.0,9.0,5.2947405577126725,34.0,20.00235321802565,74.74021488571964,40.32599588616581,25.259785114280362,59.67400411383419,42.466894614057274,Prioridade moderada
230365,CE,Catunda,10864.0,6.0,5.522827687776141,20.0,18.40942562592047,77.95987804537691,37.114554170982764,22.04012195462309,62.885445829017236,42.462783891820166,Prioridade moderada
210410,MA,Fortaleza dos Nogueiras,12963.0,6.0,4.628558204119417,32.0,24.685643755303555,65.33642791676117,49.76780270166557,34.66357208323883,50.23219729833443,42.44788469078663,Prioridade moderada
210400,MA,Esperantinópolis,18734.0,11.0,5.871677164513718,30.0,16.013664994128323,82.88421467149499,32.284550804437664,17.115785328505012,67.71544919556234,42.41561726203368,Prioridade moderada
310030,MG,Abre Campo,14354.0,2.0,1.3933398355858995,68.0,47.37355440992059,19.66829490234952,95.50805044907992,80.33170509765048,4.491949550920083,42.411827324285284,Prioridade moderada
352530,SP,Jaú,137409.0,21.0,1.5282841735257517,638.0,46.43072870044902,21.573160439253705,93.60725481433137,78.42683956074629,6.39274518566863,42.40979237320746,Prioridade moderada
315710,MG,Salto da Divisa,6126.0,3.0,4.897159647404505,14.0,22.853411687887693,69.12798849861042,46.07390818796764,30.87201150138958,53.92609181203236,42.39905165671097,Prioridade moderada
261245,PE,Santa Cruz,14342.0,7.0,4.880769767117557,33.0,23.00934318783991,68.89663000970138,46.38827585046497,31.103369990298617,53.61172414953503,42.35754706991682,Prioridade moderada
270020,AL,Anadia,14167.0,8.0,5.64692595468342,25.0,17.646643608385684,79.71164114585304,35.57673788677532,20.288358854146963,64.42326211322468,42.35581048368582,Prioridade moderada
432070,RS,Sobradinho,14512.0,6.0,4.134509371554576,41.0,28.252480705622933,58.36246658523807,56.95876921532466,41.63753341476193,43.04123078467534,42.339382099718634,Prioridade moderada
510460,MT,Itiquira,12587.0,5.0,3.972352427107333,37.0,29.395407960594262,56.07346965685329,59.26298208866926,43.92653034314671,40.73701791133074,42.331774127238724,Prioridade moderada
261430,PE,Moreilândia,10839.0,6.0,5.535566011624688,20.0,18.451886705415628,78.13969140003458,37.20015836456839,21.86030859996542,62.79984163543161,42.33007511769851,Prioridade moderada
240210,RN,Campo Redondo,10510.0,8.0,7.611798287345385,8.0,7.611798287345385,100.0,15.345861713170569,0.0,84.65413828682944,42.32706914341472,Prioridade moderada
520753,GO,Faina,7167.0,3.0,4.185851820845542,20.0,27.90567880563695,59.087213275078476,56.25959488119949,40.912786724921524,43.74040511880051,42.32659592186101,Prioridade moderada
260110,PE,Araripina,90504.0,44.0,4.861663572880756,210.0,23.2033943251127,68.62692820895373,46.779495087425374,31.37307179104627,53.220504912574626,42.29678835181045,Prioridade moderada
410210,PR,Astorga,26203.0,8.0,3.0530855245582567,94.0,35.873754913559516,43.097157581700564,72.32373497743451,56.902842418299436,27.676265022565488,42.289553720432465,Prioridade moderada
350170,SP,Américo Brasiliense,33708.0,7.0,2.0766583600332265,144.0,42.71982912068352,29.313974949541276,86.12584902389963,70.68602505045872,13.874150976100367,42.280088013279546,Prioridade moderada
211163,MA,São Raimundo do Doca Bezerra,5761.0,3.0,5.207429265752474,12.0,20.829717063009895,73.50773434169197,41.994013176207964,26.49226565830803,58.005986823792036,42.249126241050035,Prioridade moderada
270070,AL,Batalha,17103.0,9.0,5.262234695667427,35.0,20.46424603870666,74.28136424179749,41.25720071909748,25.71863575820251,58.74279928090252,42.23071751955251,Prioridade moderada
520990,GO,Iaciara,10289.0,6.0,5.831470502478375,17.0,16.52249975702206,82.3166600335285,33.310393530617475,17.683339966471493,66.68960646938253,42.18647321792701,Prioridade moderada
310160,MG,Alfenas,82303.0,29.0,3.5235653621374676,269.0,32.684106290171684,49.73842050606553,65.89320373628347,50.26157949393447,34.10679626371653,42.1841878788255,Prioridade moderada
350940,SP,Cajuru,24233.0,12.0,4.951925060867412,55.0,22.696323195642307,69.90105352906984,45.75720795659973,30.09894647093016,54.24279204340027,42.170869257165215,Prioridade moderada
314350,MG,Morada Nova de Minas,9414.0,5.0,5.311238580837051,19.0,20.182706607180798,74.97309991191973,40.68959960568079,25.026900088080268,59.31040039431921,42.16865024119974,Prioridade moderada
260820,PE,Joaquim Nabuco,13416.0,9.0,6.708407871198569,14.0,10.435301132975551,94.6954511499301,21.03822015201921,5.3045488500699065,78.9617798479808,42.13316434902535,Prioridade moderada
250510,PB,Cuité,20208.0,11.0,5.443388756927949,39.0,19.299287410926365,76.83852324108211,38.908571219390126,23.161476758917885,61.091428780609874,42.12645276976388,Prioridade moderada
293000,BA,Sebastião Laranjeiras,9581.0,5.0,5.2186619350798455,20.0,20.874647740319382,73.66629397461773,42.08459623354104,26.33370602538227,57.91540376645896,42.12455489592061,Prioridade moderada
430090,RS,Aratiba,6618.0,1.0,1.5110305228165608,31.0,46.841946207313384,21.329609022992212,94.43629504321743,78.67039097700778,5.563704956782573,42.11704796689518,Prioridade moderada
260580,PE,Frei Miguelinho,14055.0,11.0,7.826396300249022,11.0,7.826396300249022,100.0,15.778504737278991,0.0,84.221495262721,42.1107476313605,Prioridade moderada
350010,SP,Adamantina,35673.0,9.0,2.5229164914641324,142.0,39.80601575421187,35.61332583823795,80.25141892317026,64.38667416176204,19.748581076829737,42.06762761929589,Prioridade moderada
290340,BA,Belmonte,20527.0,11.0,5.358795732449944,41.0,19.973693184586157,75.64441358482912,40.26821546513331,24.355586415170876,59.73178453486669,42.04368547501878,Prioridade moderada
292105,BA,Matina,10611.0,6.0,5.654509471303364,19.0,17.90594665912732,79.81868957543821,36.0995090649212,20.181310424561786,63.9004909350788,42.0409006798203,Prioridade moderada
150340,PA,Inhangapi,10784.0,6.0,5.56379821958457,20.0,18.5459940652819,78.53821541960079,37.38988469153902,21.46178458039921,62.61011530846098,42.0359499444301,Prioridade moderada
412290,PR,Salto do Itararé,5214.0,2.0,3.835826620636747,16.0,30.686612965093975,54.14628021256711,61.8661321846654,45.85371978743289,38.1338678153346,41.993793801383745,Prioridade moderada
211010,MA,Santa Quitéria do Maranhão,24495.0,13.0,5.3072055521535,50.0,20.412329046744237,74.91616994015563,41.15253281420257,25.083830059844374,58.84746718579743,41.9656486228209,Prioridade moderada
330290,RJ,Miguel Pereira,28142.0,13.0,4.619430033402033,71.0,25.2291947978111,65.2075752499507,50.863635620180744,34.79242475004931,49.136364379819256,41.96439456493428,Prioridade moderada
230120,CE,Aracoiaba,26752.0,12.0,4.4856459330143545,70.0,26.166267942583733,63.31908755120925,52.75283372448597,36.68091244879075,47.24716627551403,41.96403936215239,Prioridade moderada
291710,BA,Itororó,16849.0,8.0,4.748056264466734,41.0,24.333788355392013,67.02325479929372,49.05844019542948,32.976745200706276,50.94155980457052,41.959152502638396,Prioridade moderada
110010,RO,Guajará-Mirim,43594.0,10.0,2.29389365509015,181.0,41.519475157131716,32.38045430888711,83.7058603121459,67.61954569111289,16.2941396878541,41.956842689483494,Prioridade moderada
330023,RJ,Armação dos Búzios,42527.0,22.0,5.173184094810356,91.0,21.39817057398829,73.02433172599936,43.140051029620786,26.97566827400064,56.859948970379214,41.91780862218992,Prioridade moderada
230526,CE,Ibaretama,12149.0,7.0,5.761791093917195,21.0,17.285373281751585,81.33307001392191,34.84839429905627,18.666929986078088,65.15160570094373,41.90926784351091,Prioridade moderada
351140,SP,Cerqueira César,22210.0,13.0,5.85321927059883,37.0,16.659162539396668,82.62366423611492,33.585914252592524,17.37633576388508,66.41408574740748,41.89521075564628,Prioridade moderada
510020,MT,Água Boa,32099.0,16.0,4.984578958846069,73.0,22.742141499735194,70.36199383864292,45.8495805250781,29.638006161357083,54.1504194749219,41.89421281813949,Prioridade moderada
261380,PE,São Vicente Férrer,17177.0,10.0,5.821738371077603,29.0,16.883041276125052,82.17928189681695,34.037267796743166,17.820718103183054,65.96273220325683,41.891725153219944,Prioridade moderada
293180,BA,Tremedal,16646.0,11.0,6.608194160759341,19.0,11.414153550402498,93.28084090206579,23.011647884649697,6.7191590979342095,76.9883521153503,41.85375560664225,Prioridade moderada
510455,MT,Itaúba,5201.0,2.0,3.845414343395501,16.0,30.763314747164006,54.28161988623822,62.02076777751305,45.71838011376178,37.97923222248695,41.84880616812437,Prioridade moderada
230620,CE,Itaiçaba,7801.0,4.0,5.127547750288425,17.0,21.792077938725804,72.38013204161645,43.93419292866597,27.61986795838355,56.06580707133403,41.842837514858786,Prioridade moderada
291200,BA,Ibiassucê,10746.0,4.0,3.7223152801042247,34.0,31.63967988088591,52.543961479308564,63.787574732276795,47.456038520691436,36.212425267723205,41.83423189420732,Prioridade moderada
292925,BA,São Gabriel,19229.0,11.0,5.720526288418535,34.0,17.68162670965729,80.75057869134055,35.64726600827118,19.24942130865945,64.35273399172883,41.80107765019414,Prioridade moderada
261330,PE,São Joaquim do Monte,20438.0,12.0,5.8714159898228795,34.0,16.63567863783149,82.88052794646981,33.53856923735427,17.11947205353019,66.46143076264573,41.79045140808796,Prioridade moderada
231270,CE,Senador Pompeu,25108.0,13.0,5.177632627051139,54.0,21.507089373904734,73.08712691907408,43.35963814667051,26.91287308092592,56.64036185332949,41.77661746712771,Prioridade moderada
250660,PB,Ibiara,5713.0,3.0,5.251181515841065,12.0,21.00472606336426,74.12533827104629,42.34684227343499,25.87466172895371,57.65315772656501,41.76390972775936,Prioridade moderada
230390,CE,Chaval,12811.0,7.0,5.464054328311607,25.0,19.514479743970025,77.13023710866734,39.34241243009492,22.869762891332655,60.65758756990508,41.76367523061887,Prioridade moderada
291345,BA,Igrapiúna,13501.0,8.0,5.9254870009628915,22.0,16.29508925264795,83.64379083870082,32.85191972186597,16.356209161299176,67.14808027813403,41.752144719716604,Prioridade moderada
230830,CE,Milagres,26819.0,15.0,5.593049703568366,50.0,18.64349901189455,78.9511274735239,37.58646076602005,21.048872526476103,62.41353923397995,41.731205880228025,Prioridade moderada
412780,PR,Tomazina,8523.0,1.0,1.1732957878681216,51.0,59.838085181274195,16.562167372305815,100.0,83.43783262769418,0.0,41.71891631384709,Prioridade moderada
231290,CE,Sobral,216519.0,45.0,2.0783395452593076,937.0,43.27564786462158,29.337706451338274,87.24641439624298,70.66229354866172,12.753585603757017,41.70793957620937,Prioridade moderada
270030,AL,Arapiraca,243906.0,47.0,1.9269718662107533,1083.0,44.40235172566481,27.201010094731725,89.51791989212688,72.79898990526827,10.482080107873117,41.640535006570694,Prioridade moderada
210480,MA,Grajaú,76837.0,22.0,2.8632039251922903,291.0,37.8723791923162,40.416801219615216,76.3530866024474,59.583198780384784,23.646913397552595,41.615056088968686,Prioridade moderada
520150,GO,Aporé,4488.0,1.0,2.228163992869875,19.0,42.33511586452763,31.452618652888255,85.35024302314594,68.54738134711175,14.649756976854064,41.59856916198291,Prioridade moderada
260130,PE,Barra de Guabiraba,12601.0,8.0,6.348702483929848,17.0,13.490992778350925,89.61787319365922,27.198685742125488,10.382126806340779,72.80131425787451,41.591720532107644,Prioridade moderada
292670,BA,Rio de Contas,13634.0,9.0,6.60114419832771,16.0,11.735367463693706,93.18132408885597,23.659235236236277,6.818675911144027,76.34076476376373,41.57972033745388,Prioridade moderada
211040,MA,São Benedito do Rio Preto,18810.0,11.0,5.847953216374269,32.0,17.01222753854333,82.54932895565057,34.29771538658643,17.450671044349434,65.70228461341357,41.5764778288815,Prioridade moderada
291610,BA,Itaparica,20353.0,10.0,4.9132805974549205,48.0,23.58374686778362,69.35555078571339,47.54630961688873,30.64444921428661,52.45369038311127,41.54906979869894,Prioridade moderada
270630,AL,Palmeira dos Índios,73621.0,25.0,3.3957702286032516,252.0,34.22936390432078,47.93447267565045,69.00853979259742,52.06552732434955,30.991460207402582,41.528493765876064,Prioridade moderada
353020,SP,Mirante do Paranapanema,16031.0,10.0,6.237914041544507,23.0,14.347202295552368,88.05399071434252,28.92485771259374,11.946009285657482,71.07514228740627,41.510575786531874,Prioridade moderada
421880,SC,Turvo,13604.0,7.0,5.145545427815349,30.0,22.052337547780066,72.63418609226238,44.45889258823399,27.365813907737618,55.54110741176601,41.45346065975181,Prioridade moderada
350630,SP,Bernardino de Campos,11881.0,6.0,5.050079959599361,27.0,22.725359818197123,71.28660172417936,45.81574760485663,28.713398275820637,54.18425239514337,41.448825335482,Prioridade moderada
211027,MA,Santo Amaro do Maranhão,14287.0,9.0,6.2994330510254075,20.0,13.998740113389793,88.92238906890616,28.22233614569586,11.077610931093844,71.77766385430414,41.42763739269899,Prioridade moderada
230680,CE,Jaguaribara,10668.0,3.0,2.81214848143982,41.0,38.432695913010875,39.69610588137303,77.48272017742701,60.30389411862697,22.517279822572988,41.41058697059998,Prioridade moderada
412670,PR,Tamboara,4986.0,2.0,4.011231448054552,15.0,30.084235860409148,56.62228339918269,60.6517022433148,43.37771660081731,39.3482977566852,41.36300717875125,Prioridade moderada
261280,PE,Santa Terezinha,10487.0,6.0,5.721369314389244,19.0,18.11766949556594,80.76247879135833,36.52635555334023,19.237521208641667,63.47364444665977,41.35558282765072,Prioridade moderada
220025,PI,Alagoinha do Piauí,6876.0,4.0,5.817335660267597,12.0,17.452006980802793,82.1171335160922,35.18433826470827,17.882866483907804,64.81566173529173,41.349264109599766,Prioridade moderada
292450,BA,Pindaí,15125.0,9.0,5.9504132231404965,25.0,16.52892561983471,83.99564777702231,33.323348472194766,16.004352222977687,66.67665152780523,41.34050187539146,Prioridade moderada
250110,PB,Areia,23031.0,14.0,6.078763405844297,36.0,15.631105900742478,85.80743064557662,31.513287730641405,14.192569354423384,68.48671226935859,41.33964081189099,Prioridade moderada
292190,BA,Mucugê,12712.0,6.0,4.7199496538703585,32.0,25.173064820641915,66.62650370397851,50.75047407344957,33.373496296021486,49.24952592655043,41.31151111128596,Prioridade moderada
412790,PR,Tuneiras do Oeste,8067.0,4.0,4.958472790380563,19.0,23.552745754307672,69.99348085492127,47.48380943199193,30.006519145078727,52.51619056800807,41.2613548565434,Prioridade moderada
150125,PA,Bannach,4290.0,2.0,4.662004662004662,11.0,25.641025641025642,65.8085559506585,51.693912373532925,34.1914440493415,48.306087626467075,41.24876583790429,Prioridade moderada
172210,TO,Xambioá,10636.0,4.0,3.7608123354644603,34.0,31.966904851447914,53.087383420143844,64.4472807515087,46.912616579856156,35.5527192484913,41.23266791417373,Prioridade moderada
316390,MG,São Pedro da União,4973.0,3.0,6.032575909913533,8.0,16.086869093102756,85.1554509435929,32.432134849270604,14.844549056407104,67.5678651507294,41.206207103568254,Prioridade moderada
291685,BA,Itatim,16454.0,7.0,4.254284672420081,47.0,28.564482800534822,60.05320697697444,57.587784964559276,39.94679302302556,42.412215035440724,41.179504029233144,Prioridade moderada
412100,PR,Querência do Norte,10625.0,5.0,4.705882352941177,27.0,25.411764705882355,66.42793059489999,51.231707980546034,33.57206940510001,48.768292019453966,41.17018071227699,Prioridade moderada
210710,MA,Morros,19015.0,11.0,5.7849066526426505,34.0,17.88062056271365,81.65936774419076,36.0484500695791,18.34063225580924,63.9515499304209,41.146091093115075,Prioridade moderada
130210,AM,Japurá,9420.0,5.0,5.307855626326964,20.0,21.231422505307854,74.92534634509686,42.80387648763872,25.074653654903145,57.19612351236128,41.13538858363221,Prioridade moderada
330090,RJ,Cambuci,15069.0,7.0,4.645298294511912,39.0,25.880947640852078,65.57272994884448,52.177610140117835,34.42727005115552,47.822389859882165,41.12482995551884,Prioridade moderada
431400,RS,Paraí,7362.0,2.0,2.7166530834012494,29.0,39.391469709318116,38.34809902585234,79.4156681533085,61.65190097414766,20.584331846691498,41.118116410419574,Prioridade moderada
210390,MA,Duque Bacelar,10443.0,5.0,4.787896198410419,26.0,24.897060231734176,67.58563272726347,50.194031549135666,32.41436727273653,49.805968450864334,41.110167861800434,Prioridade moderada
160020,AP,Calçoene,11461.0,6.0,5.235145275281389,25.0,21.813105313672455,73.89897173762976,43.97658543250554,26.101028262370235,56.02341456749446,41.06222141493235,Prioridade moderada
220520,PI,Jaicós,17789.0,11.0,6.183596604643318,27.0,15.177918938669963,87.28724929202242,30.59963445349944,12.712750707977577,69.40036554650055,41.056558127239065,Prioridade moderada
421200,SC,Palma Sola,7696.0,2.0,2.598752598752599,31.0,40.28066528066528,36.68382341844139,81.20834207328652,63.31617658155861,18.791657926713484,41.053917254136046,Prioridade moderada
520735,GO,Edealina,4104.0,2.0,4.8732943469785575,10.0,24.366471734892787,68.79110746304214,49.12433193391286,31.208892536957862,50.87566806608714,41.042280301522496,Prioridade moderada
250090,PB,Arara,12482.0,8.0,6.409229290177856,17.0,13.619612241627944,90.47226567163112,27.457990629428235,9.52773432836888,72.54200937057176,41.03487184947032,Prioridade moderada
270915,AL,Teotônio Vilela,39143.0,23.0,5.8758909639015915,68.0,17.37219937153514,82.94369639081667,35.02344112985956,17.05630360918333,64.97655887014044,41.016431239661884,Prioridade moderada
510310,MT,Cocalinho,6495.0,3.0,4.618937644341801,17.0,26.17397998460354,65.20062471785796,52.7683816838373,34.79937528214204,47.2316183161627,41.01549679915237,Prioridade moderada
120010,AC,Brasiléia,28028.0,10.0,3.5678607107178535,94.0,33.53789068074782,50.36369077856517,67.61448649970447,49.63630922143483,32.38551350029553,41.01091136086518,Prioridade moderada
354220,SP,Rancharia,29387.0,13.0,4.423724776261612,81.0,27.563208221322352,62.44501251179475,55.569152750532716,37.55498748820525,44.430847249467284,40.99291736883627,Prioridade moderada
150034,PA,Água Azul do Norte,17596.0,9.0,5.114798817913162,40.0,22.732439190725163,72.20016893768255,45.83002006291848,27.799831062317452,54.16997993708152,40.98490549969949,Prioridade moderada
220670,PI,Nazaré do Piauí,6697.0,8.0,11.945647304763327,6.0,8.959235478572495,100.0,18.06237941676378,0.0,81.93762058323622,40.96881029161811,Prioridade moderada
420390,SC,Capinzal,24414.0,12.0,4.915212582944212,59.0,24.166461866142377,69.38282256778692,48.721099521380864,30.617177432213083,51.278900478619136,40.94803895541611,Prioridade moderada
520055,GO,Alto Horizonte,6487.0,2.0,3.083089255433945,24.0,36.99707106520734,43.52068830404269,74.58841063916573,56.47931169595731,25.41158936083427,40.94545052839579,Prioridade moderada
315290,MG,Pratápolis,8534.0,5.0,5.858917272088118,15.0,17.576751816264355,82.70409685620018,35.435831659850905,17.29590314379982,64.5641683401491,40.93003574197446,Prioridade moderada
410820,PR,Formosa do Oeste,7763.0,1.0,1.288161793121216,44.0,56.67911889733351,18.183608465047335,100.0,81.81639153495266,0.0,40.90819576747633,Prioridade moderada
230080,CE,Antonina do Norte,7507.0,4.0,5.328360197149328,16.0,21.313440788597312,75.21478753918342,42.969230479665036,24.78521246081658,57.030769520334964,40.90799099057577,Prioridade moderada
140060,RR,São Luiz,7848.0,5.0,6.371049949031601,11.0,14.016309887869522,89.93332856406887,28.257757910608593,10.066671435931127,71.74224208939141,40.90445676266127,Prioridade moderada
160070,AP,Tartarugalzinho,13816.0,9.0,6.514186450492184,18.0,13.028372900984367,91.9538341508007,26.26601511741467,8.046165849199298,73.73398488258533,40.890075365892315,Prioridade moderada
350930,SP,Cajobi,9210.0,4.0,4.3431053203040175,26.0,28.230184581976115,61.30699349149293,56.913818834704,38.69300650850707,43.086181165296,40.88959383690153,Prioridade moderada
230140,CE,Aratuba,11427.0,8.0,7.00096263236195,11.0,9.626323619497681,98.82513521600593,19.40727085695775,1.1748647839940674,80.59272914304225,40.88379696351816,Prioridade moderada
210890,MA,Poção de Pedras,17394.0,9.0,5.174197999310107,39.0,22.42152466367713,73.03864393626897,45.203196918560174,26.96135606373103,54.796803081439826,40.879079572585425,Prioridade moderada
412150,PR,Rebouças,14825.0,5.0,3.372681281618887,52.0,35.07588532883643,47.608550594995776,70.7151799619054,52.391449405004224,29.284820038094594,40.83813472154941,Prioridade moderada
220420,PI,Francisco Santos,8349.0,5.0,5.98874116660678,14.0,16.76847526649898,84.53668254531232,33.80629555150194,15.463317454687683,66.19370444849807,40.828510951592875,Prioridade moderada
220750,PI,Palmeirais,13458.0,9.0,6.687472135532769,16.0,11.888839352058255,94.39992366083091,23.968644167844065,5.600076339169092,76.03135583215594,40.815716085662515,Prioridade moderada
291150,BA,Gongogi,5479.0,6.0,10.950903449534588,5.0,9.125752874612155,100.0,18.398088908265958,0.0,81.60191109173404,40.80095554586702,Prioridade moderada
290050,BA,Érico Cardoso,10947.0,8.0,7.307938247921805,10.0,9.134922809902257,100.0,18.4165760716889,0.0,81.5834239283111,40.79171196415555,Prioridade moderada
521640,GO,Paraúna,10727.0,6.0,5.593362543115504,21.0,19.57676890090426,78.95554349631537,39.467991268689715,21.04445650368463,60.532008731310285,40.78823261749746,Prioridade moderada
421450,SC,Rio do Campo,6638.0,2.0,3.0129557095510697,25.0,37.66194636938837,42.5306877114078,75.92884086199848,57.4693122885922,24.07115913800152,40.770235713296856,Prioridade moderada
110100,RO,Governador Jorge Teixeira,8340.0,4.0,4.796163069544365,21.0,25.17985611510791,67.70232734492205,50.764165748109654,32.297672655077946,49.235834251890346,40.76675345348414,Prioridade moderada
410590,PR,Colorado,23313.0,6.0,2.573671342169605,95.0,40.74979625101874,36.3297780244917,82.15413946893985,63.6702219755083,17.845860531060154,40.758041253284226,Prioridade moderada
230760,CE,Limoeiro do Norte,62623.0,21.0,3.3534005078006484,221.0,35.290548201140155,47.33638444018032,71.14795374662347,52.66361555981968,28.85204625337653,40.7578309065981,Prioridade moderada
330415,RJ,Quissamã,23142.0,9.0,3.88903292714545,73.0,31.544378186846426,54.897336990210974,63.595440552868475,45.102663009789026,36.404559447131525,40.75361122846027,Prioridade moderada
290910,BA,Coribe,14463.0,6.0,4.148516905206389,43.0,29.731037820645785,58.560196023299106,59.93963289111159,41.439803976700894,40.06036710888841,40.75008554279465,Prioridade moderada
420350,SC,Campo Erê,9864.0,4.0,4.0551500405515,30.0,30.413625304136254,57.24223540720295,61.31577197590583,42.75776459279705,38.68422802409417,40.720996308445606,Prioridade moderada
432080,RS,Soledade,30939.0,16.0,5.171466433950677,70.0,22.625165648534214,73.00008533652024,45.613749888407796,26.999914663479757,54.386250111592204,40.69308238753598,Prioridade moderada
241460,RN,Upanema,14048.0,11.0,7.830296127562642,13.0,9.253986332574032,100.0,18.656615584696176,0.0,81.34338441530383,40.671692207651915,Prioridade moderada
110092,RO,Chupinguaia,10191.0,7.0,6.868805809047199,11.0,10.793837699931313,96.95961805506205,21.76105230914103,3.0403819449379483,78.23894769085896,40.639664817898456,Prioridade moderada
520085,GO,Americano do Brasil,5260.0,2.0,3.8022813688212924,17.0,32.31939163498099,53.67275760994771,65.1579161666394,46.32724239005229,34.842083833360604,40.58466311170645,Prioridade moderada
290327,BA,Barrocas,15780.0,9.0,5.7034220532319395,30.0,19.011406844106464,80.50913641492157,38.32818598037612,19.49086358507843,61.67181401962388,40.581338802351155,Prioridade moderada
290160,BA,Antas,14984.0,2.0,1.3347570742124932,134.0,89.42872397223705,18.841344435953346,100.0,81.15865556404665,0.0,40.57932778202333,Prioridade moderada
312760,MG,Gouveia,11536.0,6.0,5.201109570041608,26.0,22.538141470180303,73.41852592622874,45.43830369864977,26.58147407377126,54.56169630135023,40.57158518756074,Prioridade moderada
241140,RN,Santana do Matos,12722.0,7.0,5.502279515799403,26.0,20.43703820154064,77.66982138021832,41.20234801663448,22.330178619781677,58.79765198336552,40.5639153015736,Prioridade moderada
150220,PA,Capanema,75309.0,24.0,3.1868700952077442,276.0,36.64900609488905,44.98565191862725,73.88668987620447,55.01434808137275,26.11331012379553,40.56382910258414,Prioridade moderada
314630,MG,Padre Paraíso,17463.0,9.0,5.153753650575503,40.0,22.905571780335567,72.75005283327391,46.17906619865507,27.249947166726088,53.82093380134493,40.535440484035504,Prioridade moderada
210125,MA,Bacabeira,17459.0,11.0,6.300475399507418,26.0,14.892032762472077,88.93710279258762,30.023270030793505,11.062897207412377,69.9767299692065,40.51981358830944,Prioridade moderada
150543,PA,Ourilândia do Norte,35252.0,11.0,3.1203903324634066,131.0,37.16101214115511,44.04722789219866,74.91892610812995,55.95277210780134,25.081073891870048,40.51692299983569,Prioridade moderada
315260,MG,Pouso Alto,6779.0,2.0,2.950287653046172,26.0,38.35373948960024,41.64606948345257,77.32353908653545,58.35393051654743,22.676460913464553,40.51519571500599,Prioridade moderada
314390,MG,Muriaé,108447.0,38.0,3.5040157865132278,374.0,34.48689221463019,49.4624599623611,69.52773298296412,50.5375400376389,30.472267017035875,40.50490352733739,Prioridade moderada
220940,PI,Santo Antônio de Lisboa,5930.0,4.0,6.745362563237774,7.0,11.804384485666105,95.21710118999155,23.798377871795086,4.782898810008447,76.20162212820492,40.49226046910668,Prioridade moderada
211195,MA,Sucupira do Riachão,5081.0,2.0,3.93623302499508,16.0,31.48986419996064,55.56361051531687,63.48553694368144,44.43638948468313,36.51446305631856,40.47542627050085,Prioridade moderada
421150,SC,Nova Trento,14395.0,5.0,3.4734282737061477,50.0,34.73428273706148,49.03068861207449,70.02648775851975,50.96931138792551,29.97351224148025,40.471411814702876,Prioridade moderada
421550,SC,Santa Cecília,15749.0,5.0,3.1748047495079055,58.0,36.827735094291704,44.815338279942374,74.24701872431993,55.184661720057626,25.75298127568007,40.468821497868845,Prioridade moderada
240160,RN,Bento Fernandes,4911.0,2.0,4.072490327835471,15.0,30.543677458766037,57.48700977974443,61.577965258637256,42.51299022025557,38.422034741362744,40.467512480809155,Prioridade moderada
110148,RO,São Felipe D'Oeste,5588.0,3.0,5.368647100930565,12.0,21.47458840372226,75.78347486443941,43.29411415678848,24.216525135560588,56.70588584321152,40.46120548938605,Prioridade moderada
250820,PB,Lagoa de Dentro,8123.0,5.0,6.155361319709467,13.0,16.003939431244614,86.8886818380909,32.26494346101341,13.111318161909097,67.73505653898658,40.42318735044784,Prioridade moderada
220200,PI,Buriti dos Lopes,20130.0,11.0,5.46448087431694,42.0,20.864381520119224,77.13625820446038,42.06389889113111,22.863741795539624,57.93610110886889,40.399921452204254,Prioridade moderada
241170,RN,São Bento do Trairí,3890.0,2.0,5.141388174807197,9.0,23.13624678663239,72.57550257797556,46.644121447583686,27.424497422024444,53.355878552416314,40.39018798722038,Prioridade moderada
230340,CE,Carnaubal,17815.0,13.0,7.297221442604546,17.0,9.54252034802133,100.0,19.238318217037513,0.0,80.76168178296248,40.38084089148124,Prioridade moderada
261020,PE,Panelas,23337.0,16.0,6.85606547542529,26.0,11.141106397566096,96.77977633057375,22.46116773653956,3.2202236694262467,77.53883226346044,40.37952796644334,Prioridade moderada
292540,BA,Potiraguá,10651.0,6.0,5.633273870998028,21.0,19.7164585484931,79.51892921650312,39.74961434036566,20.481070783496875,60.25038565963434,40.365728221565604,Prioridade moderada
351910,SP,Iacanga,10648.0,5.0,4.695717505634861,28.0,26.29601803155522,66.28444426848351,53.01441802394623,33.71555573151649,46.98558197605377,40.350568853785134,Prioridade moderada
430150,RS,Augusto Pestana,7303.0,1.0,1.3693002875530602,44.0,60.249212652334656,19.32895419884465,100.0,80.67104580115534,0.0,40.33552290057767,Prioridade moderada
221040,PI,São Miguel do Tapuio,17911.0,11.0,6.141477304449779,29.0,16.191167439003966,86.69269597765548,32.64240684186574,13.307304022344525,67.35759315813425,40.33244859023939,Prioridade moderada
290620,BA,Canarana,25007.0,16.0,6.398208501619546,36.0,14.39596912864398,90.31669693392249,29.02317470006007,9.683303066077514,70.97682529993993,40.33006418300872,Prioridade moderada
230310,CE,Cariré,18074.0,11.0,6.086090516764413,30.0,16.598428682084762,85.9108596689049,33.46347099537098,14.089140331095095,66.53652900462902,40.312834667862056,Prioridade moderada
320380,ES,Muqui,14185.0,9.0,6.344730348960169,21.0,14.804370814240395,89.56180279361736,29.846538057048615,10.43819720638264,70.15346194295138,40.29582957466701,Prioridade moderada
240080,RN,Angicos,11985.0,6.0,5.006257822277847,29.0,24.19691280767626,70.6680112711702,48.78249052521129,29.3319887288298,51.21750947478871,40.274749101809256,Prioridade moderada
520425,GO,Cachoeira Dourada,7762.0,4.0,5.15331100231899,18.0,23.189899510435456,72.74380443914582,46.75228869649589,27.25619556085418,53.24771130350411,40.25195343217915,Prioridade moderada
260840,PE,Jurema,14002.0,8.0,5.713469504356521,27.0,19.282959577203254,80.65096558443793,38.87565328476657,19.349034415562073,61.12434671523343,40.23669056539775,Prioridade moderada
293120,BA,Taperoá,18556.0,12.0,6.466910972192283,26.0,14.011640439749945,91.28649656013957,28.24834401097347,8.713503439860432,71.75165598902653,40.23257971444348,Prioridade moderada
410420,PR,Campo Largo,144504.0,20.0,1.3840447323257488,1243.0,86.01838011404529,19.537085826574003,100.0,80.462914173426,0.0,40.231457086713,Prioridade moderada
220580,PI,Luzilândia,26143.0,15.0,5.73767356462533,50.0,19.1255785487511,80.99262853201381,38.55836328209815,19.00737146798619,61.44163671790185,40.22450409294402,Prioridade moderada
315240,MG,Poté,13649.0,7.0,5.128580848413803,32.0,23.44494102132024,72.39471518786264,47.26646834359226,27.605284812137356,52.73353165640774,40.16940823427255,Prioridade moderada
210310,MA,Cedral,10446.0,7.0,6.701129618992916,13.0,12.44495500670113,94.59271181305164,25.089808130749752,5.407288186948364,74.91019186925024,40.1587400280993,Prioridade moderada
291250,BA,Ibipitanga,14317.0,15.0,10.47705524900468,14.0,9.778584899071035,100.0,19.714239125479484,0.0,80.28576087452052,40.14288043726026,Prioridade moderada
130195,AM,Itamarati,11956.0,6.0,5.018400802944129,29.0,24.255603880896622,70.83942080001464,48.9008154018616,29.160579199985364,51.0991845981384,40.129881899061886,Prioridade moderada
421080,SC,Meleiro,7128.0,1.0,1.4029180695847363,50.0,70.14590347923681,19.80350063330001,100.0,80.19649936669998,0.0,40.09824968334999,Prioridade moderada
250240,PB,Bonito de Santa Fé,10433.0,6.0,5.750982459503498,20.0,19.16994153167833,81.18049603038195,38.647801832028826,18.819503969618054,61.352198167971174,40.08585106879461,Prioridade moderada
330560,RJ,Silva Jardim,22028.0,13.0,5.901579807517705,40.0,18.158707100054478,83.30631844398549,36.60908993222778,16.69368155601451,63.39091006777222,40.04229581189337,Prioridade moderada
261030,PE,Paranatama,12778.0,7.0,5.478165597120051,27.0,21.130067303177334,77.32943086548266,42.59953805707478,22.670569134517336,57.40046194292522,40.03551553872128,Prioridade moderada
250010,PB,Água Branca,9580.0,5.0,5.21920668058455,22.0,22.964509394572023,73.67398356689063,46.297888117423,26.326016433109373,53.702111882577,40.01406415784319,Prioridade moderada
210370,MA,Cururupu,32602.0,13.0,3.987485430341697,103.0,31.593153794245755,56.28708615066904,63.693775229888274,43.71291384933096,36.306224770111726,40.00956930972134,Prioridade moderada
210312,MA,Central do Maranhão,7220.0,4.0,5.54016620498615,15.0,20.775623268698062,78.20462743166897,41.884956701546756,21.795372568331032,58.115043298453244,39.95520793339214,Prioridade moderada
220320,PI,Curimatá,11581.0,5.0,4.317416457991538,34.0,29.358431914342457,60.94437117440742,59.1884360653697,39.05562882559258,40.8115639346303,39.93359638011144,Prioridade moderada
311150,MG,Campos Altos,13076.0,6.0,4.588559192413582,36.0,27.531355154481492,64.77180445740095,55.504934974334816,35.22819554259905,44.495065025665184,39.86163028413212,Prioridade moderada
315030,MG,Piedade do Rio Grande,4694.0,3.0,6.391137622496805,7.0,14.912654452492545,90.21688486205528,30.06484464843308,9.78311513794472,69.93515535156692,39.85913524475582,Prioridade moderada
313310,MG,Itanhandu,15751.0,6.0,3.8092819503523585,52.0,33.013776903053774,53.77157736556249,66.55784032348724,46.22842263443751,33.44215967651276,39.83529115547513,Prioridade moderada
314200,MG,Mirabela,14071.0,8.0,5.685452348802502,28.0,19.89908322080876,80.25547723070855,40.11779710887496,19.74452276929145,59.88220289112504,39.81336283020825,Prioridade moderada
315410,MG,Recreio,11383.0,4.0,3.5140121233418258,40.0,35.140121233418256,49.60356760578494,70.84468356559023,50.39643239421506,29.15531643440977,39.77587441431241,Prioridade moderada
210610,MA,Loreto,11884.0,7.0,5.890272635476271,22.0,18.512285425782565,83.14670713557199,37.321925964735144,16.853292864428013,62.678074035264856,39.765683449846435,Prioridade moderada
411440,PR,Mangueirinha,16737.0,7.0,4.182350480970305,51.0,30.471410647069366,59.03778858810642,61.432270843614134,40.96221141189358,38.567729156385866,39.76497028413972,Prioridade moderada
110034,RO,Alvorada D'Oeste,13720.0,6.0,4.373177842565598,40.0,29.154518950437318,61.73149526858418,58.777334768740054,38.26850473141582,41.222665231259946,39.745584981337885,Prioridade moderada
312860,MG,Guarda-Mor,6687.0,3.0,4.486316733961417,19.0,28.41333931508898,63.32855653394458,57.28307023895304,36.67144346605542,42.71692976104696,39.694186613551196,Prioridade moderada
261650,PE,Xexéu,11699.0,8.0,6.838191298401573,14.0,11.966834772202752,96.5274656050346,24.125887816009037,3.4725343949653933,75.87411218399096,39.673323289478176,Prioridade moderada
510624,MT,Nova Ubiratã,9760.0,9.0,9.221311475409836,10.0,10.245901639344263,100.0,20.656378919751884,0.0,79.34362108024811,39.671810540124056,Prioridade moderada
431590,RS,Rodeio Bonito,6831.0,1.0,1.4639145073927682,53.0,77.58746889181671,20.664522399965225,100.0,79.33547760003478,0.0,39.66773880001739,Prioridade moderada
431960,RS,São Sepé,21551.0,11.0,5.104171500162405,52.0,24.128810728040463,72.05015440841665,48.6451924706625,27.949845591583355,51.3548075293375,39.65232656046042,Prioridade moderada
211003,MA,Santa Luzia do Paruá,24890.0,9.0,3.6159100040176777,86.0,34.552028927280034,51.041951491661806,69.65905267208896,48.958048508338194,30.34094732791104,39.64949791812462,Prioridade moderada
291290,BA,Ibirataia,19377.0,8.0,4.128606079372451,60.0,30.964545595293387,58.27913609502501,62.426461760885076,41.72086390497499,37.573538239114924,39.64720107204496,Prioridade moderada
261255,PE,Santa Filomena,12360.0,8.0,6.472491909385114,18.0,14.563106796116505,91.36527670819578,29.360134697589086,8.634723291804221,70.63986530241091,39.637294297107566,Prioridade moderada
313920,MG,Malacacheta,17691.0,9.0,5.087332541970493,43.0,24.306144367192356,71.81245676487832,49.00270818518721,28.18754323512168,50.99729181481279,39.59241752496723,Prioridade moderada
314760,MG,Passa Quatro,15847.0,9.0,5.679308386445384,32.0,20.193096485139144,80.16874945588832,40.71054624987006,19.831250544111683,59.28945375012994,39.56035214712081,Prioridade moderada
270830,AL,São José da Laje,21180.0,11.0,5.193578847969783,50.0,23.60717658168083,73.31222274106645,47.59354538639716,26.68777725893355,52.40645461360284,39.5471159362682,Prioridade moderada
410520,PR,Cerro Azul,16287.0,16.0,9.823785841468656,17.0,10.437772456560447,100.0,21.043202495028133,0.0,78.95679750497186,39.47839875248593,Prioridade moderada
421270,SC,Petrolândia,6996.0,3.0,4.288164665523156,21.0,30.01715265866209,60.53145476593588,60.51645831035371,39.46854523406412,39.48354168964629,39.476043461855205,Prioridade moderada
430165,RS,Barão,6496.0,4.0,6.157635467980295,11.0,16.933497536945815,86.92078356783404,34.138990776240185,13.079216432165964,65.86100922375982,39.47011282796289,Prioridade moderada
220595,PI,Marcolândia,8822.0,3.0,3.4005894355021535,32.0,36.27295397868964,48.00250028819853,73.12854527563941,51.99749971180147,26.87145472436059,39.43447721808103,Prioridade moderada
293325,BA,Vereda,6157.0,3.0,4.872502842293325,16.0,25.986681825564396,68.7799346341542,52.39077687361464,31.220065365845798,47.60922312638536,39.41464424611558,Prioridade moderada
220330,PI,Demerval Lobão,17139.0,9.0,5.251181515841065,40.0,23.338584514849174,74.12533827104629,47.05204697048331,25.87466172895371,52.94795302951669,39.4113073792352,Prioridade moderada
313230,MG,Itaipé,10482.0,5.0,4.770082045411181,28.0,26.712459454302614,67.3341692969674,53.85398999417854,32.6658307030326,46.14601000582146,39.405920354427025,Prioridade moderada
312910,MG,Gurinhatã,5154.0,3.0,5.820721769499418,10.0,19.402405898331395,82.16493161476279,39.116464543418395,17.835068385237207,60.883535456581605,39.3593019209094,Prioridade moderada
430580,RS,Constantina,10631.0,3.0,2.821935847991722,43.0,40.447747154548026,39.83426371390155,81.54518958744681,60.16573628609845,18.454810412553186,39.31027334932582,Prioridade moderada
261120,PE,Poção,10792.0,6.0,5.559673832468495,23.0,21.312083024462563,78.4799958381185,42.966493142197024,21.520004161881502,57.033506857802976,39.27675550984224,Prioridade moderada
230790,CE,Martinópole,11280.0,12.0,10.638297872340425,12.0,10.638297872340425,100.0,21.447474282635998,0.0,78.552525717364,39.276262858682,Prioridade moderada
130200,AM,Itapiranga,10955.0,5.0,4.564125969876769,31.0,28.297581013235966,64.42690667008786,57.04969425796559,35.57309332991214,42.95030574203441,39.26169953597328,Prioridade moderada
431430,RS,Pejuçara,3817.0,1.0,2.619858527639508,16.0,41.917736442232126,36.98175334403,84.50877998712221,63.01824665597,15.49122001287779,39.2547333344239,Prioridade moderada
420880,SC,Jaguaruna,21570.0,12.0,5.563282336578582,46.0,21.325915623551232,78.53093324849095,42.99438052763935,21.469066751509047,57.00561947236065,39.23734311193485,Prioridade moderada
521980,GO,São Domingos,9457.0,5.0,5.287088928835783,22.0,23.263191286877444,74.6322049879256,46.9000495045905,25.367795012074396,53.0999504954095,39.23387275374195,Prioridade moderada
320270,ES,Itaguaçu,14042.0,10.0,7.121492664862555,15.0,10.682238997293833,100.0,21.536062340490496,0.0,78.4639376595095,39.23196882975475,Prioridade moderada
351210,SP,Colômbia,6802.0,3.0,4.410467509556013,20.0,29.403116730373423,62.25787379336774,59.278523450978646,37.74212620663226,40.721476549021354,39.231801377826805,Prioridade moderada
110004,RO,Cacoal,98280.0,15.0,1.5262515262515262,518.0,52.706552706552706,21.544467721941768,100.0,78.45553227805823,0.0,39.227766139029114,Prioridade moderada
210460,MA,Governador Eugênio Barros,14264.0,8.0,5.608524957936063,30.0,21.031968592260235,79.1695751621775,42.40176491659668,20.830424837822505,57.59823508340332,39.214329960612915,Prioridade moderada
261150,PE,Quipapá,17731.0,15.0,8.459759742823303,19.0,10.715695674242852,100.0,21.603513095024475,0.0,78.39648690497552,39.19824345248776,Prioridade moderada
316240,MG,São João da Ponte,24197.0,16.0,6.6123899656982275,34.0,14.051328677108733,93.34006861291068,28.328357981280593,6.6599313870893155,71.67164201871941,39.16578670290436,Prioridade moderada
522068,GO,Simolândia,5634.0,2.0,3.549875754348598,20.0,35.49875754348598,50.10981629895722,71.56771681106794,49.89018370104278,28.43228318893206,39.16123344498742,Prioridade moderada
171050,TO,Itacajá,6959.0,2.0,2.8739761459979882,28.0,40.23566604397183,40.56886119102241,81.11762079594473,59.43113880897759,18.88237920405527,39.15675900651643,Prioridade moderada
230423,CE,Croatá,18050.0,9.0,4.986149584487535,46.0,25.484764542936286,70.38416468850207,51.378880220564014,29.615835311497932,48.621119779435986,39.11847754546696,Prioridade moderada
230980,CE,Pacoti,11421.0,7.0,6.129060502582961,20.0,17.511601435951317,86.5174212064738,35.30448441586172,13.482578793526201,64.69551558413828,39.08904718883224,Prioridade moderada
291845,BA,Jucuruçu,9930.0,5.0,5.0352467270896275,25.0,25.17623363544814,71.07721677450276,50.75686260241148,28.92278322549724,49.24313739758852,39.08296031154288,Prioridade moderada
510805,MT,Terra Nova do Norte,10591.0,5.0,4.720989519403267,29.0,27.381739212538946,66.64118237851123,55.20329987202882,33.35881762148877,44.79670012797118,39.07775887472997,Prioridade moderada
421770,SC,Sombrio,31722.0,8.0,2.5219090851774792,136.0,42.87245444801715,35.599105356323676,86.43355123548912,64.40089464367632,13.56644876451088,38.9836717040936,Prioridade moderada
316420,MG,São Romão,10562.0,7.0,6.627532664268131,15.0,14.201855709145995,93.55382196545516,28.6318298982359,6.446178034544843,71.3681701017641,38.90717406815447,Prioridade moderada
311510,MG,Cássia,17491.0,8.0,4.573780801555086,50.0,28.586130009719287,64.5631936489223,57.63142709301309,35.436806351077706,42.36857290698691,38.90268962903231,Prioridade moderada
221010,PI,São José do Peixe,3300.0,2.0,6.0606060606060606,6.0,18.181818181818183,85.55112273585604,36.65568331941426,14.44887726414396,63.34431668058574,38.89659697236485,Prioridade moderada
290490,BA,Cachoeira,30498.0,13.0,4.262574595055414,94.0,30.8216932257853,60.170226988134054,62.13846244388868,39.829773011865946,37.86153755611132,38.845655283988634,Prioridade moderada
170200,TO,Araguaçu,8242.0,3.0,3.639893229798593,29.0,35.18563455471973,51.3804971539053,70.9364412696745,48.6195028460947,29.063558730325497,38.84153078821009,Prioridade moderada
410400,PR,Campina Grande do Sul,50600.0,8.0,1.5810276679841897,466.0,92.09486166007905,22.317684191962446,100.0,77.68231580803756,0.0,38.84115790401878,Prioridade moderada
220090,PI,Aroazes,5413.0,5.0,9.237021984112323,6.0,11.084426380934786,100.0,22.346897275829857,0.0,77.65310272417014,38.82655136208507,Prioridade moderada
211180,MA,Sítio Novo,17464.0,10.0,5.726065048098946,36.0,20.61383417315621,80.82876346436238,41.55877975975735,19.171236535637618,58.44122024024265,38.80622838794014,Prioridade moderada
230400,CE,Coreaú,21417.0,11.0,5.136106831022086,53.0,24.746696549470048,72.50095147106445,49.89088895554585,27.499048528935546,50.10911104445415,38.80407978669485,Prioridade moderada
261153,PE,Quixaba,6753.0,4.0,5.923293351103214,13.0,19.25070339108544,83.61282541931733,38.81062279487811,16.387174580682668,61.18937720512189,38.78827589290228,Prioridade moderada
210927,MA,Presidente Sarney,17925.0,19.0,10.599721059972106,20.0,11.157601115760112,100.0,22.49442212070052,0.0,77.50557787929948,38.75278893964974,Prioridade moderada
290010,BA,Abaíra,7407.0,5.0,6.7503712704198735,10.0,13.500742540839747,95.28780377626738,27.21834187346812,4.712196223732619,72.78165812653188,38.74692717513225,Prioridade moderada
291860,BA,Jussiape,7567.0,4.0,5.286110744020087,18.0,23.78749834809039,74.61839699440331,47.95708535247801,25.381603005596688,52.04291464752199,38.712258826559335,Prioridade moderada
250740,PB,Jericó,7728.0,5.0,6.469979296066253,12.0,15.527950310559005,91.3298088212749,31.30531960508981,8.670191178725105,68.6946803949102,38.68243578681765,Prioridade moderada
411380,PR,Lupionópolis,4929.0,2.0,4.057618178129438,16.0,32.460945425035504,57.277075477444704,65.44329746618897,42.722924522555296,34.556702533811034,38.63981352818317,Prioridade moderada
430245,RS,Boqueirão do Leão,6202.0,1.0,1.6123831022250885,34.0,54.82102547565301,22.760295471487012,100.0,77.23970452851299,0.0,38.619852264256494,Prioridade moderada
210090,MA,Araioses,40231.0,18.0,4.474161716089583,119.0,29.579180234147795,63.15697708868595,59.633478493093946,36.84302291131405,40.366521506906054,38.60477220911005,Prioridade moderada
521970,GO,Santa Terezinha de Goiás,10837.0,4.0,3.691058410999354,38.0,35.06505490449386,52.10274153886222,70.69334514863503,47.89725846113778,29.306654851364968,38.601956656251375,Prioridade moderada
231320,CE,Tamboril,25287.0,15.0,5.931901767706727,49.0,19.37754577450864,83.73434127070975,39.06634497798133,16.26565872929025,60.93365502201867,38.59965687565446,Prioridade moderada
230880,CE,Moraújo,8537.0,5.0,5.8568583811643435,17.0,19.91331849595877,82.67503368523046,40.14649631445745,17.32496631476954,59.85350368554255,38.589235000156044,Prioridade moderada
260100,PE,Angelim,10591.0,9.0,8.49778113492588,12.0,11.33037484656784,100.0,22.842744774632617,0.0,77.15725522536738,38.57862761268369,Prioridade moderada
210465,MA,Governador Newton Bello,10993.0,6.0,5.458018739197671,25.0,22.741744746656963,77.04503912353087,45.84878064604256,22.95496087646913,54.15121935395744,38.55309011521328,Prioridade moderada
210547,MA,Jenipapo dos Vieiras,17529.0,14.0,7.986764789776941,20.0,11.409663985395632,100.0,23.002596640627353,0.0,76.99740335937264,38.49870167968632,Prioridade moderada
315210,MG,Ponte Nova,59638.0,15.0,2.5151748884939136,259.0,43.4286864079949,35.50404587196817,87.5549496772286,64.49595412803183,12.445050322771394,38.47050222540161,Prioridade moderada
354260,SP,Registro,61927.0,22.0,3.5525699614061717,224.0,36.171621425226476,50.147847551335836,72.92425250620627,49.852152448664164,27.075747493793727,38.46394997122894,Prioridade moderada
521440,GO,Nazário,8349.0,5.0,5.98874116660678,16.0,19.163971733141693,84.53668254531232,38.63576634457365,15.463317454687683,61.36423365542635,38.413775555057015,Prioridade moderada
160015,AP,Pedra Branca do Amapari,13888.0,12.0,8.640552995391706,16.0,11.52073732718894,100.0,23.2265274489376,0.0,76.7734725510624,38.3867362755312,Prioridade moderada
110025,RO,Presidente Médici,20443.0,11.0,5.380814948882258,48.0,23.47991977694076,75.95523541827458,47.336987703983574,24.044764581725417,52.663012296016426,38.353888438870925,Prioridade moderada
291820,BA,Jiquiriçá,14063.0,8.0,5.688686624475575,30.0,21.3325748417834,80.30113205669487,43.00780592834638,19.69886794330513,56.99219407165362,38.34553100747938,Prioridade moderada
230950,CE,Orós,19943.0,11.0,5.515719801434088,45.0,22.564308278593995,77.85954358199807,45.49105762199783,22.140456418001932,54.50894237800217,38.32469939800205,Prioridade moderada
320316,ES,Laranja da Terra,11597.0,6.0,5.17375183237044,29.0,25.006467189790463,73.03234587263731,50.41460282354551,26.967654127362692,49.58539717645449,38.27652565190859,Prioridade moderada
421000,SC,Luiz Alves,12246.0,7.0,5.7161522129675,26.0,21.231422505307854,80.68883452548893,42.80387648763872,19.31116547451107,57.19612351236128,38.25364449343618,Prioridade moderada
130353,AM,Presidente Figueiredo,33291.0,23.0,6.908774143161815,43.0,12.916403832867742,97.52380847153094,26.04027846877976,2.4761915284690588,73.95972153122024,38.21795652984465,Prioridade moderada
500390,MS,Figueirão,3751.0,2.0,5.3319114902692615,9.0,23.993601706211674,75.26491736292321,48.37260262092789,24.735082637076786,51.62739737907211,38.18124000807445,Prioridade moderada
431112,RS,Jaquirana,3751.0,2.0,5.3319114902692615,9.0,23.993601706211674,75.26491736292321,48.37260262092789,24.735082637076786,51.62739737907211,38.18124000807445,Prioridade moderada
330470,RJ,Santo Antônio de Pádua,43697.0,24.0,5.492367897109641,100.0,22.884866237956842,77.5299096125569,46.13732252941355,22.470090387443094,53.86267747058645,38.16638392901477,Prioridade moderada
314120,MG,Matutina,3912.0,2.0,5.112474437627812,10.0,25.56237218813906,72.16735813607488,51.535342090178524,27.83264186392512,48.464657909821476,38.1486498868733,Prioridade moderada
320070,ES,Atílio Vivácqua,11046.0,8.0,7.242440702516748,13.0,11.768966141589715,100.0,23.726972273566165,0.0,76.27302772643384,38.13651386321692,Prioridade moderada
292610,BA,Retirolândia,14174.0,9.0,6.3496542965994065,24.0,16.93241145759842,89.6313089196742,34.1368011723062,10.368691080325803,65.8631988276938,38.1159449540098,Prioridade moderada
411920,PR,Pinhalão,6676.0,2.0,2.995805871779509,27.0,40.44337926902337,42.28860171185215,81.53638365687563,57.71139828814785,18.46361634312437,38.08750731563611,Prioridade moderada
351450,SP,Duartina,12532.0,6.0,4.787743376954995,35.0,27.928503032237472,67.58347550949368,56.30560995042486,32.41652449050632,43.69439004957514,38.05545727004073,Prioridade moderada
221020,PI,São José do Piauí,6733.0,7.0,10.396554284865587,8.0,11.88177632556067,100.0,23.9544046644026,0.0,76.0455953355974,38.0227976677987,Prioridade moderada
240190,RN,Caiçara do Rio do Vento,3360.0,5.0,14.88095238095238,4.0,11.904761904761905,100.0,24.000745030568854,0.0,75.99925496943115,37.999627484715575,Prioridade moderada
315420,MG,Resende Costa,11544.0,5.0,4.331254331254331,36.0,31.185031185031185,61.13970569740231,62.870974508350855,38.86029430259769,37.129025491649145,37.99465989712341,Prioridade moderada
250650,PB,Gurjão,3352.0,3.0,8.949880668257757,4.0,11.933174224343675,100.0,24.05802604496162,0.0,75.94197395503838,37.97098697751919,Prioridade moderada
291600,BA,Itanhém,18203.0,8.0,4.39487996484096,56.0,30.76415975388672,62.03784102144151,62.02247136394874,37.96215897855849,37.97752863605126,37.969843807304876,Prioridade moderada
410750,PR,Engenheiro Beltrão,12347.0,6.0,4.859480035636187,34.0,27.537053535271728,68.59610553859034,55.516423266627235,31.403894461409664,44.483576733372765,37.94373559739121,Prioridade moderada
260980,PE,Orocó,14129.0,10.0,7.077641729775639,17.0,12.031990940618586,99.9075323902346,24.257246729175684,0.09246760976539292,75.74275327082432,37.91761044029486,Prioridade moderada
412035,PR,Pranchita,5831.0,1.0,1.7149717029669012,40.0,68.59886811867604,24.208429517091833,100.0,75.79157048290817,0.0,37.895785241454085,Prioridade moderada
351518,SP,Espírito Santo do Pinhal,40610.0,7.0,1.7237133710908643,308.0,75.84338832799803,24.33182633831907,100.0,75.66817366168092,0.0,37.83408683084046,Prioridade moderada
352970,SP,Miguelópolis,19621.0,10.0,5.096580194689363,51.0,25.99255899291575,71.94299603188546,52.4026256108032,28.057003968114543,47.5973743891968,37.82718917865567,Prioridade moderada
291040,BA,Encruzilhada,19450.0,10.0,5.141388174807197,50.0,25.706940874035986,72.57550257797556,51.82680160842631,27.424497422024444,48.17319839157369,37.79884790679907,Prioridade moderada
210235,MA,Buritirana,13125.0,7.0,5.333333333333334,32.0,24.38095238095238,75.28498800755334,49.15352582260501,24.715011992446662,50.84647417739499,37.78074308492083,Prioridade moderada
431700,RS,Santana da Boa Vista,7128.0,2.0,2.8058361391694726,30.0,42.08754208754209,39.60700126660002,84.8511187949404,60.39299873339998,15.148881205059595,37.77093996922979,Prioridade moderada
240610,RN,Jucurutu,18304.0,9.0,4.9169580419580425,50.0,27.316433566433567,69.40746135421014,55.071639602485355,30.59253864578986,44.928360397514645,37.76044952165225,Prioridade moderada
421935,SC,Vitor Meireles,5507.0,2.0,3.631741420010895,20.0,36.317414200108956,51.26542673476029,73.21817986445556,48.73457326523971,26.781820135544436,37.75819670039208,Prioridade moderada
313220,MG,Itaguara,14415.0,7.0,4.856052722858133,40.0,27.74887270204648,68.54772581332898,55.9434639630325,31.45227418667102,44.0565360369675,37.75440511181926,Prioridade moderada
500260,MS,Camapuã,13928.0,10.0,7.1797817346352675,17.0,12.205628948879955,100.0,24.607311820543025,0.0,75.39268817945697,37.696344089728484,Prioridade moderada
510770,MT,Rosário Oeste,15041.0,7.0,4.653945881257895,44.0,29.253374110763914,65.69479872343177,58.976632958568246,34.305201276568226,41.023367041431754,37.66428415899999,Prioridade moderada
231000,CE,Palhano,9709.0,7.0,7.209805335255948,12.0,12.359666289010196,100.0,24.917860738297872,0.0,75.08213926170212,37.54106963085106,Prioridade moderada
240570,RN,Jardim do Seridó,11942.0,6.0,5.0242840395243675,32.0,26.79618154412996,70.92246818665005,54.02277896681383,29.07753181334995,45.97722103318617,37.52737642326806,Prioridade moderada
150616,PA,Rio Maria,19190.0,8.0,4.168837936425222,63.0,32.82959874934862,58.847046384226154,66.18652563927586,41.152953615773846,33.81347436072414,37.48321398824899,Prioridade moderada
351990,SP,Iepê,7739.0,4.0,5.168626437524228,20.0,25.843132187621137,72.95999613085023,52.10137181981609,27.04000386914977,47.89862818018391,37.46931602466684,Prioridade moderada
520552,GO,Colinas do Sul,4188.0,2.0,4.775549188156638,12.0,28.653295128939828,67.41134312997252,57.76683617672733,32.58865687002748,42.23316382327267,37.41091034665007,Prioridade moderada
412200,PR,Rio Azul,14174.0,5.0,3.527585720333004,53.0,37.39240863552984,49.79517162204123,75.38543592217619,50.20482837795877,24.614564077823815,37.40969622789129,Prioridade moderada
291890,BA,Lajedão,3994.0,5.0,12.518778167250877,5.0,12.518778167250877,100.0,25.238640242460992,0.0,74.76135975753901,37.380679878769506,Prioridade moderada
241100,RN,Rodolfo Fernandes,4345.0,2.0,4.602991944764097,13.0,29.91944764096663,64.97553625508054,60.31947888004877,35.02446374491946,39.68052111995123,37.35249243243534,Prioridade moderada
210725,MA,Nova Colinas,5148.0,1.0,1.9425019425019425,25.0,48.562548562548564,27.420231646107705,97.90513707108506,72.57976835389229,2.094862928914935,37.33731564140361,Prioridade moderada
292170,BA,Morro do Chapéu,35235.0,23.0,6.527600397332198,58.0,16.46090534979424,92.14318455586027,33.18621535091002,7.856815444139727,66.81378464908998,37.335300046614854,Prioridade moderada
220855,PI,Porto Alegre do Piauí,2382.0,2.0,8.39630562552477,3.0,12.594458438287154,100.0,25.391216405135815,0.0,74.60878359486418,37.30439179743209,Prioridade moderada
290690,BA,Caravelas,21384.0,10.0,4.676393565282454,63.0,29.46127946127946,66.0116687776667,59.39578315645827,33.9883312223333,40.60421684354173,37.29627403293752,Prioridade moderada
420960,SC,Lauro Müller,14628.0,8.0,5.468963631391851,35.0,23.92671588733935,77.19953651307765,48.237756624194986,22.800463486922354,51.762243375805014,37.281353431363684,Prioridade moderada
171790,TO,Ponte Alta do Tocantins,7874.0,3.0,3.8100076200152397,28.0,35.56007112014224,53.78182087153765,71.69132881876803,46.21817912846235,28.308671181231972,37.26342515484716,Prioridade moderada
292630,BA,Riachão do Jacuípe,35188.0,14.0,3.978629078094805,121.0,34.38672274639082,56.16207045578818,69.32578506613103,43.83792954421182,30.674214933868967,37.25607223904039,Prioridade moderada
260060,PE,Alagoinha,14460.0,8.0,5.532503457814661,34.0,23.513139695712308,78.09646058874826,47.40396113921483,21.903539411251742,52.59603886078517,37.24978913601846,Prioridade moderada
316800,MG,Taiobeiras,34537.0,14.0,4.053623649998553,117.0,33.87671193213076,57.220688976989166,68.29757134679639,42.779311023010834,31.70242865320361,37.24086983810722,Prioridade moderada
330410,RJ,Porciúncula,17832.0,12.0,6.7294751009421265,27.0,15.141318977119784,94.99283480091688,30.52584664049471,5.0071651990831185,69.4741533595053,37.240659279294206,Prioridade moderada
520017,GO,Água Fria de Goiás,4979.0,3.0,6.025306286402892,10.0,20.084354288009642,85.05283340881451,40.49131517509107,14.947166591185493,59.50868482490893,37.22792570804721,Prioridade moderada
420220,SC,Benedito Novo,10757.0,5.0,4.648136097424933,32.0,29.748071023519568,65.61278819102095,59.973972894086714,34.387211808979046,40.026027105913286,37.206619457446166,Prioridade moderada
291940,BA,Licínio de Almeida,12202.0,8.0,6.5563022455335185,20.0,16.390755613833797,92.5483379866661,33.044789093063166,7.451662013333902,66.95521090693683,37.203436460135364,Prioridade moderada
251230,PB,Princesa Isabel,21674.0,13.0,5.9979699178739505,44.0,20.300821260496445,84.66695500065111,40.92772613868343,15.333044999348886,59.07227386131657,37.20265943033273,Prioridade moderada
290760,BA,Central,16847.0,9.0,5.342197423873687,42.0,24.930254644743872,75.41011293568364,50.26095356315482,24.589887064316358,49.73904643684518,37.16446675058077,Prioridade moderada
421140,SC,Nova Erechim,5490.0,1.0,1.8214936247723132,32.0,58.287795992714024,25.712086068153457,100.0,74.28791393184655,0.0,37.14395696592327,Prioridade moderada
170230,TO,Arapoema,5488.0,1.0,1.8221574344023324,29.0,52.84256559766764,25.72145636191007,100.0,74.27854363808993,0.0,37.139271819044964,Prioridade moderada
500630,MS,Paranaíba,42638.0,15.0,3.5179886486232936,161.0,37.759744828556684,49.659699979183756,76.12600867616051,50.340300020816244,23.87399132383949,37.10714567232787,Prioridade moderada
520145,GO,Aparecida do Rio Doce,3045.0,1.0,3.284072249589491,12.0,39.408866995073886,46.35775123617815,79.45074217015896,53.64224876382185,20.54925782984104,37.09575329683145,Prioridade moderada
220800,PI,Picos,86701.0,37.0,4.267540166780083,282.0,32.52557640626983,60.240320677085755,65.57359756913013,39.759679322914245,34.42640243086987,37.09304087689206,Prioridade moderada
211105,MA,São João do Paraíso,10091.0,6.0,5.945892379347933,21.0,20.81062332771777,83.93183183876471,41.95551901092406,16.068168161235292,58.04448098907594,37.056324575155614,Prioridade moderada
221060,PI,São Raimundo Nonato,41139.0,15.0,3.646175162254795,152.0,36.94790831084859,51.469172505710816,74.48929544964709,48.530827494289184,25.510704550352912,37.02076602232105,Prioridade moderada
412810,PR,Umuarama,123059.0,24.0,1.950284010108972,601.0,48.838362086478845,27.530082808570675,98.46119439644708,72.46991719142932,1.538805603552916,37.00436139749112,Prioridade moderada
291350,BA,Iguaí,21763.0,8.0,3.6759637917566512,80.0,36.75963791756651,51.88966687098745,74.10973055434576,48.11033312901255,25.89026944565424,37.0003012873334,Prioridade moderada
293230,BA,Ubatã,15839.0,8.0,5.0508239156512404,43.0,27.148178546625417,71.29710335963759,54.732426952720935,28.70289664036241,45.267573047279065,36.985234843820734,Prioridade moderada
520650,GO,Cromínia,3999.0,2.0,5.001250312578145,11.0,27.506876719179797,70.59732558847837,55.45558491684327,29.40267441152163,44.54441508315673,36.973544747339176,Prioridade moderada
260490,PE,Cumaru,16215.0,12.0,7.400555041628122,21.0,12.950971322849213,100.0,26.10996869190469,0.0,73.8900313080953,36.94501565404765,Prioridade moderada
310450,MG,Arinos,17586.0,11.0,6.254975548731946,33.0,18.76492664619584,88.29482984509195,37.8312664760246,11.705170154908046,62.1687335239754,36.93695183944172,Prioridade moderada
354790,SP,Santo Antônio da Alegria,6933.0,5.0,7.211885186787827,9.0,12.981393336218089,100.0,26.17130137474406,0.0,73.82869862525594,36.91434931262797,Prioridade moderada
220350,PI,Elesbão Veloso,13743.0,7.0,5.093502146547333,37.0,26.922797060321617,71.89954650361183,54.27804377138033,28.10045349638817,45.72195622861967,36.91120486250392,Prioridade moderada
352130,SP,Ipuã,14701.0,7.0,4.761580844840487,43.0,29.249710904020134,67.21416690015218,58.9692477045199,32.78583309984782,41.0307522954801,36.90829269766396,Prioridade moderada
430380,RS,Campinas do Sul,5388.0,1.0,1.855976243504083,50.0,92.79881217520415,26.19884048147039,100.0,73.8011595185296,0.0,36.9005797592648,Prioridade moderada
293210,BA,Ubaíra,19142.0,7.0,3.656880158813081,71.0,37.09121303938982,51.62028354399422,74.7782067507641,48.37971645600578,25.2217932492359,36.80075485262084,Prioridade moderada
210350,MA,Colinas,41788.0,21.0,5.025366133818321,115.0,27.519862161386044,70.93774295963942,55.48176438099338,29.062257040360578,44.51823561900662,36.7902463296836,Prioridade moderada
292110,BA,Medeiros Neto,22801.0,11.0,4.824349809218894,66.0,28.946098855313366,68.10020953711624,58.35714681350544,31.899790462883757,41.64285318649456,36.77132182468916,Prioridade moderada
522220,GO,Vila Boa,4145.0,2.0,4.8250904704463204,12.0,28.950542822677928,68.11066466304581,58.36610612982728,31.88933533695419,41.63389387017272,36.76161460356346,Prioridade moderada
260910,PE,Machados,11387.0,10.0,8.781944322472995,15.0,13.172916483709493,100.0,26.557424026097088,0.0,73.4425759739029,36.72128798695145,Prioridade moderada
210177,MA,Bela Vista do Maranhão,12104.0,8.0,6.609385327164573,20.0,16.523463317911435,93.29765532991571,33.31233612967257,6.702344670084287,66.68766387032743,36.69500427020586,Prioridade moderada
210173,MA,Belágua,8751.0,6.0,6.856359273225918,13.0,14.855445091989488,96.78392356130442,29.949506997350234,3.2160764386955805,70.05049300264977,36.63328472067268,Prioridade moderada
313375,MG,Itaú de Minas,14634.0,8.0,5.466721333880005,36.0,24.600246002460025,77.16788438658601,49.59563548752236,22.83211561341399,50.40436451247764,36.618240062945816,Prioridade moderada
293105,BA,Tanque Novo,17812.0,11.0,6.175611947002021,35.0,19.649674376824613,87.17453838175315,39.614973270757034,12.825461618246848,60.385026729242966,36.60524417374491,Prioridade moderada
522150,GO,Turvânia,4449.0,2.0,4.4953922229714545,14.0,31.467745560800182,63.456665549185196,63.44094438289273,36.543334450814804,36.55905561710727,36.55119503396104,Prioridade moderada
150700,PA,Santo Antônio do Tauá,29234.0,14.0,4.788944379831703,86.0,29.417801190394748,67.60042878833805,59.308128241372856,32.39957121166195,40.691871758627144,36.54572148514455,Prioridade moderada
313300,MG,Itamonte,15245.0,7.0,4.591669399803214,47.0,30.82978025582158,64.81570794353148,62.15476640254892,35.18429205646852,37.84523359745108,36.514762826959796,Prioridade moderada
240950,RN,Pedra Grande,3736.0,6.0,16.059957173447536,5.0,13.383297644539613,100.0,26.981565612523873,0.0,73.01843438747613,36.50921719373807,Prioridade moderada
320040,ES,Anchieta,33017.0,22.0,6.663234091528606,54.0,16.355210951933852,94.05778100104718,32.973128830196664,5.942218998952825,67.02687116980334,36.484545084378084,Prioridade moderada
500840,MS,Vicentina,6505.0,4.0,6.149116064565719,13.0,19.984627209838585,86.80052422085318,40.29025914432158,13.199475779146823,59.70974085567842,36.45460831741262,Prioridade moderada
431470,RS,Planalto,10624.0,3.0,2.8237951807228914,46.0,43.29819277108434,39.86050993434558,87.29186633859004,60.13949006565442,12.70813366140996,36.423811863532194,Prioridade moderada
210080,MA,Anapurus,14113.0,9.0,6.377099128463119,26.0,18.422730815560122,90.01871838924836,37.14137826596923,9.981281610751637,62.85862173403077,36.41995167239121,Prioridade moderada
170190,TO,Araguacema,6022.0,2.0,3.3211557622052474,24.0,39.85386914646297,46.88121969915725,80.34789435673665,53.11878030084275,19.652105643263354,36.385442972053056,Prioridade moderada
261440,PE,Solidão,5386.0,3.0,5.5699962866691415,13.0,24.136650575566286,78.62570693325054,48.66099809391235,21.37429306674946,51.33900190608765,36.35664748641855,Prioridade moderada
431110,RS,Jaguari,10771.0,4.0,3.7136756104354283,40.0,37.13675610435428,52.42200446167021,74.87002441993441,47.57799553832979,25.12997558006559,36.35398555919769,Prioridade moderada
420690,SC,Ibirama,20900.0,8.0,3.827751196172249,76.0,36.36363636363637,54.03228804369855,73.31136663882852,45.96771195630145,26.688633361171483,36.32817265873646,Prioridade moderada
211160,MA,São Raimundo das Mangabeiras,19158.0,12.0,6.263701847792046,37.0,19.313080697358807,88.41800971760883,38.93637934805721,11.581990282391175,61.06362065194279,36.32280546716699,Prioridade moderada
290870,BA,Condeúba,17567.0,10.0,5.692491603574885,41.0,23.339215574657025,80.35484289529371,47.053319226549284,19.645157104706286,52.946680773450716,36.295918939078504,Prioridade moderada
350260,SP,Aparecida d'Oeste,4112.0,2.0,4.863813229571985,12.0,29.182879377431906,68.65727262361989,58.83451116442948,31.34272737638011,41.16548883557052,36.25410810597532,Prioridade moderada
310640,MG,Belo Vale,9012.0,5.0,5.548158011540169,22.0,24.411895250776745,78.31743925552735,49.215908584655175,21.682560744472653,50.784091415344825,36.233326079908736,Prioridade moderada
260900,PE,Macaparana,24642.0,14.0,5.681357032708384,58.0,23.537050564077592,80.1976680138899,47.452166946242784,19.802331986110104,52.547833053757216,36.17508251993366,Prioridade moderada
210470,MA,Graça Aranha,6160.0,3.0,4.87012987012987,18.0,29.22077922077922,68.74643791274147,58.91091962048719,31.25356208725853,41.08908037951281,36.17132123338567,Prioridade moderada
314180,MG,Minas Novas,23843.0,13.0,5.452334018370171,60.0,25.16461854632387,76.96479397240749,50.733445855834844,23.03520602759251,49.266554144165156,36.15088008587883,Prioridade moderada
251080,PB,Patos,108104.0,45.0,4.162658181010878,370.0,34.22630059942278,58.75981335692768,69.00236397821358,41.24018664307232,30.99763602178642,36.11891133242937,Prioridade moderada
311680,MG,Coluna,8206.0,2.0,2.4372410431391667,38.0,46.30757981964416,34.40393675704667,93.35897896365559,65.59606324295333,6.641021036344412,36.11854213964887,Prioridade moderada
292905,BA,São Félix do Coribe,15780.0,8.0,5.069708491761723,44.0,27.88339670468948,71.56367681326361,56.21467277121831,28.436323186736388,43.78532722878169,36.110825207759035,Prioridade moderada
431402,RS,Paraíso do Sul,6627.0,2.0,3.0179568432171417,28.0,42.25139580503999,42.60128339042175,85.18145814380254,57.39871660957825,14.818541856197456,36.10862923288785,Prioridade moderada
313600,MG,Joaíma,14035.0,8.0,5.700035625222657,33.0,23.51264695404346,80.46133381640897,47.4029677411734,19.538666183591033,52.5970322588266,36.06784922120882,Prioridade moderada
430400,RS,Campo Novo,5063.0,1.0,1.9751135690302193,35.0,69.12897491605767,27.88057525462423,100.0,72.11942474537577,0.0,36.05971237268788,Prioridade moderada
520280,GO,Avelinópolis,2993.0,1.0,3.341129301703976,12.0,40.093551620447705,47.163164889462905,80.83110922423455,52.836835110537095,19.168890775765448,36.00286294315127,Prioridade moderada
500510,MS,Jateí,3596.0,4.0,11.123470522803114,5.0,13.904338153503893,100.0,28.032015886648832,0.0,71.96798411335116,35.98399205667558,Prioridade moderada
230160,CE,Assaré,22195.0,13.0,5.857175039423293,50.0,22.52759630547421,82.67950361271062,45.4170439866588,17.32049638728938,54.5829560133412,35.95172620031529,Prioridade moderada
211100,MA,São João Batista,18889.0,10.0,5.294086505373498,50.0,26.47043252686749,74.7309823252488,53.366048561802735,25.269017674751197,46.633951438197265,35.95148455647423,Prioridade moderada
250230,PB,Bom Sucesso,4720.0,2.0,4.237288135593221,16.0,33.898305084745765,59.81328496362818,68.34110449382318,40.18671503637182,31.65889550617682,35.92280527127432,Prioridade moderada
316920,MG,Tombos,8653.0,5.0,5.778342771293193,20.0,23.113371085172773,81.56671242006384,46.59800260182096,18.433287579936163,53.40199739817904,35.9176424890576,Prioridade moderada
292180,BA,Mortugaba,11477.0,7.0,6.099154831401934,24.0,20.911387993378064,86.09527468843228,42.158666883006724,13.904725311567717,57.841333116993276,35.87302921428049,Prioridade moderada
412380,PR,Santa Izabel do Oeste,14462.0,6.0,4.148803761582077,50.0,34.57336467985064,58.56424526932478,69.70206688451749,41.43575473067522,30.297933115482508,35.86684392307886,Prioridade moderada
430155,RS,Áurea,3458.0,1.0,2.891844997108155,15.0,43.37767495662233,40.82109673631072,87.45210739883389,59.17890326368928,12.547892601166112,35.863397932427695,Prioridade moderada
430290,RS,Cacequi,11300.0,6.0,5.3097345132743365,30.0,26.548672566371682,74.9518685915907,53.52378537790577,25.048131408409304,46.47621462209423,35.76217301525177,Prioridade moderada
317180,MG,Virginópolis,10511.0,4.0,3.8055370564170867,39.0,37.1039863000666,53.718714685248784,74.80395844367195,46.281285314751216,25.196041556328055,35.738663435539635,Prioridade moderada
311070,MG,Cambuquira,12551.0,7.0,5.577244841048523,31.0,24.699227153214885,78.72802705753625,49.79518768193873,21.271972942463748,50.20481231806127,35.73839263026251,Prioridade moderada
231140,CE,Quixeramobim,86431.0,31.0,3.586676076870567,334.0,38.64354224757321,50.62928726890856,77.90779958320971,49.37071273109144,22.09220041679029,35.73145657394086,Prioridade moderada
522015,GO,São Luiz do Norte,4939.0,1.0,2.024701356549909,28.0,56.69163798339745,28.58055325251316,100.0,71.41944674748684,0.0,35.70972337374342,Prioridade moderada
430340,RS,Caiçara,4931.0,1.0,2.027986209693774,33.0,66.92354491989454,28.62692202680237,100.0,71.37307797319764,0.0,35.68653898659882,Prioridade moderada
292720,BA,Ruy Barbosa,29590.0,12.0,4.055424129773573,105.0,35.48496113551876,57.246104432914834,71.53990238919138,42.753895567085166,28.460097610808617,35.60699658894689,Prioridade moderada
291310,BA,Ibititá,17517.0,9.0,5.1378660729576975,49.0,27.972826397214135,72.52578481631913,56.3949686280878,27.47421518368087,43.6050313719122,35.53962327779654,Prioridade moderada
313960,MG,Mantena,27350.0,13.0,4.753199268738574,84.0,30.712979890310784,67.09585311459276,61.919289556012366,32.90414688540724,38.080710443987634,35.49242866469744,Prioridade moderada
261360,PE,São José do Egito,32508.0,18.0,5.537098560354374,82.0,25.22456010828104,78.16132475867246,50.854291796037366,21.838675241327536,49.145708203962634,35.49219172264509,Prioridade moderada
170710,TO,Divinópolis do Tocantins,7343.0,3.0,4.085523627944982,26.0,35.407871442189844,57.670987000202565,71.38448474296933,42.329012999797435,28.615515257030665,35.472264128414054,Prioridade moderada
432290,RS,Viadutos,4847.0,1.0,2.0631318341242006,32.0,66.02021869197442,29.12303538563286,100.0,70.87696461436714,0.0,35.43848230718357,Prioridade moderada
210560,MA,Joselândia,15227.0,11.0,7.224009982268338,22.0,14.448019964536677,100.0,29.128112442694714,0.0,70.87188755730529,35.43594377865264,Prioridade moderada
210375,MA,Davinópolis,14828.0,9.0,6.069598057728622,32.0,21.58079309414621,85.67805318501904,43.5082294592454,14.321946814980961,56.4917705407546,35.40685867786778,Prioridade moderada
293250,BA,Una,18254.0,10.0,5.478251342171578,47.0,25.74778130820642,77.33064123707815,51.90913847961315,22.669358762921846,48.09086152038685,35.38011014165435,Prioridade moderada
290660,BA,Candiba,13417.0,7.0,5.217261682939554,37.0,27.576954609823357,73.64652810606972,55.59686633003502,26.353471893930276,44.40313366996498,35.378302781947625,Prioridade moderada
210840,MA,Peri Mirim,11229.0,6.0,5.343307507347048,30.0,26.71653753673524,75.42578280211728,53.862211663579586,24.574217197882717,46.137788336420414,35.356002767151566,Prioridade moderada
354420,SP,Riolândia,10444.0,6.0,5.744925315970892,25.0,23.937188816545383,81.09499378446714,48.258870704897156,18.905006215532865,51.741129295102844,35.32306775531785,Prioridade moderada
313050,MG,Ilicínea,13248.0,6.0,4.528985507246377,43.0,32.457729468599034,63.93086617489243,65.43681389675022,36.06913382510757,34.56318610324978,35.316159964178674,Prioridade moderada
210047,MA,Alto Alegre do Pindaré,26321.0,17.0,6.458721173207706,50.0,18.996238744728544,91.17088988795116,38.29760614277162,8.829110112048838,61.70239385722838,35.26575198463861,Prioridade moderada
410710,PR,Diamante do Norte,5139.0,2.0,3.891807744697412,19.0,36.972173574625415,54.936506135108964,74.5382157400037,45.063493864891036,25.461784259996307,35.26263906244367,Prioridade moderada
311770,MG,Conceição do Rio Verde,12765.0,6.0,4.700352526439483,40.0,31.335683509596553,66.34987192205053,63.17469902288394,33.650128077949475,36.82530097711606,35.237714527532766,Prioridade moderada
411310,PR,Kaloré,4666.0,1.0,2.1431633090441493,23.0,49.29275610801543,30.252754503678204,99.3772811810095,69.7472454963218,0.6227188189905064,35.18498215765615,Prioridade moderada
240530,RN,Januário Cicco,8843.0,9.0,10.177541558294696,13.0,14.70089336198123,100.0,29.637921037409466,0.0,70.36207896259053,35.181039481295265,Prioridade moderada
521900,GO,Sanclerlândia,8085.0,5.0,6.184291898577613,17.0,21.026592455163883,87.29706401617965,42.39092628775797,12.702935983820353,57.60907371224203,35.15600484803119,Prioridade moderada
292850,BA,Santa Terezinha,10882.0,6.0,5.5136923359676535,28.0,25.730564234515715,77.8309240107494,51.874427781564,22.1690759892506,48.125572218436,35.1473241038433,Prioridade moderada
430840,RS,Formigueiro,6527.0,4.0,6.128389765589091,14.0,21.44936417956182,86.50795312649761,43.24326054228431,13.492046873502389,56.75673945771569,35.124393165609035,Prioridade moderada
261040,PE,Parnamirim,18960.0,15.0,7.911392405063291,28.0,14.767932489451477,100.0,29.77307611387022,0.0,70.22692388612978,35.11346194306489,Prioridade moderada
241142,RN,Santana do Seridó,2796.0,1.0,3.57653791130186,11.0,39.34191702432046,50.486177580172566,79.31576683921897,49.513822419827434,20.684233160781034,35.099027790304234,Prioridade moderada
292080,BA,Marcionílio Souza,9475.0,6.0,6.332453825857519,19.0,20.052770448548813,89.38850818838785,40.42764017814026,10.611491811612154,59.57235982185974,35.09192581673595,Prioridade moderada
260650,PE,Iati,17570.0,14.0,7.968127490039841,26.0,14.797951052931133,100.0,29.833595416483995,0.0,70.166404583516,35.083202291758,Prioridade moderada
230600,CE,Iracema,14440.0,8.0,5.54016620498615,37.0,25.62326869806094,78.20462743166897,51.65811326524099,21.795372568331032,48.34188673475901,35.068629651545024,Prioridade moderada
320310,ES,Jerônimo Monteiro,12108.0,4.0,3.3036009250082587,50.0,41.29501156260324,46.6334167539354,83.25332765806839,53.3665832460646,16.746672341931614,35.0566277939981,Prioridade moderada
220160,PI,Beneditinos,10093.0,15.0,14.861785395818885,15.0,14.861785395818885,100.0,29.962289446662794,0.0,70.0377105533372,35.0188552766686,Prioridade moderada
412796,PR,Turvo,14101.0,6.0,4.25501737465428,49.0,34.74930855967662,60.06354975427096,70.05678075726645,39.93645024572904,29.943219242733548,34.93983474423129,Prioridade moderada
312550,MG,São Gonçalo do Rio Preto,3099.0,2.0,6.453694740238786,6.0,19.36108422071636,91.09993708561632,39.03315745532979,8.900062914383682,60.96684254467021,34.93345272952695,Prioridade moderada
250340,PB,Cacimba de Areia,3344.0,5.0,14.952153110047847,5.0,14.952153110047847,100.0,30.14447641399198,0.0,69.85552358600802,34.92776179300401,Prioridade moderada
150345,PA,Ipixuna do Pará,29264.0,19.0,6.4926189174412245,56.0,19.136139967195188,91.64938825072058,38.57965576264212,8.350611749279423,61.42034423735788,34.88547799331865,Prioridade moderada
521260,GO,Mairipotaba,2631.0,1.0,3.800836183960471,10.0,38.00836183960471,53.652357474026026,76.62723612952428,46.347642525973974,23.372763870475723,34.86020319822485,Prioridade moderada
351900,SP,Herculândia,9316.0,2.0,2.1468441391155,58.0,62.2584800343495,30.30471286263686,100.0,69.69528713736314,0.0,34.84764356868157,Prioridade moderada
210087,MA,Araguanã,11297.0,9.0,7.966716827476321,17.0,15.048242896344162,100.0,30.338199436710916,0.0,69.66180056328909,34.830900281644546,Prioridade moderada
251700,PB,Umbuzeiro,9274.0,7.0,7.547983610092732,14.0,15.095967220185464,100.0,30.434414660285714,0.0,69.56558533971429,34.782792669857145,Prioridade moderada
313710,MG,Lagamar,6622.0,6.0,9.06070673512534,10.0,15.101177891875567,100.0,30.444919700510177,0.0,69.55508029948982,34.77754014974491,Prioridade moderada
291530,BA,Itagimirim,6490.0,3.0,4.622496147919877,21.0,32.357473035439135,65.250856323958,65.23469065319485,34.749143676041996,34.765309346805154,34.757226511423575,Prioridade moderada
412540,PR,São José da Boa Vista,6023.0,3.0,4.980906524987548,18.0,29.885439149925286,70.31015400008093,60.25091563377073,29.689845999919072,39.74908436622927,34.71946518307417,Prioridade moderada
290330,BA,Barro Preto,5936.0,5.0,8.423180592991914,9.0,15.161725067385445,100.0,30.566986595535806,0.0,69.43301340446419,34.716506702232095,Prioridade moderada
421900,SC,Urussanga,21464.0,10.0,4.658963846440551,69.0,32.14685054043981,65.76563199504402,64.81006252197965,34.23436800495598,35.189937478020354,34.71215274148817,Prioridade moderada
290530,BA,Cafarnaum,18057.0,12.0,6.645622196378136,33.0,18.275461040039872,93.8091726294484,36.844473181999696,6.190827370551602,63.155526818000304,34.67317709427596,Prioridade moderada
420985,SC,Lindóia do Sul,4604.0,1.0,2.172024326672459,70.0,152.0417028670721,30.660154759809398,100.0,69.3398452401906,0.0,34.6699226200953,Prioridade moderada
280340,SE,Japoatã,13723.0,12.0,8.744443634773738,21.0,15.30277636085404,100.0,30.851354830520627,0.0,69.14864516947938,34.57432258473969,Prioridade moderada
317100,MG,Vazante,20459.0,12.0,5.865389315215798,49.0,23.950339703797837,82.79545579793489,48.2853837166144,17.204544202065108,51.7146162833856,34.45958024272535,Prioridade moderada
430810,RS,Feliz,13994.0,6.0,4.287551807917679,49.0,35.01500643132771,60.52280370765863,70.59244429457011,39.47719629234137,29.407555705429886,34.44237599888562,Prioridade moderada
250500,PB,Cubati,7842.0,5.0,6.375924509053813,16.0,20.4029584289722,90.00213753772155,41.13364106233683,9.997862462278448,58.86635893766317,34.432110699970806,Prioridade moderada
411390,PR,Mallet,13681.0,8.0,5.8475257656604045,33.0,24.121043783349172,82.54329508905049,48.62953382408952,17.45670491094951,51.37046617591048,34.413585543429996,Prioridade moderada
251620,PB,Sousa,70066.0,47.0,6.707961065281306,127.0,18.12576713384523,94.68914406653207,36.54268089888227,5.310855933467934,63.45731910111773,34.38408751729283,Prioridade moderada
421940,SC,Witmarsum,4513.0,1.0,2.215820961666297,23.0,50.96388211832484,31.278385223612332,100.0,68.72161477638767,0.0,34.360807388193834,Prioridade moderada
431550,RS,Restinga Sêca,15205.0,8.0,5.261427162117725,43.0,28.28017099638277,74.26996515049655,57.01459457442598,25.730034849503454,42.98540542557402,34.357720137538735,Prioridade moderada
210462,MA,Governador Luiz Rocha,7216.0,4.0,5.5432372505543235,19.0,26.33037694013304,78.24797811206345,53.08368773390784,21.75202188793655,46.91631226609216,34.33416707701436,Prioridade moderada
411345,PR,Lindoeste,5217.0,2.0,3.8336208548974504,20.0,38.33620854897451,54.11514376621142,77.2881956131027,45.88485623378858,22.7118043868973,34.29833031034294,Prioridade moderada
312650,MG,Francisco Badaró,7053.0,6.0,8.507018290089324,11.0,15.596200198497094,100.0,31.442915650426233,0.0,68.55708434957377,34.278542174786885,Prioridade moderada
355080,SP,São Sebastião da Grama,10428.0,6.0,5.7537399309551205,26.0,24.932873034138858,81.21942031885068,50.26623240004064,18.78057968114932,49.73376759995936,34.25717364055434,Prioridade moderada
310100,MG,Águas Vermelhas,14567.0,7.0,4.805382027871216,46.0,31.578224754582276,67.83246156374939,63.66367735162907,32.16753843625061,36.33632264837093,34.251930542310774,Prioridade moderada
260040,PE,Água Preta,26981.0,18.0,6.671361328342166,50.0,18.531559245394906,94.1725045496803,37.36078319127875,5.827495450319702,62.63921680872125,34.23335612952047,Prioridade moderada
210745,MA,Olinda Nova do Maranhão,13921.0,7.0,5.028374398390921,42.0,30.17024639034552,70.98020742756536,60.825104854426336,29.01979257243464,39.174895145573664,34.097343859004155,Prioridade moderada
291540,BA,Itaju do Colônia,6118.0,4.0,6.538084341288003,12.0,19.61425302386401,92.2911752299199,39.543561606429236,7.708824770080099,60.456438393570764,34.08263158182543,Prioridade moderada
260670,PE,Ibirajuba,7334.0,4.0,5.45404963185165,20.0,27.270248159258248,76.9890114612285,54.97852693121854,23.0109885387715,45.02147306878146,34.01623080377648,Prioridade moderada
313650,MG,Jordânia,10541.0,6.0,5.692059576890238,27.0,25.614268096006075,80.34874443458637,51.6399674882176,19.651255565413635,48.3600325117824,34.00564403859802,Prioridade moderada
430630,RS,David Canabarro,4400.0,1.0,2.272727272727273,26.0,59.090909090909086,32.081671025946015,100.0,67.91832897405399,0.0,33.959164487026996,Prioridade moderada
312780,MG,Grão Mogol,14037.0,6.0,4.274417610600556,50.0,35.620146755004626,60.33740222875079,71.8124450583381,39.66259777124921,28.1875549416619,33.925076356455556,Prioridade moderada
520570,GO,Córrego do Ouro,2441.0,1.0,4.096681687832856,9.0,36.870135190495695,57.82849345111122,74.33249997177408,42.17150654888878,25.667500028225916,33.91950328855735,Prioridade moderada
431190,RS,Marcelino Ramos,4382.0,1.0,2.2820629849383844,41.0,93.56458238247376,32.21345333504393,100.0,67.78654666495606,0.0,33.89327333247803,Prioridade moderada
311820,MG,Conquista,6878.0,6.0,8.72346612387322,11.0,15.9930212271009,100.0,32.24293167817043,0.0,67.75706832182956,33.87853416091478,Prioridade moderada
431930,RS,São Paulo das Missões,5943.0,2.0,3.365303718660609,25.0,42.06629648325761,47.504409393963485,84.80828632709841,52.495590606036515,15.191713672901585,33.84365213946905,Prioridade moderada
312820,MG,Guaraciaba,9901.0,6.0,6.05999394000606,23.0,23.229976770023228,85.54248208110037,46.83308695996266,14.457517918899626,53.16691304003734,33.812215479468485,Prioridade moderada
421380,SC,Praia Grande,8696.0,2.0,2.2999080036798527,50.0,57.49770009199632,32.465352464158805,100.0,67.5346475358412,0.0,33.7673237679206,Prioridade moderada
292895,BA,São Domingos,8690.0,8.0,9.205983889528193,14.0,16.11047180667434,100.0,32.47971939694934,0.0,67.52028060305065,33.760140301525325,Prioridade moderada
432067,RS,Sinimbu,8685.0,2.0,2.302820955670697,47.0,54.11629245826136,32.50647150585204,100.0,67.49352849414797,0.0,33.74676424707398,Prioridade moderada
251090,PB,Paulista,12172.0,7.0,5.7509037134406835,31.0,25.46828787380874,81.17938445605795,51.345662224450614,18.820615543942054,48.654337775549386,33.737476659745724,Prioridade moderada
270660,AL,Paulo Jacinto,6691.0,4.0,5.978179644298311,16.0,23.912718577193242,84.38759678024957,48.20953717095283,15.612403219750433,51.79046282904717,33.7014330243988,Prioridade moderada
320460,ES,Santa Teresa,23872.0,13.0,5.445710455764075,66.0,27.64745308310992,76.87129619152616,55.73899566415622,23.128703808473844,44.26100433584378,33.69485407215881,Prioridade moderada
310090,MG,Águas Formosas,18850.0,9.0,4.774535809018568,61.0,32.360742705570296,67.3970383356744,65.24128251280362,32.602961664325605,34.75871748719638,33.68083957576099,Prioridade moderada
351700,SP,Getulina,10337.0,5.0,4.836993324949212,33.0,31.924155944664797,68.27868458651567,64.36109628009757,31.721315413484334,35.63890371990243,33.68010956669338,Prioridade moderada
521600,GO,Panamá,2432.0,1.0,4.1118421052631575,9.0,37.00657894736842,58.0424969219418,74.60757912463015,41.9575030780582,25.39242087536985,33.67496197671403,Prioridade moderada
312490,MG,Eugenópolis,11096.0,8.0,7.209805335255948,18.0,16.22206200432588,100.0,32.70469221901596,0.0,67.29530778098405,33.64765389049202,Prioridade moderada
330450,RJ,Rio das Flores,9267.0,5.0,5.395489370885939,26.0,28.056544728606884,76.1623786091305,56.56375002348374,23.8376213908695,43.43624997651626,33.63693568369288,Prioridade moderada
220450,PI,Guadalupe,10480.0,5.0,4.770992366412213,34.0,32.44274809160305,67.34701932927598,65.40661050315329,32.65298067072402,34.59338949684671,33.623185083785366,Prioridade moderada
261230,PE,Saloá,14125.0,9.0,6.371681415929204,30.0,21.238938053097346,89.94224230990883,42.81902830232461,10.057757690091165,57.18097169767539,33.61936469388328,Prioridade moderada
500730,MS,Rio Negro,4921.0,5.0,10.16053647632595,8.0,16.25685836212152,100.0,32.77484385397738,0.0,67.22515614602261,33.612578073011306,Prioridade moderada
510719,MT,Ribeirãozinho,2733.0,1.0,3.6589828027808267,11.0,40.2488108305891,51.64996433009969,81.14412150839965,48.35003566990031,18.85587849160035,33.60295708075033,Prioridade moderada
230040,CE,Aiuaba,14115.0,8.0,5.667729365922777,37.0,26.213248317392846,80.00530075191638,52.84754910025363,19.99469924808362,47.15245089974637,33.573575073914995,Prioridade moderada
313950,MG,Manhumirim,20939.0,9.0,4.298199531973829,75.0,35.81832943311524,60.67310629101019,72.21199374018997,39.32689370898981,27.788006259810032,33.55744998439992,Prioridade moderada
430590,RS,Coronel Bicaco,6214.0,3.0,4.82780817508851,20.0,32.1853878339234,68.14902760580745,64.88775611740533,31.850972394192553,35.11224388259467,33.48160813839361,Prioridade moderada
353150,SP,Monte Azul Paulista,18337.0,10.0,5.4534547635927355,51.0,27.812619294322953,76.98061433940255,56.07198108248731,23.01938566059745,43.92801891751269,33.47370228905507,Prioridade moderada
211174,MA,Senador Alexandre Costa,10447.0,7.0,6.700488178424428,20.0,19.14425193835551,94.58365727951923,38.59601000416931,5.41634272048077,61.40398999583069,33.410166358155735,Prioridade moderada
431220,RS,Maximiliano de Almeida,4251.0,1.0,2.352387673488591,30.0,70.57163020465774,33.20615208519466,100.0,66.79384791480534,0.0,33.39692395740267,Prioridade moderada
431030,RS,Ilópolis,4245.0,1.0,2.3557126030624262,23.0,54.18138987043581,33.25308657577443,100.0,66.74691342422557,0.0,33.373456712112784,Prioridade moderada
315310,MG,Presidente Bernardes,4847.0,4.0,8.252527336496803,8.0,16.505054672993605,100.0,33.27522314945796,0.0,66.72477685054204,33.36238842527102,Prioridade moderada
231260,CE,São Luís do Curu,10888.0,7.0,6.429096252755327,23.0,21.12417340191036,90.75270642901702,42.58765558326509,9.247293570982976,57.41234441673491,33.32981899385894,Prioridade moderada
310860,MG,Brasília de Minas,33262.0,16.0,4.810294029222536,108.0,32.46948469725212,67.9017990567795,65.46051317338724,32.098200943220505,34.53948682661276,33.31884388491663,Prioridade moderada
240400,RN,Frutuoso Gomes,4230.0,3.0,7.092198581560284,7.0,16.548463356973997,100.0,33.362737772989334,0.0,66.63726222701067,33.31863111350533,Prioridade moderada
171750,TO,Pium,7408.0,4.0,5.399568034557236,21.0,28.34773218142549,76.21995276142682,57.150802151624546,23.780047238573175,42.849197848375454,33.314622543474314,Prioridade moderada
220980,PI,São Gonçalo do Piauí,4985.0,3.0,6.018054162487463,12.0,24.07221664994985,84.95046289718906,48.5310952674291,15.049537102810945,51.4689047325709,33.259220917690925,Prioridade moderada
354120,SP,Presidente Bernardes,14803.0,10.0,6.755387421468622,28.0,18.91508478011214,95.35861143968283,38.13399467128146,4.641388560317168,61.86600532871854,33.253696944517856,Prioridade moderada
420260,SC,Bom Retiro,8422.0,2.0,2.3747328425552126,42.0,49.869389693659464,33.521575044921036,100.0,66.47842495507896,0.0,33.23921247753948,Prioridade moderada
412130,PR,Rancho Alegre,3472.0,1.0,2.880184331797235,16.0,46.08294930875576,40.65649553979333,92.9061097957504,59.34350446020667,7.093890204249604,33.21869733222813,Prioridade moderada
431075,RS,Ivorá,1962.0,1.0,5.096839959225281,6.0,30.581039755351682,71.9466628512551,61.653289986782376,28.0533371487449,38.346710013217624,33.20002358098127,Prioridade moderada
220680,PI,Nossa Senhora dos Remédios,8751.0,5.0,5.713632727688264,23.0,26.282710547366015,80.65326963442033,52.987589303004256,19.346730365579674,47.012410696995744,33.17957053128771,Prioridade moderada
110145,RO,Parecis,4372.0,3.0,6.861848124428179,8.0,18.298261665141812,96.8614038294802,36.890440669126875,3.138596170519804,63.109559330873125,33.124077750696465,Prioridade moderada
240600,RN,José da Penha,5966.0,5.0,8.380824673147837,10.0,16.761649346295673,100.0,33.79253406918846,0.0,66.20746593081154,33.10373296540577,Prioridade moderada
421110,SC,Monte Castelo,7747.0,6.0,7.74493352265393,13.0,16.780689299083516,100.0,33.830919805577885,0.0,66.16908019442212,33.08454009721106,Prioridade moderada
354750,SP,Santa Rita do Passa Quatro,24996.0,6.0,2.4003840614498317,251.0,100.41606657065131,33.883665989957386,100.0,66.1163340100426,0.0,33.0581670050213,Prioridade moderada
421090,SC,Modelo,4159.0,1.0,2.40442414041837,47.0,113.00793459966337,33.94069548308788,100.0,66.05930451691212,0.0,33.02965225845606,Prioridade moderada
240520,RN,Janduís,4813.0,2.0,4.15541242468315,18.0,37.39871182214835,58.657532729757946,75.39814354086872,41.342467270242054,24.601856459131284,32.97216186468667,Prioridade moderada
240450,RN,Guamaré,16076.0,9.0,5.598407564070665,44.0,27.36999253545658,79.02675868546046,55.17961783589356,20.973241314539536,44.82038216410644,32.896811739322985,Prioridade moderada
260240,PE,Brejão,9417.0,7.0,7.433365190612722,16.0,16.990549007114794,100.0,34.25401011052834,0.0,65.74598988947166,32.87299494473583,Prioridade moderada
352260,SP,Itapira,74038.0,18.0,2.431183986601475,396.0,53.48604770523245,34.318435739146445,100.0,65.68156426085355,0.0,32.840782130426774,Prioridade moderada
250800,PB,Juru,9380.0,7.0,7.462686567164179,16.0,17.057569296375267,100.0,34.38912720797925,0.0,65.61087279202076,32.80543639601038,Prioridade moderada
355500,SP,Tupã,65433.0,16.0,2.4452493390185377,352.0,53.79548545840784,34.51698134315406,100.0,65.48301865684594,0.0,32.74150932842297,Prioridade moderada
500280,MS,Caracol,5096.0,3.0,5.886970172684458,13.0,25.51020408163265,83.10008978463253,51.43016792264754,16.89991021536747,48.56983207735246,32.734871146359964,Prioridade moderada
310470,MG,Ataléia,13936.0,7.0,5.022962112514351,44.0,31.572904707233064,70.90380795056956,63.65295180323083,29.096192049430442,36.34704819676917,32.72162012309981,Prioridade moderada
220937,PI,Santa Rosa do Piauí,4666.0,4.0,8.572653236176597,8.0,17.145306472353194,100.0,34.56601084556852,0.0,65.43398915443149,32.71699457721574,Prioridade moderada
350870,SP,Caconde,17228.0,7.0,4.063153006733224,66.0,38.30972834919898,57.35520475964344,77.23480987315632,42.64479524035656,22.765190126843677,32.70499268360012,Prioridade moderada
211065,MA,São Domingos do Azeitão,8236.0,5.0,6.070908207867896,20.0,24.283632831471586,85.69654717955467,48.95732352034443,14.30345282044533,51.04267647965557,32.67306465005045,Prioridade moderada
314270,MG,Montalvânia,14068.0,9.0,6.397497867500712,31.0,22.035825988058004,90.30666566871358,44.42560425049851,9.693334331286422,55.57439574950149,32.63386504039396,Prioridade moderada
431205,RS,Marques de Souza,4050.0,1.0,2.4691358024691357,35.0,86.41975308641975,34.85416111460802,100.0,65.14583888539198,0.0,32.57291944269599,Prioridade moderada
291330,BA,Ichu,6428.0,3.0,4.667081518357187,22.0,34.22526446795271,65.88022052621149,69.00027507232616,34.11977947378851,30.99972492767384,32.559752200731175,Prioridade moderada
231040,CE,Paramoti,10462.0,6.0,5.735041101127892,28.0,26.763525138596826,80.95546884773226,53.956941609537324,19.044531152267737,46.043058390462676,32.54379477136521,Prioridade moderada
290115,BA,América Dourada,15572.0,15.0,9.632674030310815,27.0,17.338813254559465,100.0,34.95613262864767,0.0,65.04386737135232,32.52193368567616,Prioridade moderada
522040,GO,São Simão,17181.0,9.0,5.238344683080147,52.0,30.26599150224085,73.94413437095992,61.018132991982284,26.055865629040085,38.981867008017716,32.5188663185289,Prioridade moderada
291030,BA,Elísio Medrado,8069.0,6.0,7.435865658693766,14.0,17.350353203618788,100.0,34.97939788815091,0.0,65.02060211184909,32.51030105592454,Prioridade moderada
312260,MG,Dom Joaquim,5074.0,2.0,3.9416633819471816,20.0,39.41663381947182,55.640265082444806,79.466400574213,44.359734917555194,20.533599425787003,32.446667171671095,Prioridade moderada
510550,MT,Vila Bela da Santíssima Trindade,17592.0,9.0,5.115961800818553,55.0,31.264211005002274,72.21658552907357,63.03060598068902,27.78341447092643,36.96939401931098,32.37640424511871,Prioridade moderada
310490,MG,Baependi,18782.0,9.0,4.791821957193057,63.0,33.5427537003514,67.64104848405186,67.62429065156552,32.358951515948135,32.375709348434484,32.36733043219131,Prioridade moderada
510590,MT,Nobres,15796.0,7.0,4.431501645986326,57.0,36.085084831602934,62.5547903012875,72.74978931777896,37.4452096987125,27.250210682221038,32.34771019046677,Prioridade moderada
430540,RS,Chiapetta,3991.0,1.0,2.5056376847907793,26.0,65.14657980456026,35.369419322015155,100.0,64.63058067798485,0.0,32.315290338992426,Prioridade moderada
210545,MA,Jatobá,7593.0,5.0,6.585012511523772,16.0,21.07204003687607,92.95361024243545,42.48255145671611,7.046389757564555,57.51744854328389,32.28191915042422,Prioridade moderada
311180,MG,Canápolis,10716.0,7.0,6.532288167226577,23.0,21.463232549458755,92.20935681216287,43.27122004391474,7.790643187837134,56.72877995608526,32.2597115719612,Prioridade moderada
250430,PB,Catolé do Rocha,32288.0,18.0,5.574826560951437,91.0,28.183845391476712,78.693890772266,56.820396126631664,21.306109227733998,43.179603873368336,32.24285655055117,Prioridade moderada
210770,MA,Paraibano,18589.0,11.0,5.917478078433482,48.0,25.82172252407338,83.53073740684206,52.05820859823209,16.469262593157936,47.94179140176791,32.205526997462925,Prioridade moderada
210535,MA,Itaipava do Grajaú,14142.0,11.0,7.778249186819403,25.0,17.67783906095319,100.0,35.639629871442935,0.0,64.36037012855707,32.18018506427853,Prioridade moderada
353890,SP,Pirajuí,22734.0,10.0,4.398697985396323,83.0,36.509193278789475,62.09173595238959,73.60481848910268,37.90826404761041,26.395181510897316,32.15172277925386,Prioridade moderada
500440,MS,Inocência,8764.0,6.0,6.846188954815154,17.0,19.397535371976268,96.64036000513178,39.106645257476416,3.3596399948682176,60.893354742523584,32.1264973686959,Prioridade moderada
230060,CE,Altaneira,6974.0,4.0,5.735589331803842,19.0,27.244049326068254,80.96320763645681,54.92570844391725,19.036792363543185,45.07429155608275,32.05554195981297,Prioridade moderada
314090,MG,Matipó,19115.0,12.0,6.277792309704421,45.0,23.541721161391575,88.61690976562646,47.461583162725745,11.38309023437354,52.538416837274255,31.960753535823898,Prioridade moderada
260020,PE,Afrânio,19409.0,13.0,6.697923643670462,40.0,20.608995826678346,94.54745647298223,41.54902535046182,5.452543527017767,58.45097464953818,31.951759088277974,Prioridade moderada
260415,PE,Casinhas,13468.0,8.0,5.94000594000594,35.0,25.987525987525988,83.84873924215175,52.392478756959036,16.15126075784825,47.607521243040964,31.879391000444606,Prioridade moderada
211125,MA,São José dos Basílios,7094.0,4.0,5.638567803777841,20.0,28.1928390188892,79.59365802884831,56.83852784233954,20.40634197115169,43.16147215766046,31.783907064406076,Prioridade moderada
220360,PI,Eliseu Martins,4421.0,4.0,9.047726758651889,8.0,18.095453517303778,100.0,36.48156675083074,0.0,63.51843324916926,31.75921662458463,Prioridade moderada
330610,RJ,Valença,71449.0,30.0,4.198799143444975,274.0,38.34903217679744,59.26997684257127,77.31404884932928,40.73002315742873,22.685951150670718,31.707987154049725,Prioridade moderada
411300,PR,Jussara,6786.0,4.0,5.894488653109343,18.0,26.52519893899204,83.20622016749924,53.47646107606854,16.79377983250076,46.52353892393146,31.65865937821611,Prioridade moderada
313030,MG,Iguatama,6782.0,4.0,5.897965202005309,18.0,26.540843409023886,83.25529490661309,53.50800130672384,16.744705093386912,46.49199869327616,31.618351893331536,Prioridade moderada
411375,PR,Lunardelli,4864.0,2.0,4.1118421052631575,19.0,39.0625,58.0424969219418,78.75244463155406,41.9575030780582,21.247555368445944,31.602529223252073,Prioridade moderada
316220,MG,São João Batista do Glória,7959.0,4.0,5.025757004648825,26.0,32.66742053021736,70.94326046697448,65.85956419997785,29.05673953302552,34.140435800022146,31.598587666523834,Prioridade moderada
261210,PE,Salgadinho,5478.0,8.0,14.603870025556773,10.0,18.254837531945967,100.0,36.80289489901029,0.0,63.19710510098971,31.598552550494855,Prioridade moderada
315660,MG,Rubim,10602.0,5.0,4.716091303527636,37.0,34.89907564610451,66.57203948036337,70.3587205763139,33.42796051963663,29.6412794236861,31.534619971661364,Prioridade moderada
431420,RS,Pedro Osório,7631.0,2.0,2.620888481195125,40.0,52.4177696239025,36.996292101733054,100.0,63.003707898266946,0.0,31.501853949133473,Prioridade moderada
431050,RS,Iraí,7619.0,2.0,2.62501640635254,56.0,73.50045937787111,37.05456162597782,100.0,62.94543837402218,0.0,31.47271918701109,Prioridade moderada
261390,PE,Serra Talhada,98816.0,26.0,2.631152849740933,521.0,52.72425518134715,37.14118326352235,100.0,62.85881673647765,0.0,31.429408368238825,Prioridade moderada
230270,CE,Campos Sales,26049.0,19.0,7.293946024799417,48.0,18.426811010019577,100.0,37.14960419334854,0.0,62.85039580665146,31.42519790332573,Prioridade moderada
210730,MA,Nova Iorque,4409.0,2.0,4.536176003628941,16.0,36.28940802903153,64.03236675625425,73.16171767086537,35.96763324374575,26.83828232913463,31.40295778644019,Prioridade moderada
510390,MT,General Carneiro,6319.0,4.0,6.330115524608325,15.0,23.737933217281213,89.35550087935592,47.857158946853545,10.644499120644085,52.142841053146455,31.39367008689527,Prioridade moderada
292120,BA,Miguel Calmon,25263.0,12.0,4.750029687685548,88.0,34.833551043027356,67.05111151367413,70.22661887581245,32.94888848632587,29.77338112418755,31.36113480525671,Prioridade moderada
270760,AL,Quebrangulo,11303.0,7.0,6.193046093957357,28.0,24.77218437582943,87.42063767133837,49.942274008579986,12.579362328661631,50.057725991420014,31.318544160040823,Prioridade moderada
292470,BA,Piripá,9143.0,7.0,7.656130372962922,17.0,18.59345947719567,100.0,37.48557793246454,0.0,62.51442206753546,31.25721103376773,Prioridade moderada
420110,SC,Anitápolis,3761.0,1.0,2.6588673225206065,28.0,74.44828503057698,37.532398966807364,100.0,62.467601033192636,0.0,31.233800516596318,Prioridade moderada
520465,GO,Campinaçu,3760.0,1.0,2.6595744680851063,31.0,82.44680851063829,37.54238098780917,100.0,62.45761901219083,0.0,31.228809506095416,Prioridade moderada
250990,PB,Natuba,8935.0,6.0,6.715165081141578,19.0,21.264689423615,94.79083548796584,42.8709446768751,5.209164512034164,57.1290553231249,31.169109917579533,Prioridade moderada
411845,PR,Pato Bragado,6004.0,3.0,4.996668887408394,20.0,33.311125916055964,70.53265448742295,67.15731454256442,29.467345512577054,32.84268545743558,31.155015485006317,Prioridade moderada
230460,CE,General Sampaio,6929.0,5.0,7.216048491845865,13.0,18.76172607879925,100.0,37.82481393185335,0.0,62.17518606814665,31.087593034073326,Prioridade moderada
411150,PR,Ivaiporã,33566.0,9.0,2.6812846332598466,187.0,55.711136268843475,37.84884027371335,100.0,62.15115972628665,0.0,31.075579863143325,Prioridade moderada
421910,SC,Vargeão,3726.0,1.0,2.6838432635534084,21.0,56.36070853462158,37.88495773326959,100.0,62.11504226673041,0.0,31.057521133365206,Prioridade moderada
220900,PI,Rio Grande do Piauí,5845.0,4.0,6.843455945252353,12.0,20.53036783575706,96.6017810191018,41.390506400022936,3.398218980898207,58.609493599977064,31.003856290437636,Prioridade moderada
241010,RN,Poço Branco,12565.0,8.0,6.366892160764027,30.0,23.875845602865102,89.87463749409469,48.135198947101884,10.125362505905315,51.864801052898116,30.995081779401715,Prioridade moderada
292330,BA,Ouriçangas,7925.0,6.0,7.570977917981072,15.0,18.92744479495268,100.0,38.15891323472146,0.0,61.84108676527854,30.92054338263927,Prioridade moderada
150013,PA,Abel Figueiredo,6275.0,3.0,4.780876494023905,22.0,35.0597609561753,67.48654303465935,70.68267221751593,32.51345696534065,29.31732778248407,30.91539237391236,Prioridade moderada
291535,BA,Itaguaçu da Bahia,12669.0,9.0,7.1039545346909785,24.0,18.94387875917594,100.0,38.19204513507523,0.0,61.80795486492477,30.903977432462383,Prioridade moderada
315470,MG,Ribeirão Vermelho,4217.0,3.0,7.114062129475931,8.0,18.970832345269148,100.0,38.246385251463764,0.0,61.753614748536236,30.876807374268118,Prioridade moderada
431360,RS,Paim Filho,3685.0,1.0,2.7137042062415198,52.0,141.112618724559,38.306472866801215,100.0,61.693527133198785,0.0,30.846763566599392,Prioridade moderada
220950,PI,Santo Inácio do Piauí,3682.0,3.0,8.147745790331342,7.0,19.011406844106464,100.0,38.32818598037612,0.0,61.67181401962388,30.83590700981194,Prioridade moderada
292960,BA,Sapeaçu,18656.0,8.0,4.288164665523156,72.0,38.59348198970841,60.53145476593588,77.80687497045479,39.46854523406412,22.193125029545214,30.83083513180467,Prioridade moderada
230380,CE,Cedro,22564.0,14.0,6.204573657152987,57.0,25.26147846126573,87.58336000701448,50.92872150609984,12.416639992985523,49.07127849390016,30.74395924344284,Prioridade moderada
412420,PR,Santo Antônio do Caiuá,2474.0,1.0,4.042037186742117,10.0,40.42037186742118,57.05713521186841,81.48999929538334,42.94286478813159,18.510000704616658,30.726432746374122,Prioridade moderada
230180,CE,Baixio,5821.0,3.0,5.153753650575503,19.0,32.640439786978185,72.75005283327391,65.80516933308348,27.249947166726088,34.194830666916516,30.722388916821302,Prioridade moderada
500625,MS,Novo Horizonte do Sul,4801.0,3.0,6.248698187877525,12.0,24.9947927515101,88.20621902572118,50.39106642535598,11.793780974278818,49.60893357464402,30.70135727446142,Prioridade moderada
411210,PR,Jandaia do Sul,21930.0,6.0,2.7359781121751023,352.0,160.51071591427268,38.620889880755804,100.0,61.379110119244196,0.0,30.689555059622098,Prioridade moderada
291735,BA,Jaborandi,9600.0,5.0,5.208333333333333,31.0,32.291666666666664,73.52049610112628,65.10202089541801,26.479503898873716,34.89797910458199,30.688741501727854,Prioridade moderada
251110,PB,Pedra Lavrada,6980.0,4.0,5.730659025787965,20.0,28.653295128939828,80.89361175596702,57.76683617672733,19.106388244032985,42.23316382327267,30.669776033652827,Prioridade moderada
330180,RJ,Engenheiro Paulo de Frontin,12644.0,6.0,4.745333755140778,45.0,35.590003163555835,66.98482403392715,71.75167369151397,33.015175966072846,28.24832630848603,30.631751137279437,Prioridade moderada
420160,SC,Arroio Trinta,3634.0,1.0,2.7517886626307098,20.0,55.0357732526142,38.844070587276406,100.0,61.155929412723594,0.0,30.577964706361797,Prioridade moderada
410640,PR,Cornélio Procópio,45720.0,13.0,2.84339457567804,224.0,48.99387576552931,40.137173724499384,98.77471970585817,59.862826275500616,1.2252802941418253,30.54405328482122,Prioridade moderada
520670,GO,Damianópolis,3917.0,2.0,5.105948429920858,13.0,33.188664794485575,72.07523743383328,66.91042525754708,27.92476256616672,33.089574742452925,30.507168654309822,Prioridade moderada
261010,PE,Palmeirina,7104.0,5.0,7.038288288288288,14.0,19.707207207207205,99.35202175827877,39.7309630573606,0.6479782417212334,60.2690369426394,30.458507592180318,Prioridade moderada
510080,MT,Apiacás,8693.0,4.0,4.601403428045554,32.0,36.81122742436443,64.9531128559358,74.21373822865418,35.0468871440642,25.78626177134582,30.41657445770501,Prioridade moderada
220310,PI,Cristino Castro,10801.0,9.0,8.332561799833348,21.0,19.44264419961115,100.0,39.197587477014594,0.0,60.802412522985406,30.401206261492703,Prioridade moderada
351080,SP,Casa Branca,28779.0,8.0,2.77980471871851,234.0,81.30928802251643,39.23954342101184,100.0,60.76045657898816,0.0,30.38022828949408,Prioridade moderada
500290,MS,Cassilândia,21565.0,15.0,6.9557152793878965,44.0,20.403431486204497,98.18642651112623,41.13459477532227,1.8135734888737716,58.86540522467773,30.33948935677575,Prioridade moderada
430050,RS,Alpestre,7235.0,4.0,5.528680027643401,22.0,30.407740152038702,78.04248929601243,61.30390714096924,21.957510703987566,38.69609285903076,30.326801781509165,Prioridade moderada
421340,SC,Ponte Serrada,10732.0,3.0,2.795378307864331,90.0,83.86134923592994,39.45937919702641,100.0,60.54062080297359,0.0,30.270310401486796,Prioridade moderada
315680,MG,Sabinópolis,14309.0,7.0,4.892025997623874,50.0,34.94304284017052,69.05552223070357,70.44736119113088,30.944477769296427,29.55263880886912,30.248558289082773,Prioridade moderada
292525,BA,Ponto Novo,18763.0,14.0,7.4614933646005435,37.0,19.719661035015722,100.0,39.75607075361509,0.0,60.24392924638491,30.121964623192454,Prioridade moderada
521630,GO,Paranaiguara,7356.0,3.0,4.078303425774878,30.0,40.783034257748774,57.56906709386725,82.22114937062739,42.43093290613275,17.778850629372613,30.104891767752683,Prioridade moderada
521925,GO,Santa Fé de Goiás,5047.0,2.0,3.9627501486031305,21.0,41.60887656033287,55.9379245152219,83.8860991359688,44.0620754847781,16.113900864031194,30.087988174404646,Prioridade moderada
251340,PB,Santa Luzia,15418.0,7.0,4.540147879102348,58.0,37.61836814113374,64.08843349326355,75.84098442659973,35.91156650673645,24.159015573400268,30.03529104006836,Prioridade moderada
292980,BA,Saúde,10661.0,5.0,4.689991558015196,39.0,36.58193415251853,66.20361716263132,73.75146864285111,33.79638283736868,26.24853135714889,30.022457097258787,Prioridade moderada
211170,MA,São Vicente Ferrer,19865.0,11.0,5.537377296753084,61.0,30.70727410017619,78.16525938362886,61.90778632601802,21.834740616371136,38.09221367398198,29.963477145176558,Baixa prioridade
312080,MG,Cruzília,15831.0,7.0,4.421704251152802,61.0,38.53199418861727,62.41649091018492,77.68291171539057,37.58350908981508,22.317088284609426,29.950298687212253,Baixa prioridade
220100,PI,Arraial,4517.0,4.0,8.855435023245517,9.0,19.924728802302415,100.0,40.16950020613251,0.0,59.83049979386749,29.915249896933744,Baixa prioridade
410305,PR,Boa Vista da Aparecida,8023.0,6.0,7.478499314470896,16.0,19.942664838589057,100.0,40.20566037776959,0.0,59.79433962223041,29.897169811115205,Baixa prioridade
120038,AC,Plácido de Castro,17107.0,8.0,4.67644823756357,63.0,36.827029870813114,66.012440528047,74.24559694965241,33.987559471953006,25.75440305034759,29.8709812611503,Baixa prioridade
330160,RJ,Duas Barras,11355.0,7.0,6.164685160722149,30.0,26.42007926023778,87.02029657412041,53.26453322504052,12.979703425879592,46.73546677495948,29.857585100419534,Baixa prioridade
293310,BA,Várzea do Poço,8334.0,4.0,4.799616030717543,30.0,35.99712023038157,67.75106912126829,72.57244717666607,32.24893087873171,27.427552823333926,29.83824185103282,Baixa prioridade
412850,PR,Wenceslau Braz,19398.0,12.0,6.186204763377668,51.0,26.29137024435509,87.32406589184193,53.005047794080305,12.675934108158074,46.994952205919695,29.835443157038885,Baixa prioridade
520080,GO,Alvorada do Norte,8619.0,4.0,4.640909618285184,32.0,37.12727694628147,65.51077967938855,74.85091384402956,34.48922032061145,25.149086155970437,29.819153238290944,Baixa prioridade
410045,PR,Altamira do Paraná,3496.0,1.0,2.860411899313501,19.0,54.34782608695652,40.37738916308995,100.0,59.62261083691005,0.0,29.811305418455024,Baixa prioridade
250020,PB,Aguiar,5026.0,3.0,5.9689614007162755,14.0,27.855153203342617,84.25747265071377,56.157732104952196,15.742527349286235,43.842267895047804,29.79239762216702,Baixa prioridade
260180,PE,Betânia,11961.0,12.0,10.032605969400551,24.0,20.065211938801102,100.0,40.452723001109284,0.0,59.547276998890716,29.773638499445358,Baixa prioridade
220400,PI,Francinópolis,4481.0,4.0,8.926578888640929,9.0,20.08480249944209,100.0,40.4922187973891,0.0,59.5077812026109,29.75389060130545,Baixa prioridade
260030,PE,Agrestina,24680.0,14.0,5.672609400324149,74.0,29.983792544570502,80.07418700155084,60.44920223258347,19.92581299844916,39.55079776741653,29.738305382932847,Baixa prioridade
170730,TO,Dueré,4304.0,2.0,4.646840148698884,16.0,37.174721189591075,65.5944946627149,74.94656440772431,34.405505337285106,25.05343559227569,29.7294704647804,Baixa prioridade
410930,PR,Guaraniaçu,13770.0,7.0,5.083514887436456,47.0,34.13217138707335,71.75856700066356,68.8125935952693,28.24143299933644,31.187406404730694,29.714419702033567,Baixa prioridade
221050,PI,São Pedro do Piauí,14055.0,8.0,5.691924581999289,42.0,29.882604055496262,80.34683885544645,60.245199905974324,19.65316114455355,39.754800094025676,29.703980619289613,Baixa prioridade
241150,RN,Santo Antônio,22793.0,16.0,7.019699030404072,47.0,20.62036590181196,99.08961699761329,41.57194813349969,0.910383002386709,58.42805186650031,29.66921743444351,Baixa prioridade
240490,RN,Itaú,5447.0,3.0,5.507618872774004,17.0,31.209840279052692,77.74519139755598,62.92099119451501,22.254808602444015,37.07900880548499,29.666908703964502,Baixa prioridade
211090,MA,São Francisco do Maranhão,12360.0,12.0,9.70873786407767,25.0,20.226537216828476,100.0,40.77796485776261,0.0,59.22203514223739,29.611017571118694,Baixa prioridade
220490,PI,Isaías Coelho,7867.0,5.0,6.355662895640015,20.0,25.42265158256006,89.71612591468315,51.25365660525699,10.283874085316853,48.74634339474301,29.51510874002993,Baixa prioridade
291280,BA,Ibirapuã,9297.0,6.0,6.453694740238786,23.0,24.73916317091535,91.09993708561632,49.875701192921404,8.900062914383682,50.124298807078596,29.51218086073114,Baixa prioridade
521295,GO,Matrinchã,4004.0,2.0,4.995004995004995,14.0,34.96503496503497,70.50916708999124,70.49169869118126,29.490832910008763,29.508301308818744,29.499567109413753,Baixa prioridade
261510,PE,Terezinha,6853.0,7.0,10.21450459652707,14.0,20.42900919305414,100.0,41.18616103304972,0.0,58.81383896695028,29.40691948347514,Baixa prioridade
522160,GO,Uruaçu,44533.0,13.0,2.9191835268228057,392.0,88.02461096265691,41.207005651631654,100.0,58.792994348368346,0.0,29.396497174184173,Baixa prioridade
315490,MG,Rio Casca,12851.0,7.0,5.447046922418489,41.0,31.904131974165438,76.89016166828554,64.32072670241938,23.109838331714457,35.67927329758062,29.39455581464754,Baixa prioridade
411605,PR,Missal,11423.0,6.0,5.252560623303861,38.0,33.26621728092445,74.14480566269587,67.06677592364159,25.855194337304127,32.933224076358414,29.39420920683127,Baixa prioridade
411350,PR,Loanda,23966.0,7.0,2.9208044730034217,162.0,67.59576066093634,41.22988682296326,100.0,58.77011317703674,0.0,29.38505658851837,Baixa prioridade
430800,RS,Faxinal do Soturno,6846.0,2.0,2.9214139643587496,79.0,115.39585159217062,41.238490363471364,100.0,58.761509636528636,0.0,29.380754818264318,Baixa prioridade
211030,MA,Santo Antônio dos Lopes,14628.0,12.0,8.203445447087777,30.0,20.50861361771944,100.0,41.34664853502427,0.0,58.65335146497573,29.326675732487864,Baixa prioridade
420720,SC,Imaruí,12150.0,13.0,10.699588477366255,25.0,20.5761316872428,100.0,41.48276918863753,0.0,58.51723081136247,29.258615405681233,Baixa prioridade
210960,MA,Rosário,39761.0,20.0,5.03005457609215,139.0,34.95887930384045,71.00392470720679,70.47928849297602,28.996075292793208,29.520711507023975,29.25839339990859,Baixa prioridade
240970,RN,Pedro Avelino,6312.0,6.0,9.505703422053232,13.0,20.595690747782005,100.0,41.5222014787408,0.0,58.4777985212592,29.2388992606296,Baixa prioridade
210110,MA,Axixá,12091.0,12.0,9.924737407989413,25.0,20.67653626664461,100.0,41.68519110428798,0.0,58.31480889571202,29.15740444785601,Baixa prioridade
220590,PI,Manoel Emídio,5315.0,4.0,7.525870178739416,11.0,20.696142991533396,100.0,41.72471948870295,0.0,58.27528051129705,29.137640255648524,Baixa prioridade
260010,PE,Afogados da Ingazeira,42672.0,22.0,5.155605549306337,146.0,34.214473190851145,72.77619411585054,68.97851918234356,27.223805884149456,31.02148081765644,29.122643350902948,Baixa prioridade
260860,PE,Lagoa do Ouro,12367.0,6.0,4.851621250101076,45.0,36.38715937575807,68.48517143082194,73.35879050339635,31.514828569178064,26.64120949660365,29.078019032890857,Baixa prioridade
231370,CE,Umari,6963.0,4.0,5.7446502944133275,21.0,30.15941404566997,81.09111159796781,60.80326616964449,18.90888840203219,39.19673383035551,29.05281111619385,Baixa prioridade
270170,AL,Capela,15051.0,8.0,5.315261444422297,50.0,33.22038402763936,75.02988639381434,66.97437321665618,24.970113606185663,33.025626783343824,28.997870194764744,Baixa prioridade
432026,RS,Segredo,6098.0,3.0,4.919645785503444,22.0,36.077402427025255,69.44540136806944,72.73430110936576,30.55459863193056,27.26569889063424,28.9101487612824,Baixa prioridade
420500,SC,Dionísio Cerqueira,15316.0,9.0,5.876207887176808,45.0,29.38103943588404,82.9481700592493,59.23401424363428,17.051829940750693,40.76598575636572,28.908907848558208,Baixa prioridade
510130,MT,Arenápolis,10769.0,5.0,4.6429566347850315,41.0,38.07224440523726,65.53967523175898,76.75602737977448,34.46032476824102,23.24397262022552,28.85214869423327,Baixa prioridade
250260,PB,Igaracy,5719.0,7.0,12.239902080783352,12.0,20.982689281342893,100.0,42.30241474176151,0.0,57.69758525823849,28.848792629119245,Baixa prioridade
353260,SP,Nhandeara,9915.0,5.0,5.0428643469490675,35.0,35.300050428643466,71.18474660320851,71.16711083194394,28.81525339679149,28.832889168056056,28.824071282423773,Baixa prioridade
521580,GO,Palmelo,2266.0,1.0,4.41306266548985,9.0,39.717563989408646,62.29450684649712,80.0730946297884,37.70549315350288,19.9269053702116,28.81619926185724,Baixa prioridade
431610,RS,Ronda Alta,9969.0,3.0,3.009328919650918,83.0,83.25810011034206,42.479492180006766,100.0,57.520507819993234,0.0,28.760253909996617,Baixa prioridade
241355,RN,Serrinha dos Pintos,4810.0,3.0,6.237006237006238,13.0,27.027027027027028,88.04117620425936,54.4881779072374,11.958823795740642,45.5118220927626,28.73532294425162,Baixa prioridade
230900,CE,Mucambo,13999.0,7.0,5.0003571683691685,50.0,35.71683691692264,70.58471802265429,72.00737847588341,29.415281977345714,27.992621524116586,28.70395175073115,Baixa prioridade
351670,SP,Garça,43081.0,13.0,3.017571551263898,225.0,52.22719992572132,42.59584463415686,100.0,57.40415536584314,0.0,28.70207768292157,Baixa prioridade
330440,RJ,Rio Claro,17951.0,12.0,6.6848643529608385,43.0,23.954097264776337,94.36311237089576,48.29295919470486,5.636887629104237,51.70704080529514,28.671964217199687,Baixa prioridade
251490,PB,São Mamede,7629.0,4.0,5.243151133831433,26.0,34.08048236990431,74.0119819185542,68.7083853018251,25.9880180814458,31.291614698174897,28.63981638981035,Baixa prioridade
231123,CE,Potiretama,6128.0,5.0,8.159268929503916,13.0,21.214099216710185,100.0,42.76895165368993,0.0,57.23104834631007,28.615524173155034,Baixa prioridade
431620,RS,Rondinha,5078.0,2.0,3.9385584875935407,22.0,43.32414336352895,55.596436594786326,87.34418435701308,44.403563405213674,12.655815642986923,28.5296895241003,Baixa prioridade
317170,MG,Virgínia,9164.0,4.0,4.364906154517678,37.0,40.37538192928852,61.61473265567983,81.39929676452205,38.38526734432017,18.60070323547795,28.49298528989906,Baixa prioridade
410975,PR,Ibema,6343.0,2.0,3.1530821377896894,31.0,48.87277313574019,44.508703299436384,98.53056922528977,55.491296700563616,1.4694307747102329,28.480363737636925,Baixa prioridade
330615,RJ,Varre-Sai,10563.0,7.0,6.626905235255136,26.0,24.614219445233363,93.54496521813286,49.62380682264734,6.455034781867141,50.37619317735266,28.4156139796099,Baixa prioridade
211285,MA,Vila Nova dos Martírios,10561.0,6.0,5.681280181800966,33.0,31.247040999905312,80.19658319145677,62.99599017587053,19.803416808543233,37.00400982412947,28.40371331633635,Baixa prioridade
431510,RS,Porto Xavier,10127.0,5.0,4.937296336526119,37.0,36.53599289029327,69.69455540345734,73.65884818308284,30.305444596542657,26.34115181691716,28.32329820672991,Baixa prioridade
260300,PE,Cabrobó,31762.0,21.0,6.611674327813111,79.0,24.8724891379636,93.32996671486092,50.14449468637204,6.670033285139084,49.85550531362796,28.26276929938352,Baixa prioridade
220050,PI,Amarante,17594.0,13.0,7.388882573604638,38.0,21.598272138228943,100.0,43.54346830599965,0.0,56.45653169400035,28.228265847000173,Baixa prioridade
312690,MG,Frei Inocêncio,8301.0,6.0,7.228044813877847,18.0,21.68413444163354,100.0,43.716572083146744,0.0,56.283427916853256,28.141713958426628,Baixa prioridade
520540,GO,Ceres,22570.0,7.0,3.1014621178555606,132.0,58.48471422241914,43.7800384403694,100.0,56.2199615596306,0.0,28.1099807798153,Baixa prioridade
220300,PI,Cristalândia do Piauí,7431.0,4.0,5.382855604898399,25.0,33.642847530614986,75.98404118646884,67.82608607750583,24.015958813531157,32.173913922494165,28.09493636801266,Baixa prioridade
210010,MA,Afonso Cunha,6303.0,3.0,4.75963826749167,24.0,38.07710613993336,67.18674560407543,76.76582894118167,32.813254395924574,23.234171058818333,28.023712727371453,Baixa prioridade
430430,RS,Cândido Godói,6419.0,2.0,3.1157501168406294,32.0,49.85200186945007,43.98172690891493,100.0,56.01827309108507,0.0,28.009136545542535,Baixa prioridade
210594,MA,Lago dos Rodrigues,8962.0,6.0,6.694934166480696,22.0,24.54809194376255,94.5052572065359,49.49048964125333,5.494742793464098,50.50951035874667,28.002126576105383,Baixa prioridade
521810,GO,Portelândia,3191.0,1.0,3.1338138514572234,17.0,53.2748354747728,44.23671341716154,100.0,55.76328658283846,0.0,27.88164329141923,Baixa prioridade
230360,CE,Catarina,9110.0,8.0,8.781558726673984,20.0,21.953896816684964,100.0,44.26042991367253,0.0,55.73957008632747,27.869785043163734,Baixa prioridade
291905,BA,Lajedo do Tabocal,7683.0,4.0,5.206299622543278,27.0,35.14252245216712,73.49178837129377,70.84952457286238,26.508211628706235,29.15047542713762,27.829343527921928,Baixa prioridade
521170,GO,Jandaia,6365.0,5.0,7.855459544383347,14.0,21.99528672427337,100.0,44.34387455765746,0.0,55.65612544234254,27.82806272117127,Baixa prioridade
220510,PI,Itaueira,10477.0,7.0,6.681301899398683,26.0,24.81626419776654,94.31282500707621,50.03114168823364,5.6871749929237865,49.96885831176636,27.828016652345074,Baixa prioridade
352044,SP,Ilha Solteira,26257.0,16.0,6.0936131317363,76.0,28.94466237574742,86.01704841476939,58.354250780801905,13.982951585230609,41.645749219198095,27.81435040221435,Baixa prioridade
221140,PI,Várzea Grande,4520.0,5.0,11.061946902654867,10.0,22.123893805309734,100.0,44.603154481588135,0.0,55.396845518411865,27.698422759205933,Baixa prioridade
292570,BA,Presidente Jânio Quadros,12963.0,8.0,6.171410938825889,37.0,28.542775592069738,87.11523722234821,57.54402187380082,12.884762777651787,42.45597812619918,27.670370451925482,Baixa prioridade
430645,RS,Dois Lajeados,3156.0,1.0,3.168567807351077,35.0,110.89987325728771,44.72729800828976,100.0,55.27270199171024,0.0,27.63635099585512,Baixa prioridade
210193,MA,Bernardo do Mearim,5989.0,4.0,6.6789113374519955,15.0,25.04591751544498,94.27907998942227,50.4941371489677,5.7209200105777285,49.5058628510323,27.613391430805013,Baixa prioridade
520960,GO,Heitoraí,3342.0,2.0,5.9844404548174746,10.0,29.922202274087372,84.47597397615947,60.325032392812204,15.524026023840534,39.674967607187796,27.599496815514165,Baixa prioridade
510680,MT,Porto dos Gaúchos,5705.0,3.0,5.258545135845749,20.0,35.056967572305,74.22928265424844,70.67704058081627,25.770717345751564,29.322959419183732,27.546838382467648,Baixa prioridade
230190,CE,Barbalha,81441.0,26.0,3.1924951805601602,493.0,60.53462015446765,45.065055259245646,100.0,54.934944740754354,0.0,27.467472370377177,Baixa prioridade
293340,BA,Wagner,9866.0,4.0,4.054327995134806,43.0,43.584025947699175,57.23063146732718,87.86812391081969,42.76936853267282,12.13187608918031,27.450622310926565,Baixa prioridade
521565,GO,Palestina de Goiás,3113.0,1.0,3.2123353678124,19.0,61.034371988435595,45.34511805787423,100.0,54.65488194212577,0.0,27.327440971062885,Baixa prioridade
430030,RS,Alecrim,6219.0,2.0,3.215951117543013,32.0,51.45521788068821,45.396157746956895,100.0,54.603842253043105,0.0,27.301921126521552,Baixa prioridade
431300,RS,Nova Bréscia,3104.0,1.0,3.2216494845360826,22.0,70.87628865979381,45.47659552646987,100.0,54.52340447353013,0.0,27.261702236765064,Baixa prioridade
292520,BA,Pojuca,33573.0,15.0,4.467875971763023,138.0,41.10445894021982,63.06824792876529,82.86916164607099,36.93175207123471,17.130838353929008,27.03129521258186,Baixa prioridade
430120,RS,Arroio do Tigre,12291.0,4.0,3.2544137987145065,61.0,49.62981043039622,45.93909446396957,100.0,54.06090553603043,0.0,27.030452768015216,Baixa prioridade
290480,BA,Caatiba,6128.0,6.0,9.791122715404699,14.0,22.84595300261097,100.0,46.058871011666085,0.0,53.941128988333915,26.970564494166958,Baixa prioridade
411030,PR,Inajá,2481.0,1.0,4.030632809351069,11.0,44.336960902861755,56.89615175903365,89.38608790103034,43.10384824096635,10.613912098969664,26.858880169968007,Baixa prioridade
410775,PR,Figueira,8129.0,4.0,4.920654447041456,31.0,38.13507196457129,69.45963956903061,76.88269167130188,30.540360430969386,23.117308328698115,26.82883437983375,Baixa prioridade
412400,PR,Santana do Itararé,5646.0,3.0,5.313496280552603,20.0,35.423308537017355,75.0049694549216,71.41560689223463,24.995030545078393,28.584393107765365,26.78971182642188,Baixa prioridade
421260,SC,Peritiba,3040.0,1.0,3.289473684210526,27.0,88.8157894736842,46.433997537553445,100.0,53.566002462446555,0.0,26.783001231223277,Baixa prioridade
170255,TO,Augustinópolis,18237.0,6.0,3.290014805066623,95.0,52.091901080221525,46.441635964521296,100.0,53.558364035478704,0.0,26.779182017739352,Baixa prioridade
520480,GO,Campo Alegre de Goiás,7807.0,6.0,7.685410529012425,18.0,23.056231587037274,100.0,46.48280579764328,0.0,53.51719420235672,26.75859710117836,Baixa prioridade
320313,ES,João Neiva,14295.0,12.0,8.394543546694647,33.0,23.08499475341028,100.0,46.54079414112407,0.0,53.45920585887593,26.729602929437966,Baixa prioridade
293220,BA,Ubaitaba,17878.0,9.0,5.034120147667524,67.0,37.47622776596935,71.06131405232478,75.55442053475865,28.938685947675225,24.44557946524135,26.69213270645829,Baixa prioridade
240010,RN,Acari,10855.0,6.0,5.527406725011516,37.0,34.08567480423768,78.02451543850529,68.71885357439704,21.97548456149471,31.281146425602955,26.628315493548833,Baixa prioridade
220140,PI,Barro Duro,6731.0,4.0,5.942653394740752,21.0,31.198930322388946,83.88611054176943,62.8989960391078,16.113889458230574,37.1010039608922,26.607446709561387,Baixa prioridade
420530,SC,Faxinal dos Guedes,11537.0,7.0,6.067435208459739,35.0,30.337176042298694,85.64752254478091,61.161645479650204,14.352477455219088,38.838354520349796,26.595415987784442,Baixa prioridade
355440,SP,Terra Roxa,7965.0,4.0,5.021971123666039,30.0,37.66478342749529,70.8898192161519,75.9345605486924,29.110180783848094,24.065439451307597,26.587810117577845,Baixa prioridade
430064,RS,Ametista do Sul,7826.0,4.0,5.111167901865576,29.0,37.05596728852543,72.1489151618515,74.7071491112519,27.851084838148495,25.292850888748106,26.5719678634483,Baixa prioridade
520520,GO,Caturaí,5352.0,3.0,5.605381165919282,18.0,33.6322869955157,79.1251975976247,67.80479537784026,20.874802402375295,32.195204622159736,26.535003512267515,Baixa prioridade
521920,GO,Santa Cruz de Goiás,3004.0,1.0,3.3288948069241013,16.0,53.26231691078562,46.99046355331641,100.0,53.00953644668359,0.0,26.504768223341795,Baixa prioridade
290560,BA,Camacan,22485.0,14.0,6.226373137647321,66.0,29.352901934623084,87.891080062187,59.177287280175115,12.108919937812999,40.822712719824885,26.465816328818942,Baixa prioridade
220390,PI,Floriano,64393.0,27.0,4.193002344975386,281.0,43.63828366437346,59.18814961070904,87.97751086322229,40.81185038929096,12.022489136777708,26.417169763034334,Baixa prioridade
210515,MA,Igarapé do Meio,14383.0,9.0,6.257387193214211,42.0,29.201140234999652,88.32887246245306,58.87132619609742,11.671127537546937,41.12867380390258,26.399900670724758,Baixa prioridade
314290,MG,Monte Azul,20497.0,16.0,7.806020393228277,48.0,23.41806117968483,100.0,47.21227690064576,0.0,52.78772309935424,26.39386154967712,Baixa prioridade
241105,RN,Tibau,5748.0,4.0,6.958942240779402,14.0,24.35629784272791,98.23197808918754,49.10382073060017,1.7680219108124646,50.89617926939983,26.332100590106148,Baixa prioridade
421590,SC,São Bonifácio,2982.0,1.0,3.35345405767941,27.0,90.54325955734407,47.33714034680164,100.0,52.66285965319836,0.0,26.33142982659918,Baixa prioridade
150835,PA,Vitória do Xingu,16552.0,11.0,6.645722571290479,44.0,26.582890285161916,93.8105895152119,53.59277044041958,6.189410484788098,46.40722955958042,26.29832002218426,Baixa prioridade
315170,MG,Poço Fundo,16824.0,7.0,4.160722776985259,74.0,43.98478364241559,58.73249331901672,88.67607650381359,41.26750668098328,11.32392349618641,26.295715088584846,Baixa prioridade
240930,RN,Patu,11215.0,6.0,5.349977708426215,40.0,35.666518056174766,75.51993892866471,71.90593250353218,24.480061071335285,28.094067496467815,26.28706428390155,Baixa prioridade
291690,BA,Itiruçu,11211.0,7.0,6.2438676300062435,33.0,29.435375970029437,88.13803118358196,59.34356009699123,11.861968816418042,40.65643990300877,26.259204359713404,Baixa prioridade
411550,PR,Marumbi,4780.0,2.0,4.184100418410042,21.0,43.93305439330544,59.06249059169978,88.57178710025828,40.93750940830022,11.428212899741723,26.182861154020973,Baixa prioridade
431460,RS,Piratini,17770.0,6.0,3.376477208778841,94.0,52.89814293753518,47.66213365700478,100.0,52.33786634299522,0.0,26.16893317149761,Baixa prioridade
312120,MG,Delfinópolis,8851.0,8.0,9.038526720144617,21.0,23.726132640379618,100.0,47.83336824530952,0.0,52.16663175469048,26.08331587734524,Baixa prioridade
220740,PI,Palmeira do Piauí,5047.0,4.0,7.925500297206261,12.0,23.77650089161878,100.0,47.934913791982176,0.0,52.065086208017824,26.032543104008912,Baixa prioridade
521290,GO,Marzagão,2942.0,1.0,3.399048266485384,24.0,81.57715839564922,47.98074524614632,100.0,52.01925475385368,0.0,26.00962737692684,Baixa prioridade
292940,BA,São Miguel das Matas,10615.0,7.0,6.594441827602449,29.0,27.31983042863872,93.08671385766719,55.07848788927531,6.913286142332808,44.92151211072469,25.91739912652875,Baixa prioridade
521390,GO,Mossâmedes,4626.0,2.0,4.323389537397319,20.0,43.2338953739732,61.028686776551,87.16223876211777,38.971313223449,12.837761237882233,25.904537230665618,Baixa prioridade
221070,PI,Simões,14664.0,8.0,5.455537370430987,52.0,35.46099290780142,77.01001228268547,71.49158094212,22.989987717314534,28.508419057880005,25.74920338759727,Baixa prioridade
251335,PB,Santa Inês,3256.0,2.0,6.142506142506142,10.0,30.71253071253071,86.70721898904328,61.91838398549704,13.292781010956716,38.08161601450296,25.68719851272984,Baixa prioridade
420490,SC,Descanso,8652.0,3.0,3.4674063800277395,58.0,67.03652334720296,48.945683950819166,100.0,51.054316049180834,0.0,25.527158024590417,Baixa prioridade
431980,RS,São Vicente do Sul,8257.0,5.0,6.055468087683178,26.0,31.488434055952524,85.47859544275312,63.482653683859006,14.521404557246882,36.517346316140994,25.519375436693938,Baixa prioridade
220060,PI,Angical do Piauí,6991.0,9.0,12.873694750393362,17.0,24.31697897296524,100.0,49.0245514284828,0.0,50.9754485715172,25.4877242857586,Baixa prioridade
171700,TO,Pindorama do Tocantins,4599.0,2.0,4.348771472059143,20.0,43.48771472059143,61.38697652279298,87.67395444956658,38.61302347720702,12.32604555043342,25.46953451382022,Baixa prioridade
251660,PB,Tavares,14473.0,9.0,6.218475782491535,44.0,30.401437158847507,87.77960150815049,61.29119991223829,12.220398491849508,38.70880008776171,25.46459928980561,Baixa prioridade
240725,RN,Major Sales,4086.0,4.0,9.789525208027412,10.0,24.473813020068526,100.0,49.34073868252041,0.0,50.65926131747959,25.329630658739795,Baixa prioridade
316840,MG,Tarumirim,15104.0,9.0,5.958686440677966,49.0,32.44173728813559,84.11243198010212,65.40457266010421,15.887568019897884,34.59542733989579,25.24149767989684,Baixa prioridade
430755,RS,Estação,5685.0,2.0,3.5180299032541775,46.0,80.91468777484609,49.66028232688214,100.0,50.33971767311786,0.0,25.16985883655893,Baixa prioridade
520410,GO,Cachoeira Alta,11854.0,6.0,5.061582588155897,46.0,38.805466509195206,71.44897208410451,78.23424902827573,28.55102791589549,21.765750971724273,25.15838944380988,Baixa prioridade
316280,MG,São João Evangelista,15613.0,10.0,6.404918977774932,46.0,29.462627297764683,90.41142158083807,59.39850047916355,9.588578419161934,40.60149952083645,25.09503896999919,Baixa prioridade
521950,GO,Santa Rosa de Goiás,2828.0,1.0,3.536067892503536,16.0,56.57708628005658,49.914905415191825,100.0,50.085094584808175,0.0,25.042547292404088,Baixa prioridade
171320,TO,Miracema do Tocantins,18679.0,8.0,4.2828845227260555,83.0,44.43492692328284,60.45692061209378,89.58359352916435,39.54307938790622,10.416406470835653,24.979742929370936,Baixa prioridade
510628,MT,Novo São Joaquim,7239.0,3.0,4.144218814753419,33.0,45.586406962287604,58.49952445676024,91.90504935037555,41.50047554323976,8.094950649624451,24.797713096432105,Baixa prioridade
520393,GO,Buriti de Goiás,2800.0,1.0,3.5714285714285716,14.0,50.0,50.41405446934375,100.0,49.58594553065625,0.0,24.792972765328123,Baixa prioridade
520340,GO,Bom Jardim de Goiás,7775.0,5.0,6.430868167202573,23.0,29.581993569131832,90.77771865862539,59.63915035248749,9.222281341374611,40.36084964751251,24.79156549444356,Baixa prioridade
293110,BA,Tanquinho,7991.0,6.0,7.5084470028782375,20.0,25.028156676260792,100.0,50.45833018565345,0.0,49.54166981434655,24.770834907173274,Baixa prioridade
292270,BA,Nova Canaã,13970.0,10.0,7.158196134574087,35.0,25.053686471009307,100.0,50.50979984958657,0.0,49.49020015041343,24.745100075206715,Baixa prioridade
160023,AP,Ferreira Gomes,7184.0,7.0,9.743875278396438,18.0,25.055679287305125,100.0,50.51381749195449,0.0,49.48618250804551,24.743091254022755,Baixa prioridade
431910,RS,São Martinho,5587.0,2.0,3.579738679076428,39.0,69.80490424199033,50.531359410833176,100.0,49.468640589166824,0.0,24.734320294583412,Baixa prioridade
410090,PR,Amaporã,4688.0,3.0,6.399317406143345,14.0,29.863481228668945,90.33235015838042,60.20664709033484,9.667649841619578,39.79335290966516,24.73050137564237,Baixa prioridade
220430,PI,Fronteiras,10344.0,11.0,10.634184068058778,26.0,25.135344160866204,100.0,50.67442686268598,0.0,49.32557313731402,24.66278656865701,Baixa prioridade
317160,MG,Virgem da Lapa,11774.0,7.0,5.945303210463734,39.0,33.123832172583654,83.92351516894321,66.77971863440084,16.07648483105679,33.22028136559916,24.648383098327976,Baixa prioridade
412265,PR,Rosário do Ivaí,5484.0,3.0,5.470459518599562,20.0,36.46973012399708,77.22065236004512,73.52525829933566,22.779347639954878,26.47474170066434,24.62704467030961,Baixa prioridade
420100,SC,Anita Garibaldi,8339.0,3.0,3.597553663508814,48.0,57.560858616141026,50.78283457758573,100.0,49.21716542241427,0.0,24.608582711207134,Baixa prioridade
171420,TO,Natividade,8956.0,6.0,6.699419383653416,25.0,27.914247431889233,94.56857024173458,56.27686976797074,5.431429758265423,43.72313023202926,24.577279995147343,Baixa prioridade
353700,SP,Pedregulho,15737.0,9.0,5.719006163817754,55.0,34.949482112219606,80.72912071090185,70.46034316656802,19.270879289098147,29.539656833431977,24.405268061265062,Baixa prioridade
312160,MG,Diamantina,49493.0,18.0,3.6368779423352797,283.0,57.17980320449357,51.337933551308765,100.0,48.662066448691235,0.0,24.331033224345617,Baixa prioridade
316530,MG,São Vicente de Minas,6928.0,4.0,5.773672055427252,24.0,34.64203233256351,81.50078089732244,69.84050516978466,18.499219102677557,30.159494830215337,24.329356966446447,Baixa prioridade
230720,CE,Jati,8114.0,4.0,4.929751047572097,33.0,40.6704461424698,69.58804659312914,81.99416468417162,30.411953406870865,18.005835315828378,24.20889436134962,Baixa prioridade
521160,GO,Ivolândia,2731.0,1.0,3.661662394727206,16.0,58.58659831563529,51.687789276515,100.0,48.312210723485,0.0,24.1561053617425,Baixa prioridade
291990,BA,Macururé,7435.0,5.0,6.724949562878279,21.0,28.244788164088767,94.92895259862978,56.94326057017277,5.0710474013702225,43.05673942982723,24.063893415598727,Baixa prioridade
220650,PI,Monsenhor Hipólito,7762.0,8.0,10.30662200463798,20.0,25.766555011594953,100.0,51.946987440551,0.0,48.053012559449,24.0265062797245,Baixa prioridade
110090,RO,Castanheiras,3450.0,2.0,5.797101449275362,12.0,34.78260869565217,81.83150870386231,70.12391591540117,18.168491296137688,29.87608408459883,24.02228769036826,Baixa prioridade
251670,PB,Teixeira,15129.0,14.0,9.253751074096106,39.0,25.77830656355344,100.0,51.970679304741594,0.0,48.029320695258406,24.014660347629203,Baixa prioridade
431780,RS,Santo Augusto,14196.0,7.0,4.930966469428008,58.0,40.85657931811778,69.60520340935034,82.36942081497004,30.394796590649662,17.63057918502996,24.01268788783981,Baixa prioridade
421790,SC,Tangará,8144.0,3.0,3.6836935166994107,48.0,58.93909626719057,51.9987791677907,100.0,48.0012208322093,0.0,24.00061041610465,Baixa prioridade
240910,RN,Passa e Fica,11407.0,8.0,7.013237485754361,30.0,26.299640571578855,98.99840625171385,53.02172129134173,1.0015937482861546,46.97827870865827,23.989936228472214,Baixa prioridade
431515,RS,Progresso,5423.0,2.0,3.687995574405311,50.0,92.19988936013277,52.05950673581504,100.0,47.94049326418496,0.0,23.97024663209248,Baixa prioridade
432020,RS,Seberi,12325.0,5.0,4.056795131845842,58.0,47.05882352941176,57.26545740939655,94.87353329730746,42.73454259060345,5.1264667026925395,23.930504646647996,Baixa prioridade
420127,SC,Arabutã,4505.0,2.0,4.439511653718092,20.0,44.39511653718091,62.667859051792455,89.50333329934668,37.332140948207545,10.496666700653321,23.914403824430433,Baixa prioridade
210520,MA,Igarapé Grande,10461.0,6.0,5.735589331803842,37.0,35.369467546123694,80.96320763645681,71.30706008508555,19.036792363543185,28.692939914914447,23.864866139228816,Baixa prioridade
110146,RO,Pimenteiras do Oeste,2309.0,2.0,8.661758336942398,6.0,25.9852750108272,100.0,52.38794064706238,0.0,47.61205935293762,23.80602967646881,Baixa prioridade
251630,PB,Sumé,17852.0,10.0,5.601613264620211,65.0,36.410486220031366,79.07201014685327,73.40581888130514,20.927989853146727,26.594181118694863,23.761085485920795,Baixa prioridade
171660,TO,Peixe,9384.0,6.0,6.3938618925831205,29.0,30.90366581415175,90.25534048220108,62.303724312090516,9.744659517798922,37.696275687909484,23.720467602854203,Baixa prioridade
260740,PE,Itacuruba,4491.0,3.0,6.680026720106881,13.0,28.946782453796484,94.29482465875917,58.358524990828755,5.705175341240832,41.641475009171245,23.67332517520604,Baixa prioridade
431380,RS,Palmitinho,8042.0,3.0,3.730415319572246,48.0,59.68664511315593,52.658301111973074,100.0,47.341698888026926,0.0,23.670849444013463,Baixa prioridade
431840,RS,São Jerônimo,21412.0,8.0,3.7362226788716604,169.0,78.92770409116383,52.74027741982532,100.0,47.25972258017468,0.0,23.62986129008734,Baixa prioridade
510337,MT,Cotriguaçu,10030.0,6.0,5.982053838484546,34.0,33.898305084745765,84.44228465453388,68.34110449382318,15.557715345466121,31.65889550617682,23.60830542582147,Baixa prioridade
241450,RN,Umarizal,10655.0,10.0,9.385265133740027,28.0,26.278742374472078,100.0,52.979589218111634,0.0,47.020410781888366,23.510205390944183,Baixa prioridade
521010,GO,Ipameri,26223.0,12.0,4.576135453609427,115.0,43.85463143042367,64.596431764861,88.41368149917825,35.403568235139005,11.586318500821747,23.494943367980376,Baixa prioridade
171575,TO,Palmeirópolis,7104.0,3.0,4.222972972972973,33.0,46.4527027027027,59.61121305496726,93.65155577806428,40.38878694503274,6.348444221935722,23.36861558348423,Baixa prioridade
292460,BA,Pindobaçu,19601.0,13.0,6.63231467782256,58.0,29.590327024131422,93.62132455916087,59.65595111929568,6.378675440839132,40.34404888070432,23.361362160771726,Baixa prioridade
352450,SP,Jaci,7944.0,3.0,3.7764350453172204,173.0,217.7744209466264,53.30791258087707,100.0,46.69208741912293,0.0,23.346043709561464,Baixa prioridade
150175,PA,Brejo Grande do Araguaia,6966.0,4.0,5.742176284811944,25.0,35.88860178007465,81.05618863862331,72.35366718948406,18.94381136137669,27.646332810515943,23.295072085946316,Baixa prioridade
521370,GO,Montes Claros de Goiás,9024.0,8.0,8.865248226950355,24.0,26.595744680851062,100.0,53.61868570659,0.0,46.38131429341,23.190657146705,Baixa prioridade
250480,PB,Coremas,14987.0,36.0,24.02081804230333,40.0,26.689797824781476,100.0,53.808302730840964,0.0,46.191697269159036,23.095848634579518,Baixa prioridade
231060,CE,Penaforte,9357.0,9.0,9.618467457518436,25.0,26.71796515977343,100.0,53.86508984096889,0.0,46.13491015903111,23.067455079515554,Baixa prioridade
431643,RS,Saldanha Marinho,2619.0,1.0,3.8182512409316534,14.0,53.45551737304314,53.89818729063096,100.0,46.10181270936904,0.0,23.05090635468452,Baixa prioridade
431450,RS,Pinheiro Machado,11395.0,5.0,4.3878894251864855,52.0,45.63405002193945,61.93916301630649,92.00110074025868,38.06083698369351,7.9988992597413215,23.029868121717417,Baixa prioridade
240840,RN,Olho d'Água do Borges,3736.0,4.0,10.706638115631693,10.0,26.766595289079227,100.0,53.963131225047746,0.0,46.036868774952254,23.018434387476127,Baixa prioridade
421160,SC,Nova Veneza,14004.0,8.0,5.712653527563553,51.0,36.41816623821765,80.63944730886175,73.42130227860395,19.360552691138253,26.578697721396054,22.969625206267153,Baixa prioridade
432030,RS,Selbach,5222.0,2.0,3.8299502106472616,33.0,63.19417847567982,54.06332918964476,100.0,45.93667081035524,0.0,22.96833540517762,Baixa prioridade
510775,MT,Salto do Céu,3657.0,2.0,5.468963631391851,14.0,38.28274541974296,77.19953651307765,77.18041059871199,22.800463486922354,22.819589401288013,22.810026444105183,Baixa prioridade
314150,MG,Mendes Pimentel,5614.0,3.0,5.3437833986462415,22.0,39.18774492340577,75.4325004528834,79.004946235289,24.567499547116597,20.995053764711002,22.7812766559138,Baixa prioridade
430845,RS,Fortaleza dos Valos,4569.0,2.0,4.377325454147516,21.0,45.961917268548916,61.79004268512256,92.66210162819755,38.20995731487744,7.337898371802453,22.773927843339948,Baixa prioridade
270230,AL,Coruripe,51784.0,20.0,3.8621968175498225,480.0,92.69272362119574,54.51852020475918,100.0,45.48147979524082,0.0,22.74073989762041,Baixa prioridade
170610,TO,Cristalândia,6392.0,3.0,4.693366708385482,28.0,43.80475594493116,66.25126056672207,88.31312939908939,33.74873943327793,11.68687060091061,22.71780501709427,Baixa prioridade
150658,PA,Santa Maria das Barreiras,17065.0,11.0,6.445941986522121,54.0,31.64371520656314,90.9904997161317,63.79571020138314,9.009500283868306,36.20428979861686,22.606895041242584,Baixa prioridade
210910,MA,Presidente Dutra,46606.0,21.0,4.505857614899369,211.0,45.273140797322235,63.60439434402034,91.27348515680436,36.39560565597966,8.726514843195645,22.56106024958765,Baixa prioridade
330620,RJ,Vassouras,35907.0,14.0,3.898961205336007,392.0,109.1709137494082,55.037483922306926,100.0,44.962516077693074,0.0,22.481258038846537,Baixa prioridade
290970,BA,Cristópolis,14549.0,6.0,4.123994776273284,70.0,48.11327238985497,58.2140432390525,96.99936819007826,41.7859567609475,3.0006318099217424,22.39329428543462,Baixa prioridade
421100,SC,Mondaí,10206.0,4.0,3.9192631785224377,54.0,52.910052910052904,55.32406526128257,100.0,44.67593473871743,0.0,22.337967369358715,Baixa prioridade
421875,SC,Tunápolis,5081.0,2.0,3.93623302499508,47.0,92.50147608738436,55.56361051531687,100.0,44.43638948468313,0.0,22.218194742341566,Baixa prioridade
313270,MG,Itambacuri,21210.0,12.0,5.657708628005658,80.0,37.71805752003772,79.86384866430691,76.04196445328746,20.136151335693086,23.958035546712537,22.04709344120281,Baixa prioridade
510500,MT,Jauru,7881.0,4.0,5.075498033244512,33.0,41.87285877426722,71.64540160597004,84.41830379994526,28.354598394029964,15.581696200054736,21.96814729704235,Baixa prioridade
150555,PA,Pau D'Arco,7354.0,5.0,6.799020940984499,22.0,29.915692140331792,95.97453937596036,60.31190755574006,4.0254606240396384,39.68809244425994,21.856776534149787,Baixa prioridade
521385,GO,Morro Agudo de Goiás,2505.0,1.0,3.992015968063872,19.0,75.84830339321357,56.35103892780937,100.0,43.64896107219063,0.0,21.824480536095315,Baixa prioridade
260795,PE,Jaqueira,10440.0,7.0,6.704980842911877,32.0,30.65134099616858,94.64707544053039,61.79502168790142,5.3529245594696135,38.20497831209858,21.778951435784098,Baixa prioridade
520380,GO,Britânia,5798.0,3.0,5.174197999310107,24.0,41.393583994480856,73.03864393626897,83.45205584964955,26.96135606373103,16.547944150350446,21.75465010704074,Baixa prioridade
420310,SC,Caibi,6441.0,4.0,6.2102158049992235,22.0,34.15618692749573,87.66300420069088,68.86101042771502,12.336995799309122,31.138989572284984,21.737992685797053,Baixa prioridade
330590,RJ,Trajano de Moraes,10654.0,6.0,5.631687629059508,41.0,38.483198798573305,79.49653792800589,77.58453715532113,20.503462071994107,22.41546284467887,21.45946245833649,Baixa prioridade
311330,MG,Carangola,32134.0,13.0,4.045559220763055,181.0,56.326632227547144,57.10685201606125,100.0,42.89314798393875,0.0,21.446573991969377,Baixa prioridade
231120,CE,Potengi,8854.0,6.0,6.77659814772984,27.0,30.494691664784277,95.6580206782217,61.47920683231326,4.341979321778297,38.52079316768674,21.43138624473252,Baixa prioridade
250920,PB,Massaranduba,14756.0,9.0,6.099213879100027,52.0,35.23990241257793,86.09610820191531,71.04584866733855,13.903891798084686,28.954151332661453,21.42902156537307,Baixa prioridade
230170,CE,Aurora,24244.0,12.0,4.949678270912391,105.0,43.309684870483416,69.86933798754123,87.31503513018367,30.13066201245877,12.684964869816326,21.40781344113755,Baixa prioridade
261530,PE,Timbaúba,47312.0,33.0,6.974974636455867,138.0,29.16807575245181,98.4582903484816,58.80466613002074,1.5417096515184028,41.19533386997926,21.36852176074883,Baixa prioridade
431447,RS,Pinhal Grande,3861.0,3.0,7.77000777000777,11.0,28.490028490028493,100.0,57.43768041503658,0.0,42.56231958496342,21.28115979248171,Baixa prioridade
210800,MA,Pastos Bons,19266.0,14.0,7.266687428630749,55.0,28.547700612477943,100.0,57.55395102316419,0.0,42.44604897683581,21.223024488417906,Baixa prioridade
210180,MA,Benedito Leite,5599.0,5.0,8.93016610108948,16.0,28.576531523486338,100.0,57.61207594406955,0.0,42.38792405593045,21.193962027965224,Baixa prioridade
420900,SC,Joaçaba,31809.0,13.0,4.086893646452261,241.0,75.76472067653809,57.69032609274457,100.0,42.30967390725543,0.0,21.154836953627715,Baixa prioridade
320290,ES,Itarana,10975.0,7.0,6.378132118451026,37.0,33.712984054669704,90.03330000903303,67.96748569932392,9.966699990966973,32.032514300676084,20.99960714582153,Baixa prioridade
260480,PE,Cortês,10426.0,8.0,7.673124880107424,30.0,28.774218300402836,100.0,58.01062485807933,0.0,41.98937514192067,20.994687570960334,Baixa prioridade
221090,PI,Socorro do Piauí,4165.0,4.0,9.603841536614647,12.0,28.811524609843936,100.0,58.08583671263723,0.0,41.91416328736277,20.957081643681384,Baixa prioridade
221170,PI,Wall Ferraz,4195.0,2.0,4.767580452920143,19.0,45.29201430274136,67.29885697933848,91.31153532488175,32.70114302066152,8.688464675118254,20.694803847889887,Baixa prioridade
260630,PE,Granito,7217.0,6.0,8.313703755022862,21.0,29.09796314258002,100.0,58.663314720692064,0.0,41.336685279307936,20.668342639653968,Baixa prioridade
220760,PI,Parnaguá,10282.0,7.0,6.808014005057381,32.0,31.122349737405173,96.101484886125,62.744604787170864,3.898515113875007,37.255395212829136,20.57695516335207,Baixa prioridade
171250,TO,Marianópolis do Tocantins,4793.0,2.0,4.1727519298977676,35.0,73.02315877321094,58.902296062659076,100.0,41.097703937340924,0.0,20.548851968670462,Baixa prioridade
170070,TO,Alvorada,9128.0,5.0,5.4776511831726555,37.0,40.53461875547765,77.3221694315088,81.7203281715688,22.677830568491203,18.279671828431205,20.478751198461204,Baixa prioridade
292790,BA,Santa Inês,10625.0,6.0,5.647058823529411,42.0,39.52941176470588,79.71351671387998,79.69376796973826,20.286483286120017,20.30623203026174,20.29635765819088,Baixa prioridade
310270,MG,Cachoeira de Pajeú,9347.0,6.0,6.4191719268214396,32.0,34.23558360971435,90.61261528672033,69.021079107916,9.387384713279673,30.978920892084005,20.18315280268184,Baixa prioridade
240670,RN,Lajes,10094.0,7.0,6.934812760055479,31.0,30.711313651674264,97.89136790163833,61.91593031464365,2.1086320983616673,38.08406968535635,20.096350891859007,Baixa prioridade
410330,PR,Borrazópolis,7818.0,5.0,6.3954975697109235,27.0,34.53568687643899,90.27842959462936,69.6261060748659,9.721570405370642,30.373893925134098,20.04773216525237,Baixa prioridade
311460,MG,Carrancas,4161.0,2.0,4.806536890170632,19.0,45.662100456621005,67.84876352519224,92.05765217204493,32.15123647480776,7.942347827955075,20.046792151381418,Baixa prioridade
240940,RN,Pau dos Ferros,32123.0,14.0,4.3582479843103075,157.0,48.87463810976559,61.520746356139675,98.53432912963984,38.479253643860325,1.4656708703601566,19.97246225711024,Baixa prioridade
314260,MG,Monsenhor Paulo,8565.0,4.0,4.670169293636894,40.0,46.70169293636894,65.92380736213074,94.1535356715836,34.076192637869255,5.846464328416403,19.96132848314283,Baixa prioridade
431260,RS,Muçum,4692.0,2.0,4.262574595055414,25.0,53.28218243819267,60.170226988134054,100.0,39.829773011865946,0.0,19.914886505932973,Baixa prioridade
240790,RN,Monte das Gameleiras,2345.0,1.0,4.264392324093817,13.0,55.437100213219615,60.195885933544766,100.0,39.804114066455234,0.0,19.902057033227617,Baixa prioridade
220010,PI,Agricolândia,5016.0,5.0,9.96810207336523,15.0,29.904306220095695,100.0,60.28895282798396,0.0,39.71104717201604,19.85552358600802,Baixa prioridade
210700,MA,Montes Altos,9306.0,6.0,6.447453255963894,32.0,34.386417365140765,91.0118326977192,69.32516939841939,8.9881673022808,30.67483060158061,19.831498951930705,Baixa prioridade
260545,PE,Fernando de Noronha,3341.0,3.0,8.979347500748279,10.0,29.9311583358276,100.0,60.343088373773845,0.0,39.656911626226155,19.828455813113077,Baixa prioridade
421890,SC,Urubici,11064.0,6.0,5.42299349240781,46.0,41.57628344179321,76.55062500768031,83.8203893692318,23.44937499231969,16.179610630768195,19.814492811543943,Baixa prioridade
241475,RN,Venha-Ver,3005.0,4.0,13.311148086522463,9.0,29.95008319467554,100.0,60.381242073577546,0.0,39.618757926422454,19.809378963211227,Baixa prioridade
250370,PB,Cajazeiras,66585.0,43.0,6.457910940902606,229.0,34.39213035969062,91.15945270119376,69.33668715296575,8.840547298806243,30.66331284703425,19.751930072920246,Baixa prioridade
520810,GO,Formoso,4662.0,2.0,4.29000429000429,25.0,53.625053625053624,60.55742278599848,100.0,39.44257721400152,0.0,19.72128860700076,Baixa prioridade
330015,RJ,Aperibé,11426.0,8.0,7.0015753544547525,35.0,30.63189217573954,98.83378436139505,61.75581164875935,1.1662156386049531,38.24418835124065,19.705201994922803,Baixa prioridade
431860,RS,São José do Ouro,6978.0,3.0,4.299226139294927,40.0,57.32301519059902,60.68759781348344,100.0,39.31240218651656,0.0,19.65620109325828,Baixa prioridade
251200,PB,Pocinhos,18038.0,10.0,5.54385186827808,74.0,41.02450382525779,78.25665401605637,82.70796713051114,21.743345983943627,17.292032869488864,19.517689426716245,Baixa prioridade
420760,SC,Ipira,4622.0,2.0,4.327131112072696,26.0,56.25270445694505,61.08150260240696,100.0,38.91849739759304,0.0,19.45924869879652,Baixa prioridade
220780,PI,Paulistana,21633.0,12.0,5.54708084870337,89.0,41.140849627883334,78.30223409466785,82.94252754982332,21.697765905332147,17.057472450176675,19.37761917775441,Baixa prioridade
251690,PB,Uiraúna,15431.0,17.0,11.016784395048928,47.0,30.458168621605857,100.0,61.40557409155974,0.0,38.59442590844026,19.29721295422013,Baixa prioridade
250440,PB,Conceição,18731.0,13.0,6.940366237787624,59.0,31.49858523303614,97.96976043372548,63.5031190921463,2.030239566274517,36.4968809078537,19.26356023706411,Baixa prioridade
315590,MG,Rio Preto,5235.0,4.0,7.640878701050621,16.0,30.563514804202484,100.0,61.61795858850915,0.0,38.38204141149085,19.191020705745427,Baixa prioridade
241000,RN,Pilões,2992.0,2.0,6.684491978609625,10.0,33.42245989304813,94.35785595866474,67.38177080774679,5.642144041335257,32.61822919225321,19.130186616794234,Baixa prioridade
240090,RN,Antônio Martins,6730.0,3.0,4.457652303120357,33.0,49.03417533432392,62.92393128417347,98.8559661585986,37.07606871582653,1.144033841401395,19.110051278613962,Baixa prioridade
210490,MA,Guimarães,10439.0,8.0,7.6635693074049245,32.0,30.654277229619698,100.0,61.8009413182959,0.0,38.1990586817041,19.09952934085205,Baixa prioridade
320480,ES,São José do Calçado,11411.0,5.0,4.3817369205152925,97.0,85.00569625799666,61.85231465873389,100.0,38.14768534126611,0.0,19.073842670633056,Baixa prioridade
520015,GO,Adelândia,2282.0,1.0,4.382120946538125,15.0,65.73181419807186,61.85773554520705,100.0,38.14226445479295,0.0,19.071132227396475,Baixa prioridade
430020,RS,Ajuricaba,6843.0,3.0,4.384042086804033,39.0,56.992547128452436,61.8848542368095,100.0,38.1151457631905,0.0,19.05757288159525,Baixa prioridade
210905,MA,Porto Rico do Maranhão,6092.0,3.0,4.924491135915955,28.0,45.961917268548916,69.51379802076286,92.66210162819755,30.486201979237137,7.337898371802453,18.912050175519795,Baixa prioridade
311570,MG,Central de Minas,6213.0,4.0,6.438113632705617,22.0,35.409624979880896,90.87999518053273,71.38801998469539,9.120004819467269,28.61198001530461,18.86599241738594,Baixa prioridade
351390,SP,Divinolândia,11305.0,5.0,4.422821760283061,186.0,164.52896948252985,62.43226559671052,100.0,37.56773440328948,0.0,18.78386720164474,Baixa prioridade
520160,GO,Araçu,3840.0,2.0,5.208333333333333,17.0,44.270833333333336,73.52049610112628,89.25277058242793,26.479503898873716,10.747229417572072,18.613366658222894,Baixa prioridade
500525,MS,Laguna Carapã,7037.0,5.0,7.105300554213443,22.0,31.26332243853915,100.0,63.02881457509058,0.0,36.97118542490942,18.48559271245471,Baixa prioridade
431630,RS,Roque Gonzales,6693.0,3.0,4.482294935006724,34.0,50.79934259674287,63.27178508030592,100.0,36.72821491969408,0.0,18.36410745984704,Baixa prioridade
270730,AL,Porto Calvo,24509.0,11.0,4.4881472112285286,148.0,60.38598066016566,63.35439543252631,100.0,36.64560456747369,0.0,18.322802283736845,Baixa prioridade
220850,PI,Porto,12323.0,7.0,5.680434959019719,51.0,41.386026130000815,80.18465208140366,83.43681872186723,19.815347918596345,16.563181278132774,18.18926459836456,Baixa prioridade
411910,PR,Piên,14409.0,8.0,5.552085502116733,61.0,42.33465195364008,78.37287945820667,85.34930774976391,21.62712054179333,14.65069225023609,18.13890639601471,Baixa prioridade
260340,PE,Calumbi,5354.0,4.0,7.4710496824803885,17.0,31.75196115054165,100.0,64.01394079875293,0.0,35.98605920124707,17.993029600623537,Baixa prioridade
432045,RS,Sério,2089.0,1.0,4.786979415988511,10.0,47.86979415988511,67.57269148595618,96.50850084096619,32.427308514043816,3.4914991590338076,17.95940383653881,Baixa prioridade
412430,PR,Santo Antônio do Paraíso,2088.0,1.0,4.7892720306513406,10.0,47.892720306513404,67.60505388609313,96.55472138734595,32.39494611390687,3.44527861265405,17.92011236328046,Baixa prioridade
411040,PR,Indianópolis,4544.0,3.0,6.602112676056338,16.0,35.2112676056338,93.19499505776572,70.98811910449942,6.805004942234277,29.011880895500582,17.90844291886743,Baixa prioridade
500640,MS,Pedro Gomes,6910.0,5.0,7.23589001447178,22.0,31.837916063675834,100.0,64.18723128291063,0.0,35.81276871708937,17.906384358544685,Baixa prioridade
421330,SC,Ponte Alta,4390.0,2.0,4.555808656036446,36.0,82.00455580865605,64.30950000645214,100.0,35.69049999354786,0.0,17.84524999677393,Baixa prioridade
312560,MG,Felisburgo,6575.0,3.0,4.562737642585551,50.0,76.04562737642586,64.40730913193725,100.0,35.592690868062746,0.0,17.796345434031373,Baixa prioridade
221030,PI,São Julião,6131.0,3.0,4.893165878323274,29.0,47.30060349045832,69.07161271285065,95.36097682998813,30.92838728714935,4.639023170011868,17.783705228580608,Baixa prioridade
521200,GO,Jaupaci,2939.0,2.0,6.805035726437564,10.0,34.02517863218782,96.05944369796697,68.59688950553874,3.9405563020330305,31.40311049446126,17.671833398247145,Baixa prioridade
353620,SP,Pariquera-Açu,19603.0,9.0,4.591134010100495,176.0,89.78217619752078,64.80815041715363,100.0,35.19184958284637,0.0,17.595924791423187,Baixa prioridade
313470,MG,Jacinto,11115.0,6.0,5.398110661268555,49.0,44.08457040035988,76.19938057444668,88.87725285274082,23.80061942555332,11.122747147259176,17.46168328640625,Baixa prioridade
230250,CE,Brejo Santo,54192.0,25.0,4.613227044582226,270.0,49.822852081488044,65.12001426140503,100.0,34.87998573859497,0.0,17.439992869297484,Baixa prioridade
431915,RS,São Miguel das Missões,7193.0,4.0,5.5609620464340335,31.0,43.09745585986376,78.498180183046,86.88716816293798,21.501819816953997,13.112831837062018,17.307325827008007,Baixa prioridade
421120,SC,Morro da Fumaça,19490.0,11.0,5.64391995895331,83.0,42.58594150846588,79.66920870476078,85.85592321863831,20.330791295239223,14.14407678136169,17.237434038300457,Baixa prioridade
316257,MG,São João do Manteninha,5479.0,3.0,5.475451724767294,24.0,43.80361379813835,77.29112201907054,88.31082675967662,22.708877980929458,11.689173240323385,17.19902561062642,Baixa prioridade
251650,PB,Taperoá,14358.0,9.0,6.268282490597576,55.0,38.30617077587407,88.48266977486155,77.22763758269124,11.517330225138451,22.772362417308756,17.144846321223604,Baixa prioridade
521130,GO,Itarumã,6124.0,6.0,9.797517962116265,20.0,32.65839320705422,100.0,65.84136455152789,0.0,34.15863544847211,17.079317724236056,Baixa prioridade
410855,PR,Godoy Moreira,2911.0,2.0,6.870491240123669,10.0,34.35245620061834,96.98340949100823,69.25670156536529,3.0165905089917686,30.74329843463471,16.87994447181324,Baixa prioridade
430003,RS,Aceguá,4251.0,2.0,4.704775346977182,34.0,79.9811808986121,66.41230417038932,100.0,33.58769582961068,0.0,16.79384791480534,Baixa prioridade
510820,MT,Torixoréu,4238.0,2.0,4.719207173194904,27.0,63.70929683813119,66.61602289483837,100.0,33.383977105161634,0.0,16.691988552580817,Baixa prioridade
432140,RS,Tenente Portela,14820.0,7.0,4.723346828609986,121.0,81.64642375168691,66.67445800264085,100.0,33.32554199735915,0.0,16.662770998679576,Baixa prioridade
315930,MG,Santa Rita de Jacutinga,4826.0,3.0,6.216328222130128,19.0,39.37007874015748,87.74928668514038,79.3725426207789,12.250713314859624,20.6274573792211,16.43908534704036,Baixa prioridade
430710,RS,Herval,6302.0,3.0,4.760393525864805,34.0,53.95112662646779,67.19740678236869,100.0,32.80259321763131,0.0,16.401296608815656,Baixa prioridade
510670,MT,Ponte Branca,2098.0,1.0,4.7664442326024785,17.0,81.02955195424214,67.28281816690298,100.0,32.717181833097015,0.0,16.358590916548508,Baixa prioridade
411290,PR,Jundiaí do Sul,3372.0,2.0,5.931198102016608,14.0,41.51838671411625,83.72440837138939,83.70366594290917,16.275591628610613,16.29633405709083,16.285962842850722,Baixa prioridade
522100,GO,Taquaral de Goiás,4180.0,2.0,4.784688995215311,25.0,59.80861244019139,67.54036005462319,100.0,32.45963994537681,0.0,16.229819972688404,Baixa prioridade
320360,ES,Mucurici,5653.0,5.0,8.84486113568017,19.0,33.610472315584644,100.0,67.76081561788058,0.0,32.23918438211942,16.11959219105971,Baixa prioridade
313330,MG,Itaobim,19263.0,17.0,8.825208949800135,65.0,33.74344598452993,100.0,68.02889885630792,0.0,31.97110114369208,15.98555057184604,Baixa prioridade
210735,MA,Nova Olinda do Maranhão,14379.0,8.0,5.563669239863691,64.0,44.509353918909525,78.53639475021211,89.73364301018024,21.46360524978789,10.266356989819755,15.864981119803822,Baixa prioridade
421725,SC,São Pedro de Alcântara,6175.0,3.0,4.858299595141701,108.0,174.8987854251012,68.57944251700202,100.0,31.420557482997978,0.0,15.710278741498989,Baixa prioridade
240760,RN,Messias Targino,4410.0,3.0,6.802721088435374,16.0,36.281179138321995,96.02677041779761,73.14512771220984,3.973229582202393,26.85487228779016,15.414050934996276,Baixa prioridade
261000,PE,Palmares,56475.0,32.0,5.66622399291722,250.0,44.26737494466578,79.98405100404071,89.24579825443931,20.015948995959292,10.754201745560692,15.385075370759992,Baixa prioridade
431520,RS,Putinga,3809.0,2.0,5.250721974271463,18.0,47.25649776844317,74.11885141200446,95.27205693415624,25.88114858799554,4.7279430658437605,15.30454582691965,Baixa prioridade
241445,RN,Triunfo Potiguar,3477.0,3.0,8.628127696289905,12.0,34.51251078515962,100.0,69.5793816244274,0.0,30.4206183755726,15.2103091877863,Baixa prioridade
210790,MA,Passagem Franca,17591.0,9.0,5.116252629185379,85.0,48.32016372008413,72.22069084346894,97.41647405961095,27.779309156531056,2.583525940389052,15.181417548460054,Baixa prioridade
430220,RS,Boa Vista do Buricá,7129.0,5.0,7.013606396409033,25.0,35.06803198204517,99.00361377062875,70.69934712329162,0.9963862293712538,29.300652876708384,15.148519553039819,Baixa prioridade
411600,PR,Miraselva,2017.0,1.0,4.957858205255329,10.0,49.5785820525533,69.984805411087,99.95352417291939,30.015194588913005,0.04647582708061293,15.030835207996809,Baixa prioridade
291855,BA,Jussari,6048.0,3.0,4.9603174603174605,37.0,61.17724867724868,70.01952009631076,100.0,29.980479903689243,0.0,14.990239951844622,Baixa prioridade
240050,RN,Alexandria,14058.0,7.0,4.979371176554276,112.0,79.66993882486841,70.28848112100849,100.0,29.711518878991512,0.0,14.855759439495756,Baixa prioridade
313800,MG,Laranjal,6018.0,5.0,8.308408109006315,21.0,34.89531405782652,100.0,70.35113697893563,0.0,29.648863021064372,14.824431510532186,Baixa prioridade
290240,BA,Aurelino Leal,11339.0,8.0,7.05529588147103,40.0,35.27647940735515,99.59209984242877,71.11959017789165,0.407900157571234,28.880409822108348,14.644154989839791,Baixa prioridade
261590,PE,Tuparetama,8261.0,5.0,6.052536012589274,35.0,42.367752088124924,85.43720646057528,85.41603969237674,14.562793539424717,14.583960307623258,14.573376923523988,Baixa prioridade
430950,RS,Guarani das Missões,7547.0,4.0,5.300119252683185,36.0,47.70107327414867,74.81614019566051,96.16834897633527,25.18385980433949,3.831651023664733,14.507755414002112,Baixa prioridade
421003,SC,Luzerna,5951.0,3.0,5.04116955133591,58.0,97.4626113258276,71.16082297806881,100.0,28.839177021931192,0.0,14.419588510965596,Baixa prioridade
520050,GO,Aloândia,1977.0,1.0,5.058168942842691,14.0,70.81436519979768,71.400785287892,100.0,28.599214712107994,0.0,14.299607356053997,Baixa prioridade
410870,PR,Grandes Rios,5527.0,3.0,5.427899402931065,26.0,47.04179482540257,76.61987652297583,94.83920236432492,23.38012347702417,5.160797635675081,14.270460556349626,Baixa prioridade
310650,MG,Berilo,9638.0,6.0,6.225357958082589,40.0,41.502386387217264,87.87674985318269,83.67140828253928,12.123250146817313,16.328591717460725,14.225920932139019,Baixa prioridade
410320,PR,Bom Sucesso,6674.0,4.0,5.9934072520227755,29.0,43.45220257716512,84.60254870492207,87.60235974597802,15.397451295077929,12.39764025402198,13.897545774549954,Baixa prioridade
292360,BA,Paramirim,21025.0,14.0,6.658739595719382,82.0,39.00118906064209,93.9943369892164,78.62883794081249,6.005663010783607,21.37116205918751,13.68841253498556,Baixa prioridade
351660,SP,Gália,6413.0,4.0,6.237330422579136,27.0,42.10198035240917,88.04575238681583,84.88022724049613,11.954247613184165,15.119772759503874,13.53701018634402,Baixa prioridade
240690,RN,Lucrécia,3576.0,3.0,8.389261744966444,13.0,36.35346756152125,100.0,73.29086569737468,0.0,26.709134302625316,13.354567151312658,Baixa prioridade
314670,MG,Palma,5699.0,4.0,7.018775223723461,21.0,36.848569924548165,99.07657660232496,74.28902304601414,0.9234233976750374,25.710976953985863,13.31720017583045,Baixa prioridade
431085,RS,Jaboticaba,3847.0,2.0,5.198856251624642,45.0,116.97426566155445,73.38671822935402,100.0,26.613281770645983,0.0,13.306640885322992,Baixa prioridade
520090,GO,Amorinópolis,2906.0,2.0,6.882312456985547,11.0,37.852718513420506,97.15027702282345,76.3134494433779,2.8497229771765547,23.686550556622095,13.268136766899325,Baixa prioridade
292490,BA,Planaltino,8239.0,5.0,6.068697657482705,36.0,43.69462313387547,85.66534319344731,88.091094759607,14.334656806552687,11.908905240392997,13.121781023472842,Baixa prioridade
250970,PB,Monteiro,33886.0,31.0,9.14832084046509,124.0,36.59328336186036,100.0,73.77434935914691,0.0,26.22565064085309,13.112825320426545,Baixa prioridade
110060,RO,Cacaulândia,4292.0,3.0,6.989748369058714,16.0,37.27865796831314,98.66683540132513,75.15610745825848,1.3331645986748697,24.843892541741525,13.088528570208197,Baixa prioridade
240340,RN,Equador,5461.0,4.0,7.324665812122322,20.0,36.62332906061161,100.0,73.8349233681664,0.0,26.1650766318336,13.0825383159168,Baixa prioridade
317043,MG,União de Minas,3818.0,2.0,5.238344683080147,19.0,49.764274489261396,73.94413437095992,100.0,26.055865629040085,0.0,13.027932814520042,Baixa prioridade
421840,SC,Treze de Maio,7633.0,4.0,5.240403511070353,39.0,51.09393423293594,73.97319665356346,100.0,26.026803346436537,0.0,13.013401673218269,Baixa prioridade
314190,MG,Minduri,3811.0,2.0,5.247966413014956,19.0,49.85568092364209,74.07995408772629,100.0,25.920045912273707,0.0,12.960022956136854,Baixa prioridade
421860,SC,Trombudo Central,7599.0,4.0,5.263850506645611,65.0,85.53757073299118,74.30417292494406,100.0,25.695827075055945,0.0,12.847913537527972,Baixa prioridade
431200,RS,Mariano Moro,1884.0,1.0,5.307855626326964,11.0,58.3864118895966,74.92534634509686,100.0,25.074653654903145,0.0,12.537326827451572,Baixa prioridade
211227,MA,Tufilândia,5633.0,3.0,5.325758920646192,30.0,53.25758920646192,75.17806808849411,100.0,24.821931911505885,0.0,12.410965955752943,Baixa prioridade
290420,BA,Botuporã,11427.0,10.0,8.751203290452437,43.0,37.63017414894548,100.0,75.86478607719847,0.0,24.135213922801526,12.067606961400763,Baixa prioridade
292900,BA,São Félix,11102.0,6.0,5.404431633939831,98.0,88.27238335435058,76.28860701540037,100.0,23.711392984599627,0.0,11.855696492299813,Baixa prioridade
421530,SC,Salete,7656.0,6.0,7.836990595611285,29.0,37.87878787878788,100.0,76.36600691544636,0.0,23.633993084553637,11.816996542276819,Baixa prioridade
421810,SC,Timbé do Sul,5503.0,3.0,5.451571869889151,34.0,61.78448119207705,76.95403553379747,100.0,23.045964466202534,0.0,11.522982233101267,Baixa prioridade
210467,MA,Governador Nunes Freire,23526.0,13.0,5.5258012411799715,202.0,85.86245005525801,78.00185253269201,100.0,21.998147467307987,0.0,10.999073733653994,Baixa prioridade
292690,BA,Rio do Pires,10781.0,6.0,5.565346442816065,56.0,51.943233466283274,78.5600700384913,100.0,21.439929961508696,0.0,10.719964980754348,Baixa prioridade
421960,SC,Xavantina,3583.0,2.0,5.581914596706671,21.0,58.610103265420044,78.79394502604661,100.0,21.206054973953385,0.0,10.603027486976693,Baixa prioridade
312270,MG,Dom Silvério,5355.0,3.0,5.602240896358543,35.0,65.359477124183,79.08086975583332,100.0,20.91913024416668,0.0,10.45956512208334,Baixa prioridade
330230,RJ,Laje do Muriaé,7584.0,6.0,7.911392405063291,30.0,39.55696202531646,100.0,79.74931101929525,0.0,20.25068898070475,10.125344490352376,Baixa prioridade
421710,SC,São Martinho,3520.0,2.0,5.681818181818182,20.0,56.81818181818182,80.20417756486505,100.0,19.79582243513495,0.0,9.897911217567476,Baixa prioridade
510627,MT,Novo Horizonte do Norte,3267.0,3.0,9.182736455463727,13.0,39.79185797367615,100.0,80.22287595158,0.0,19.777124048420006,9.888562024210003,Baixa prioridade
170240,TO,Arraias,10511.0,6.0,5.70830558462563,55.0,52.32613452573495,80.57807202787316,100.0,19.421927972126838,0.0,9.710963986063419,Baixa prioridade
110140,RO,Monte Negro,12168.0,9.0,7.396449704142012,49.0,40.26955950032873,100.0,81.18595212509977,0.0,18.814047874900226,9.407023937450113,Baixa prioridade
520980,GO,Hidrolina,3477.0,2.0,5.752085130859936,28.0,80.5291918320391,81.19606126785301,100.0,18.80393873214699,0.0,9.401969366073494,Baixa prioridade
410610,PR,Conselheiro Mairinck,3474.0,2.0,5.757052389176742,20.0,57.570523891767415,81.2661787646301,100.0,18.733821235369902,0.0,9.366910617684951,Baixa prioridade
412640,PR,Sertaneja,5654.0,4.0,7.074637424831978,23.0,40.67916519278387,99.86512381617437,82.01174283526534,0.13487618382562516,17.988257164734662,9.061566674280144,Baixa prioridade
251550,PB,Serra Branca,14131.0,10.0,7.076640011322623,58.0,41.04451206567122,99.89339219741169,82.74830499535169,0.10660780258831437,17.25169500464831,8.679151403618313,Baixa prioridade
350110,SP,Alto Alegre,3874.0,3.0,7.743933918430562,16.0,41.30098089829634,100.0,83.26536221240201,0.0,16.73463778759799,8.367318893798995,Baixa prioridade
241380,RN,Taboleiro Grande,2409.0,2.0,8.302200083022,10.0,41.51100041511001,100.0,83.68877470185903,0.0,16.311225298140968,8.155612649070484,Baixa prioridade
291420,BA,Irajuba,6232.0,4.0,6.418485237483953,29.0,46.534017971758665,90.60292202449452,93.81549244939944,9.397077975505482,6.184507550600557,7.79079276305302,Baixa prioridade
211172,MA,Satubinha,8821.0,6.0,6.80194989230246,39.0,44.21267429996599,96.01588426311925,89.13551833141771,3.984115736880753,10.864481668582286,7.4242987027315195,Baixa prioridade
230480,CE,Granjeiro,4955.0,3.0,6.054490413723512,25.0,50.45408678102927,85.46479466044147,100.0,14.53520533955853,0.0,7.267602669779265,Baixa prioridade
420040,SC,Água Doce,6587.0,5.0,7.590708972218005,28.0,42.507970244420825,100.0,85.69872827068156,0.0,14.301271729318444,7.150635864659222,Baixa prioridade
313890,MG,Machacalis,6556.0,4.0,6.1012812690665035,48.0,73.21537522879805,86.12529134482152,100.0,13.87470865517848,0.0,6.93735432758924,Baixa prioridade
430360,RS,Cambará do Sul,6490.0,4.0,6.163328197226503,33.0,50.847457627118644,87.00114176527734,100.0,12.998858234722661,0.0,6.4994291173613306,Baixa prioridade
314750,MG,Passabém,1609.0,1.0,6.215040397762585,18.0,111.87072715972654,87.73110783975294,100.0,12.268892160247063,0.0,6.134446080123531,Baixa prioridade
520750,GO,Estrela do Norte,3214.0,2.0,6.222775357809583,18.0,56.004978220286254,87.84029403494866,100.0,12.159705965051344,0.0,6.079852982525672,Baixa prioridade
240060,RN,Almino Afonso,4802.0,3.0,6.247396917950854,52.0,108.28821324448145,88.18785038369168,100.0,11.812149616308318,0.0,5.906074808154159,Baixa prioridade
330530,RJ,São Sebastião do Alto,7993.0,5.0,6.255473539346928,44.0,55.04816714625297,88.30185944836887,100.0,11.698140551631127,0.0,5.8490702758155635,Baixa prioridade
430330,RS,Caibaté,4795.0,3.0,6.256517205422315,31.0,64.65067778936393,88.31659177111312,100.0,11.683408228886876,0.0,5.841704114443438,Baixa prioridade
310120,MG,Aiuruoca,6389.0,4.0,6.260760682422914,36.0,56.34684614180623,88.37649241769445,100.0,11.62350758230555,0.0,5.811753791152775,Baixa prioridade
160010,AP,Amapá,8440.0,9.0,10.663507109004739,37.0,43.838862559241704,100.0,88.38189046801895,0.0,11.618109531981048,5.809054765990524,Baixa prioridade
430970,RS,Humaitá,4772.0,3.0,6.286672254819782,24.0,50.29337803855826,88.74225849591103,100.0,11.257741504088969,0.0,5.6288707520444845,Baixa prioridade
521960,GO,Santa Tereza de Goiás,3172.0,2.0,6.305170239596469,17.0,53.593947036569986,89.00337485130044,100.0,10.996625148699565,0.0,5.498312574349782,Baixa prioridade
420410,SC,Caxambu do Sul,4752.0,3.0,6.313131313131314,29.0,61.02693602693603,89.11575284985005,100.0,10.884247150149946,0.0,5.442123575074973,Baixa prioridade
210923,MA,Presidente Médici,4717.0,3.0,6.359974560101759,24.0,50.87979648081407,89.77698909105096,100.0,10.223010908949036,0.0,5.111505454474518,Baixa prioridade
241020,RN,Portalegre,7859.0,5.0,6.36213258684311,43.0,54.71434024685074,89.8074516568027,100.0,10.192548343197302,0.0,5.096274171598651,Baixa prioridade
522145,GO,Trombas,3080.0,2.0,6.4935064935064934,15.0,48.7012987012987,91.66191721698863,98.1848660341453,8.338082783011373,1.8151339658546988,5.076608374433036,Baixa prioridade
250200,PB,Belém do Brejo do Cruz,6272.0,10.0,15.943877551020408,28.0,44.64285714285714,100.0,90.0027938646332,0.0,9.997206135366795,4.998603067683398,Baixa prioridade
210970,MA,Sambaíba,6234.0,4.0,6.416426050689766,34.0,54.539621430863015,90.5738546770372,100.0,9.426145322962796,0.0,4.713072661481398,Baixa prioridade
220860,PI,Prata do Piauí,3096.0,2.0,6.459948320413437,16.0,51.679586563307495,91.18821221845121,100.0,8.811787781548787,0.0,4.405893890774394,Baixa prioridade
520660,GO,Cumari,2951.0,2.0,6.777363605557438,14.0,47.441545238902066,95.66882583135377,95.64512421534724,4.331174168646228,4.354875784652762,4.343024976649495,Baixa prioridade
330280,RJ,Mendes,18048.0,13.0,7.203014184397163,82.0,45.434397163120565,100.0,91.59858808209124,0.0,8.40141191790876,4.20070595895438,Baixa prioridade
310130,MG,Alagoa,2820.0,2.0,7.092198581560284,13.0,46.09929078014184,100.0,92.93905522475599,0.0,7.06094477524401,3.530472387622005,Baixa prioridade
241060,RN,Rafael Godeiro,3005.0,2.0,6.655574043261232,19.0,63.2279534109817,93.94965225568218,100.0,6.050347744317818,0.0,3.025173872158909,Baixa prioridade
520235,GO,Arenópolis,2904.0,2.0,6.887052341597796,14.0,48.209366391184574,97.21718492710914,97.19309971056809,2.7828150728908554,2.8069002894319084,2.794857681161382,Baixa prioridade
411130,PR,Itaúna do Sul,3607.0,4.0,11.089548100914888,17.0,47.130579428888275,100.0,95.01819768132056,0.0,4.981802318679442,2.490901159339721,Baixa prioridade
280590,SE,Riachuelo,8853.0,6.0,6.777363605557438,57.0,64.38495425279567,95.66882583135377,100.0,4.331174168646228,0.0,2.165587084323114,Baixa prioridade
431500,RS,Porto Lucena,4414.0,3.0,6.796556411418215,25.0,56.63797009515179,95.93975023617749,100.0,4.060249763822512,0.0,2.030124881911256,Baixa prioridade
520830,GO,Divinópolis de Goiás,4405.0,3.0,6.81044267877412,28.0,63.56413166855846,96.1357678870573,100.0,3.8642321129427017,0.0,1.9321160564713509,Baixa prioridade
510810,MT,Tesouro,2935.0,3.0,10.221465076660989,14.0,47.70017035775128,100.0,96.1665286403713,0.0,3.833471359628703,1.9167356798143516,Baixa prioridade
521590,GO,Palminópolis,3959.0,3.0,7.577671129072998,19.0,47.99191715079565,100.0,96.75470843341219,0.0,3.2452915665878095,1.6226457832939047,Baixa prioridade
211080,MA,São Félix de Balsas,4491.0,4.0,8.90670229347584,22.0,48.98686261411712,100.0,98.76058075371019,0.0,1.2394192462898133,0.6197096231449066,Baixa prioridade
330060,RJ,Bom Jesus do Itabapoana,37176.0,38.0,10.22164837529589,220.0,59.17796427802884,100.0,100.0,0.0,0.0,0.0,Baixa prioridade
420090,SC,Angelina,5484.0,4.0,7.293946024799417,35.0,63.82202771699489,100.0,100.0,0.0,0.0,0.0,Baixa prioridade
521410,GO,Mutunópolis,3540.0,4.0,11.299435028248588,19.0,53.67231638418079,100.0,100.0,0.0,0.0,0.0,Baixa prioridade
220960,PI,São Félix do Piauí,2879.0,4.0,13.89371309482459,20.0,69.46856547412295,100.0,100.0,0.0,0.0,0.0,Baixa prioridade
250620,PB,Frei Martinho,2911.0,3.0,10.305736860185503,18.0,61.83442116111302,100.0,100.0,0.0,0.0,0.0,Baixa prioridade
312470,MG,Estrela do Indaiá,2711.0,3.0,11.066027296200664,21.0,77.46219107340465,100.0,100.0,0.0,0.0,0.0,Baixa prioridade
432060,RS,Severiano de Almeida,3463.0,3.0,8.663008951775916,45.0,129.94513427663875,100.0,100.0,0.0,0.0,0.0,Baixa prioridade
251130,PB,Piancó,17088.0,15.0,8.77808988764045,126.0,73.73595505617978,100.0,100.0,0.0,0.0,0.0,Baixa prioridade
411727,PR,Nova Tebas,6852.0,8.0,11.675423234092236,50.0,72.97139521307648,100.0,100.0,0.0,0.0,0.0,Baixa prioridade
241490,RN,Viçosa,1900.0,2.0,10.526315789473683,15.0,78.94736842105263,100.0,100.0,0.0,0.0,0.0,Baixa prioridade
431843,RS,São João do Polêsine,2708.0,2.0,7.385524372230429,49.0,180.94534711964548,100.0,100.0,0.0,0.0,0.0,Baixa prioridade
220720,PI,Padre Marcos,6468.0,6.0,9.27643784786642,36.0,55.65862708719852,100.0,100.0,0.0,0.0,0.0,Baixa prioridade
431310,RS,Nova Palma,5676.0,5.0,8.809020436927414,38.0,66.94855532064834,100.0,100.0,0.0,0.0,0.0,Baixa prioridade
241070,RN,Riacho da Cruz,2724.0,2.0,7.342143906020557,26.0,95.44787077826724,100.0,100.0,0.0,0.0,0.0,Baixa prioridade
520710,GO,Diorama,1991.0,2.0,10.045203415369162,14.0,70.31642390758412,100.0,100.0,0.0,0.0,0.0,Baixa prioridade
520680,GO,Damolândia,2753.0,3.0,10.897203051216854,15.0,54.48601525608427,100.0,100.0,0.0,0.0,0.0,Baixa prioridade
520850,GO,Goiandira,4962.0,4.0,8.061265618702137,27.0,54.41354292623942,100.0,100.0,0.0,0.0,0.0,Baixa prioridade
241360,RN,Severiano Melo,5616.0,4.0,7.122507122507123,51.0,90.81196581196582,100.0,100.0,0.0,0.0,0.0,Baixa prioridade
312210,MG,Divino das Laranjeiras,4147.0,3.0,7.2341451651796485,21.0,50.63901615625753,100.0,100.0,0.0,0.0,0.0,Baixa prioridade
290950,BA,Cravolândia,4491.0,5.0,11.1333778668448,24.0,53.440213760855045,100.0,100.0,0.0,0.0,0.0,Baixa prioridade
220180,PI,Bocaina,4118.0,4.0,9.713453132588635,21.0,50.995628946090335,100.0,100.0,0.0,0.0,0.0,Baixa prioridade
160005,AP,Serra do Navio,5003.0,7.0,13.991605036977814,30.0,59.964021587047775,100.0,100.0,0.0,0.0,0.0,Baixa prioridade
